Category,sport_code,name,venue_code,start_date,end_date
Women's Preliminary Round Group B,HBL,Handball,SP,25/7/2024 11:00,25/7/2024 12:30
Mixed Doubles Group Play Stage - Grp B,BDM,Badminton,CPL,27/7/2024 8:30,27/7/2024 9:10
Men -60 kg Elimination Round of 32,JUD,Judo,CDM,27/7/2024 10:00,27/7/2024 10:06
Women -48 kg Elimination Round of 32,JUD,Judo,CDM,27/7/2024 10:54,27/7/2024 11:00
Men's Qualification,GAR,Artistic Gymnastics,BCY,27/7/2024 11:00,27/7/2024 13:33
Men's 100m Breaststroke - Heats,SWM,Swimming,DEF,27/7/2024 11:30,27/7/2024 11:44
Women's Épée Individual Table of 32,FEN,Fencing,GRP,27/7/2024 11:40,27/7/2024 12:05
Women's Épée Individual Table of 32,FEN,Fencing,GRP,27/7/2024 11:40,27/7/2024 12:05
Women -48 kg Elimination Round of 16,JUD,Judo,CDM,27/7/2024 12:00,27/7/2024 12:06
Men's Singles First Round,TEN,Tennis,RGA,27/7/2024 12:00,27/7/2024 15:00
Women's Singles First Round,TEN,Tennis,RGA,27/7/2024 12:00,27/7/2024 16:30
Men's Singles First Round,TEN,Tennis,RGA,27/7/2024 12:00,27/7/2024 18:00
Men -60 kg Quarterfinals,JUD,Judo,CDM,27/7/2024 12:00,27/7/2024 12:06
Women's Épée Individual Table of 32,FEN,Fencing,GRP,27/7/2024 12:05,27/7/2024 12:30
Women's Épée Individual Table of 32,FEN,Fencing,GRP,27/7/2024 12:05,27/7/2024 12:30
Men's Sabre Individual Table of 32,FEN,Fencing,GRP,27/7/2024 12:30,27/7/2024 12:55
Men's Sabre Individual Table of 32,FEN,Fencing,GRP,27/7/2024 12:55,27/7/2024 13:20
Women's Doubles Group Play Stage - Grp B,BDM,Badminton,CPL,27/7/2024 14:00,27/7/2024 14:40
Men's Doubles Group Play Stage - Grp C,BDM,Badminton,CPL,27/7/2024 14:50,27/7/2024 15:30
Men's Placing 5-8,RU7,Rugby Sevens,STA,27/7/2024 15:00,27/7/2024 15:16
Men's Group C,FBL,Football,BOR,27/7/2024 15:00,27/7/2024 16:45
Men's Sabre Individual Table of 16,FEN,Fencing,GRP,27/7/2024 15:25,27/7/2024 15:50
Mixed Doubles Group Play Stage - Grp A,BDM,Badminton,CPL,27/7/2024 15:40,27/7/2024 16:20
Women's Épée Individual Table of 8,FEN,Fencing,GRP,27/7/2024 15:50,27/7/2024 16:15
Men's Semi-finals,RU7,Rugby Sevens,STA,27/7/2024 16:00,27/7/2024 16:16
Men's Preliminary Round Group B,HBL,Handball,SP,27/7/2024 16:00,27/7/2024 17:30
Men's Sabre Individual Table of 8,FEN,Fencing,GRP,27/7/2024 16:15,27/7/2024 16:40
Women's 60kg - Prelims - Round of 32,BOX,Boxing,NPA,27/7/2024 16:34,27/7/2024 16:45
Men's Preliminary Round - Pool B,VVO,Volleyball,SP,27/7/2024 17:00,27/7/2024 19:15
Mixed Doubles Round of 16,TTE,Table Tennis,SP,27/7/2024 17:15,27/7/2024 18:00
Women's Singles Group Play Stage - Grp C,BDM,Badminton,CPL,27/7/2024 19:30,27/7/2024 20:10
Women's 54kg - Prelims - Round of 32,BOX,Boxing,NPA,27/7/2024 20:16,27/7/2024 20:27
Women's 54kg - Prelims - Round of 32,BOX,Boxing,NPA,27/7/2024 20:32,27/7/2024 20:43
Women's Épée Individual Finals,FEN,Fencing,GRP,27/7/2024 21:30,27/7/2024 21:55
Men's Round 1,SRF,Surfing,TAH,27/7/2024 23:12,27/7/2024 23:42
Women's Single Sculls Repechages,ROW,Rowing,VN,28/7/2024 9:00,28/7/2024 9:31
Men's Doubles Group Play Stage - Grp A,BDM,Badminton,CPL,28/7/2024 9:20,28/7/2024 10:00
Men -66 kg Elimination Round of 32,JUD,Judo,CDM,28/7/2024 10:06,28/7/2024 10:12
Women -52 kg Elimination Round of 32,JUD,Judo,CDM,28/7/2024 10:18,28/7/2024 10:24
Women's Foil Individual Table of 32,FEN,Fencing,GRP,28/7/2024 10:25,28/7/2024 10:55
Women -52 kg Elimination Round of 32,JUD,Judo,CDM,28/7/2024 10:30,28/7/2024 10:36
Women's Singles Round of 64,TTE,Table Tennis,SP,28/7/2024 10:45,28/7/2024 11:30
Men's Singles Round of 64,TTE,Table Tennis,SP,28/7/2024 10:45,28/7/2024 11:30
Women's Preliminary Round Group A,HBL,Handball,SP,28/7/2024 11:00,28/7/2024 12:30
Women's Foil Individual Table of 32,FEN,Fencing,GRP,28/7/2024 11:25,28/7/2024 11:55
Men's Singles First Round,TEN,Tennis,RGA,28/7/2024 12:00,28/7/2024 13:30
Women -52 kg Quarterfinals,JUD,Judo,CDM,28/7/2024 12:00,28/7/2024 12:06
Men's Doubles First Round,TEN,Tennis,RGA,28/7/2024 12:00,28/7/2024 21:00
Women's Singles First Round,TEN,Tennis,RGA,28/7/2024 12:00,28/7/2024 13:30
Men's Singles First Round,TEN,Tennis,RGA,28/7/2024 12:00,28/7/2024 16:30
Men's Singles First Round,TEN,Tennis,RGA,28/7/2024 12:00,28/7/2024 18:00
Women's Singles First Round,TEN,Tennis,RGA,28/7/2024 12:00,28/7/2024 19:30
Women's Four Heats,ROW,Rowing,VN,28/7/2024 12:30,28/7/2024 12:47
Women's Pool B,HOC,Hockey,YDM,28/7/2024 12:45,28/7/2024 14:15
Men's Épée Individual Table of 32,FEN,Fencing,GRP,28/7/2024 13:15,28/7/2024 13:40
Men's Épée Individual Table of 32,FEN,Fencing,GRP,28/7/2024 13:40,28/7/2024 14:05
Men's Doubles Group Play Stage - Grp B,BDM,Badminton,CPL,28/7/2024 14:00,28/7/2024 14:40
Women's Foil Individual Table of 16,FEN,Fencing,GRP,28/7/2024 14:05,28/7/2024 14:35
Women's Foil Individual Table of 16,FEN,Fencing,GRP,28/7/2024 14:35,28/7/2024 15:05
Women's Singles Group Play Stage - Grp P,BDM,Badminton,CPL,28/7/2024 14:50,28/7/2024 15:30
Mixed Doubles Group Play Stage - Grp A,BDM,Badminton,CPL,28/7/2024 14:50,28/7/2024 15:30
Men's 57kg - Prelims - Round of 32,BOX,Boxing,NPA,28/7/2024 15:30,28/7/2024 15:41
Men -66 kg Semifinals,JUD,Judo,CDM,28/7/2024 16:12,28/7/2024 16:18
Men -66 kg Contests for Bronze Medals,JUD,Judo,CDM,28/7/2024 16:54,28/7/2024 17:00
Women -52 kg Contests for Bronze Medals,JUD,Judo,CDM,28/7/2024 17:12,28/7/2024 17:18
Women's Pool A,RU7,Rugby Sevens,STA,28/7/2024 17:30,28/7/2024 17:46
Women's Singles First Round,TEN,Tennis,RGA,28/7/2024 19:00,28/7/2024 20:30
Women's Round 2,SRF,Surfing,TAH,28/7/2024 19:00,28/7/2024 19:30
Women's Doubles Group Play Stage - Grp B,BDM,Badminton,CPL,28/7/2024 20:20,28/7/2024 21:00
Women's Preliminary Round Group B,HBL,Handball,SP,28/7/2024 21:00,28/7/2024 22:30
Mixed Doubles Group Play Stage - Grp C,BDM,Badminton,CPL,28/7/2024 21:10,28/7/2024 23:00
Women's Pool A,RU7,Rugby Sevens,STA,28/7/2024 21:30,28/7/2024 21:46
Women's Singles Group Play Stage - Grp N,BDM,Badminton,CPL,29/7/2024 8:30,29/7/2024 9:10
Men's Singles Group Play Stage - Grp C,BDM,Badminton,CPL,29/7/2024 9:20,29/7/2024 10:00
Men's Pool B,HOC,Hockey,YDM,29/7/2024 10:00,29/7/2024 11:30
Women -57 kg Elimination Round of 32,JUD,Judo,CDM,29/7/2024 10:12,29/7/2024 10:18
Men's Team 1/8 Elimination Round,ARC,Archery,INV,29/7/2024 10:16,29/7/2024 10:39
Women's Sabre Individual Table of 32,FEN,Fencing,GRP,29/7/2024 10:25,29/7/2024 10:50
Women's Pair Repechages,ROW,Rowing,VN,29/7/2024 10:30,29/7/2024 10:37
Women's Sabre Individual Table of 32,FEN,Fencing,GRP,29/7/2024 10:50,29/7/2024 11:15
Women's 60kg - Prelims - Round of 16,BOX,Boxing,NPA,29/7/2024 11:00,29/7/2024 11:11
Men's Singles Round of 64,TTE,Table Tennis,SP,29/7/2024 11:00,29/7/2024 12:00
Women's Sabre Individual Table of 32,FEN,Fencing,GRP,29/7/2024 11:15,29/7/2024 11:40
Women's Sabre Individual Table of 32,FEN,Fencing,GRP,29/7/2024 11:40,29/7/2024 12:05
Men -73 kg Elimination Round of 16,JUD,Judo,CDM,29/7/2024 11:54,29/7/2024 12:00
Mixed Doubles First Round,TEN,Tennis,RGA,29/7/2024 12:00,29/7/2024 19:30
Men's Singles Round of 64,TTE,Table Tennis,SP,29/7/2024 12:00,29/7/2024 13:00
Women's Doubles First Round,TEN,Tennis,RGA,29/7/2024 12:00,29/7/2024 18:00
Women's Doubles First Round,TEN,Tennis,RGA,29/7/2024 12:00,29/7/2024 16:30
Men's 63.5kg - Prelims - Round of 16,BOX,Boxing,NPA,29/7/2024 12:04,29/7/2024 12:15
Men's Foil Individual Table of 32,FEN,Fencing,GRP,29/7/2024 12:05,29/7/2024 12:35
Men's Foil Individual Table of 32,FEN,Fencing,GRP,29/7/2024 12:05,29/7/2024 12:35
Men -73 kg Quarterfinals,JUD,Judo,CDM,29/7/2024 12:12,29/7/2024 12:18
Men's Foil Individual Table of 32,FEN,Fencing,GRP,29/7/2024 12:35,29/7/2024 13:05
Women's Singles Group Play Stage - Grp H,BDM,Badminton,CPL,29/7/2024 14:00,29/7/2024 14:40
Eventing Individual Jumping,EQU,Equestrian,VER,29/7/2024 15:00,29/7/2024 16:00
Men's Team Semifinals,ARC,Archery,INV,29/7/2024 15:47,29/7/2024 16:10
Men's Preliminary Round Group A,HBL,Handball,SP,29/7/2024 16:00,29/7/2024 17:30
Women's Pool A,RU7,Rugby Sevens,STA,29/7/2024 16:00,29/7/2024 16:16
Mixed Doubles Semifinals,TTE,Table Tennis,SP,29/7/2024 16:00,29/7/2024 17:00
Men's Foil Individual Table of 8,FEN,Fencing,GRP,29/7/2024 16:20,29/7/2024 16:50
Women's Preliminary - Pool D - Matches,VBV,Beach Volleyball,EIF,29/7/2024 17:00,29/7/2024 17:50
Men's Doubles First Round,TEN,Tennis,RGA,29/7/2024 17:00,29/7/2024 18:30
Women's Sabre Individual Semifinals,FEN,Fencing,GRP,29/7/2024 19:00,29/7/2024 19:25
Men's Round 3,SRF,Surfing,TAH,29/7/2024 19:36,29/7/2024 20:06
Men's Singles Round of 32,TTE,Table Tennis,SP,29/7/2024 20:00,29/7/2024 21:00
Women's Preliminary Round - Group A,WPO,Water Polo,AQC,29/7/2024 20:05,29/7/2024 21:30
Women's 60kg - Prelims - Round of 16,BOX,Boxing,NPA,29/7/2024 20:16,29/7/2024 20:27
Men's 63.5kg - Prelims - Round of 16,BOX,Boxing,NPA,29/7/2024 20:48,29/7/2024 20:59
Men's Singles Round of 32,TTE,Table Tennis,SP,29/7/2024 21:00,29/7/2024 22:00
Women's Singles Round of 32,TTE,Table Tennis,SP,29/7/2024 21:00,29/7/2024 22:00
Men's +92kg - Prelims - Round of 16,BOX,Boxing,NPA,29/7/2024 21:20,29/7/2024 21:31
Men's Round 3,SRF,Surfing,TAH,29/7/2024 22:36,29/7/2024 23:06
Trap Women's Qualification,SHO,Shooting,CTX,30/7/2024 9:00,30/7/2024 14:00
Women's Doubles Group Play Stage - Grp A,BDM,Badminton,CPL,30/7/2024 9:20,30/7/2024 10:00
10m Air Pistol Mixed Team Final,SHO,Shooting,CTX,30/7/2024 9:30,30/7/2024 9:50
Men -81 kg Elimination Round of 64,JUD,Judo,CDM,30/7/2024 10:00,30/7/2024 10:06
Men -81 kg Elimination Round of 32,JUD,Judo,CDM,30/7/2024 10:24,30/7/2024 10:30
Men -81 kg Elimination Round of 32,JUD,Judo,CDM,30/7/2024 10:30,30/7/2024 10:36
Women -63 kg Elimination Round of 32,JUD,Judo,CDM,30/7/2024 10:48,30/7/2024 10:54
Men's Group Phase - Group A,BKB,Basketball,LIL,30/7/2024 11:00,30/7/2024 12:45
Men's Singles Round of 32,TTE,Table Tennis,SP,30/7/2024 11:00,30/7/2024 12:00
Men's 51kg - Prelims - Round of 16,BOX,Boxing,NPA,30/7/2024 11:16,30/7/2024 11:27
Men -81 kg Elimination Round of 16,JUD,Judo,CDM,30/7/2024 11:54,30/7/2024 12:00
Women's Singles Third Round,TEN,Tennis,RGA,30/7/2024 12:00,30/7/2024 13:30
Men's Preliminary - Pool D - Matches,VBV,Beach Volleyball,EIF,30/7/2024 12:00,30/7/2024 12:50
Women's Singles Third Round,TEN,Tennis,RGA,30/7/2024 12:00,30/7/2024 15:00
Women's Doubles First Round,TEN,Tennis,RGA,30/7/2024 12:00,30/7/2024 19:30
Women -63 kg Quarterfinals,JUD,Judo,CDM,30/7/2024 12:06,30/7/2024 12:12
Men -81 kg Elimination Round of 16,JUD,Judo,CDM,30/7/2024 12:06,30/7/2024 12:12
Women -63 kg Quarterfinals,JUD,Judo,CDM,30/7/2024 12:12,30/7/2024 12:18
Men -81 kg Elimination Round of 16,JUD,Judo,CDM,30/7/2024 12:12,30/7/2024 12:18
Men -81 kg Quarterfinals,JUD,Judo,CDM,30/7/2024 12:30,30/7/2024 12:36
Men -81 kg Quarterfinals,JUD,Judo,CDM,30/7/2024 12:48,30/7/2024 12:54
Men's Singles Second Round,TEN,Tennis,RGA,30/7/2024 13:00,30/7/2024 14:30
Mixed Doubles First Round,TEN,Tennis,RGA,30/7/2024 13:00,30/7/2024 20:30
Women's Windsurfing Opening Series,SAL,Sailing,MAM,30/7/2024 13:04,30/7/2024 13:25
Women's 57kg - Prelims - Round of 32,BOX,Boxing,NPA,30/7/2024 13:24,30/7/2024 13:35
Men's Individual 1/32 Elimination Round,ARC,Archery,INV,30/7/2024 13:31,30/7/2024 13:44
Women's Preliminary Round Group B,HBL,Handball,SP,30/7/2024 14:00,30/7/2024 15:30
Women's Individual 1/16 Elimination Rnd,ARC,Archery,INV,30/7/2024 14:23,30/7/2024 14:36
Women's Épée Team Classifications 5-8,FEN,Fencing,GRP,30/7/2024 15:00,30/7/2024 15:50
Women's Épée Team Classifications 5-8,FEN,Fencing,GRP,30/7/2024 15:00,30/7/2024 15:50
Women's Individual 1/16 Elimination Rnd,ARC,Archery,INV,30/7/2024 15:41,30/7/2024 15:54
Men -81 kg Repechage,JUD,Judo,CDM,30/7/2024 16:00,30/7/2024 16:06
Men -81 kg Semifinals,JUD,Judo,CDM,30/7/2024 16:18,30/7/2024 16:24
Men's 80kg - Prelims - Round of 16,BOX,Boxing,NPA,30/7/2024 16:34,30/7/2024 16:45
Women -63 kg Semifinals,JUD,Judo,CDM,30/7/2024 16:42,30/7/2024 16:48
Men -81 kg Contests for Bronze Medals,JUD,Judo,CDM,30/7/2024 16:54,30/7/2024 17:00
Men's Preliminary Round - Pool A,VVO,Volleyball,SP,30/7/2024 17:00,30/7/2024 19:15
Men's Individual 1/32 Elimination Round,ARC,Archery,INV,30/7/2024 17:45,30/7/2024 17:58
Men's Individual 1/32 Elimination Round,ARC,Archery,INV,30/7/2024 17:58,30/7/2024 18:11
Men's Pool Round,BK3,3x3 Basketball,LC,30/7/2024 18:35,30/7/2024 19:00
Women's Singles Group Play Stage - Grp N,BDM,Badminton,CPL,30/7/2024 19:30,30/7/2024 20:10
Women's Finals,RU7,Rugby Sevens,STA,30/7/2024 19:45,30/7/2024 20:01
Men's 51kg - Prelims - Round of 16,BOX,Boxing,NPA,30/7/2024 20:16,30/7/2024 20:27
Men's Doubles Group Play Stage - Grp B,BDM,Badminton,CPL,30/7/2024 21:10,30/7/2024 22:10
Women's Singles Group Play Stage - Grp C,BDM,Badminton,CPL,31/7/2024 8:30,31/7/2024 9:10
Women's Pool B,HOC,Hockey,YDM,31/7/2024 10:00,31/7/2024 11:30
Women -70 kg Elimination Round of 32,JUD,Judo,CDM,31/7/2024 10:06,31/7/2024 10:12
Men -90 kg Elimination Round of 32,JUD,Judo,CDM,31/7/2024 10:30,31/7/2024 10:36
Women -70 kg Elimination Round of 16,JUD,Judo,CDM,31/7/2024 10:48,31/7/2024 10:54
Men -90 kg Elimination Round of 32,JUD,Judo,CDM,31/7/2024 11:12,31/7/2024 11:18
Men -90 kg Elimination Round of 16,JUD,Judo,CDM,31/7/2024 11:24,31/7/2024 11:30
Mixed Doubles Quarter-finals,TEN,Tennis,RGA,31/7/2024 12:00,31/7/2024 19:30
Women's Preliminary - Pool D - Matches,VBV,Beach Volleyball,EIF,31/7/2024 12:00,31/7/2024 12:50
Women's 75kg - Prelims - Round of 16,BOX,Boxing,NPA,31/7/2024 12:04,31/7/2024 12:15
Women's Quad. Sculls Finals,ROW,Rowing,VN,31/7/2024 12:14,31/7/2024 12:21
Women's Doubles Second Round,TEN,Tennis,RGA,31/7/2024 13:00,31/7/2024 16:00
Men's Preliminary Round Group A,HBL,Handball,SP,31/7/2024 14:00,31/7/2024 15:30
Men's Skiff Opening Series,SAL,Sailing,MAM,31/7/2024 14:15,31/7/2024 14:50
Men's Sabre Team Semifinals,FEN,Fencing,GRP,31/7/2024 15:50,31/7/2024 16:40
Men's 71kg - Prelims - Round of 16,BOX,Boxing,NPA,31/7/2024 16:18,31/7/2024 16:29
Men's Singles Group Play Stage - Grp H,BDM,Badminton,CPL,31/7/2024 16:30,31/7/2024 17:10
Men's Singles Group Play Stage - Grp E,BDM,Badminton,CPL,31/7/2024 16:30,31/7/2024 17:10
Men's Singles Group Play Stage - Grp J,BDM,Badminton,CPL,31/7/2024 16:30,31/7/2024 17:10
Men's 71kg - Prelims - Round of 16,BOX,Boxing,NPA,31/7/2024 16:50,31/7/2024 17:01
Women's Singles Round of 16,TTE,Table Tennis,SP,31/7/2024 17:00,31/7/2024 18:00
Men's Pool Round,BK3,3x3 Basketball,LC,31/7/2024 18:35,31/7/2024 19:00
Women's Singles Round of 16,TTE,Table Tennis,SP,31/7/2024 20:00,31/7/2024 21:00
Women's 200m Butterfly Semifinals,SWM,Swimming,DEF,31/7/2024 20:45,31/7/2024 21:01
Women's Singles Round of 16,TTE,Table Tennis,SP,31/7/2024 21:00,31/7/2024 22:00
Women's Group A,FBL,Football,NIC,31/7/2024 21:00,31/7/2024 22:45
50m Rifle 3 Positions Men's Final,SHO,Shooting,CTX,1/8/2024 9:30,1/8/2024 10:30
Women's Doubles Quarterfinals,BDM,Badminton,CPL,1/8/2024 9:40,1/8/2024 11:00
Women -78 kg Elimination Round of 32,JUD,Judo,CDM,1/8/2024 10:24,1/8/2024 10:30
Men -100 kg Elimination Round of 32,JUD,Judo,CDM,1/8/2024 10:48,1/8/2024 10:54
Women -78 kg Elimination Round of 16,JUD,Judo,CDM,1/8/2024 11:12,1/8/2024 11:18
Women's Individual 1/32 Elimination Rnd,ARC,Archery,INV,1/8/2024 11:14,1/8/2024 11:27
Men's 50m Freestyle - Heats,SWM,Swimming,DEF,1/8/2024 11:18,1/8/2024 11:45
Men -100 kg Elimination Round of 16,JUD,Judo,CDM,1/8/2024 11:24,1/8/2024 11:30
Women -78 kg Quarterfinals,JUD,Judo,CDM,1/8/2024 11:36,1/8/2024 11:42
Women's Doubles Quarter-finals,TEN,Tennis,RGA,1/8/2024 12:00,1/8/2024 13:30
Men's Windsurfing Opening Series,SAL,Sailing,MAM,1/8/2024 12:03,1/8/2024 12:24
Women's Pool Round,BK3,3x3 Basketball,LC,1/8/2024 13:00,1/8/2024 13:25
Women's Foil Team Classifications 5-8,FEN,Fencing,GRP,1/8/2024 13:40,1/8/2024 14:50
Men's Singles Round of 16,BDM,Badminton,CPL,1/8/2024 14:10,1/8/2024 15:00
Men's 63.5kg - Quarterfinals,BOX,Boxing,NPA,1/8/2024 17:38,1/8/2024 17:49
Women's Individual 1/16 Elimination Rnd,ARC,Archery,INV,1/8/2024 17:53,1/8/2024 18:06
Women's Windsurfing Opening Series,SAL,Sailing,MAM,1/8/2024 18:09,1/8/2024 18:30
Men's Individual 1/16 Elimination Round,ARC,Archery,INV,1/8/2024 18:58,1/8/2024 19:11
Women's Foil Team Finals,FEN,Fencing,GRP,1/8/2024 19:10,1/8/2024 20:20
Women's 50kg - Prelims - Round of 16,BOX,Boxing,NPA,1/8/2024 20:00,1/8/2024 20:11
Men's Windsurfing Opening Series,SAL,Sailing,MAM,1/8/2024 20:01,1/8/2024 20:22
Women's 4 x 200m Freestyle Relay Final,SWM,Swimming,DEF,1/8/2024 22:03,1/8/2024 22:17
"Women, Last Chance Race",BMX,Cycling BMX Racing,VE2,1/8/2024 22:15,1/8/2024 22:20
Women's Round 3,SRF,Surfing,TAH,1/8/2024 23:12,1/8/2024 23:42
Men's Preliminary Round - Pool C,VVO,Volleyball,SP,2/8/2024 9:00,2/8/2024 11:15
Women's Singles Semifinals,TTE,Table Tennis,SP,2/8/2024 10:00,2/8/2024 11:00
Men's Pool Round,BK3,3x3 Basketball,LC,2/8/2024 10:05,2/8/2024 10:30
Women +78 kg Elimination Round of 16,JUD,Judo,CDM,2/8/2024 11:06,2/8/2024 11:12
Women +78 kg Elimination Round of 16,JUD,Judo,CDM,2/8/2024 11:12,2/8/2024 11:18
Men +100 kg Elimination Round of 16,JUD,Judo,CDM,2/8/2024 11:18,2/8/2024 11:24
Men +100 kg Quarterfinals,JUD,Judo,CDM,2/8/2024 11:36,2/8/2024 11:42
Mixed Team 1/8 Elimination Round,ARC,Archery,INV,2/8/2024 11:43,2/8/2024 12:02
Women +78 kg Quarterfinals,JUD,Judo,CDM,2/8/2024 11:48,2/8/2024 11:54
Men's Dinghy Opening Series,SAL,Sailing,MAM,2/8/2024 12:20,2/8/2024 13:11
Men's Dinghy Opening Series,SAL,Sailing,MAM,2/8/2024 13:30,2/8/2024 14:21
Men's Épée Team Table of 8,FEN,Fencing,GRP,2/8/2024 13:30,2/8/2024 14:20
Men's Group Phase - Group A,BKB,Basketball,LIL,2/8/2024 13:30,2/8/2024 15:15
Women's Singles Finals,TEN,Tennis,RGA,2/8/2024 13:30,2/8/2024 16:30
Mixed Team Quarterfinals,ARC,Archery,INV,2/8/2024 14:15,2/8/2024 14:34
Men's Quarter-finals,FBL,Football,PDP,2/8/2024 15:00,2/8/2024 16:45
Men's Épée Team Semifinals,FEN,Fencing,GRP,2/8/2024 15:50,2/8/2024 16:40
Women +78 kg Contests for Bronze Medals,JUD,Judo,CDM,2/8/2024 16:54,2/8/2024 17:00
Men's Quarter-finals,FBL,Football,LYO,2/8/2024 17:00,2/8/2024 18:45
Men's Pool B,HOC,Hockey,YDM,2/8/2024 17:00,2/8/2024 18:30
Men's 80kg - Quarterfinals,BOX,Boxing,NPA,2/8/2024 17:22,2/8/2024 17:33
Women's Pool Round,BK3,3x3 Basketball,LC,2/8/2024 18:00,2/8/2024 18:25
Women's 57kg - Prelims - Round of 16,BOX,Boxing,NPA,2/8/2024 20:16,2/8/2024 20:27
Men's 100m Butterfly Semifinals,SWM,Swimming,DEF,2/8/2024 21:05,2/8/2024 21:19
Mixed Team Elimination Round of 32,JUD,Judo,CDM,3/8/2024 8:00,3/8/2024 8:10
Men's Preliminary - Pool C - Matches,VBV,Beach Volleyball,EIF,3/8/2024 9:00,3/8/2024 9:50
Mixed Team Elimination Round of 16,JUD,Judo,CDM,3/8/2024 10:06,3/8/2024 10:28
Men's Pole Vault Qualification,ATH,Athletics,STA,3/8/2024 10:10,3/8/2024 12:30
25m Rapid Fire Pistol Men's Training,SHO,Shooting,CTX,3/8/2024 11:00,3/8/2024 16:00
Men's Road Race,CRD,Cycling Road,TRO,3/8/2024 11:00,3/8/2024 17:50
Men's Decathlon Discus Throw,ATH,Athletics,STA,3/8/2024 12:05,3/8/2024 12:41
Men's Preliminary Round - Group A,WPO,Water Polo,AQC,3/8/2024 12:05,3/8/2024 13:30
Women's Windsurfing Quarterfinal,SAL,Sailing,MAM,3/8/2024 12:13,3/8/2024 12:18
Women's Sabre Team Table of 8,FEN,Fencing,GRP,3/8/2024 13:00,3/8/2024 13:50
Men's Windsurfing Semifinal,SAL,Sailing,MAM,3/8/2024 13:18,3/8/2024 13:23
Women's Singles Finals,TTE,Table Tennis,SP,3/8/2024 13:30,3/8/2024 14:30
Women's Singles Finals,TTE,Table Tennis,SP,3/8/2024 14:30,3/8/2024 15:30
Men's 71kg - Quarterfinals,BOX,Boxing,NPA,3/8/2024 16:02,3/8/2024 16:13
Women's Vault Final,GAR,Artistic Gymnastics,BCY,3/8/2024 16:20,3/8/2024 17:02
Men's lucky loser,VBV,Beach Volleyball,EIF,3/8/2024 18:00,3/8/2024 18:50
Women's Triple Jump Final,ATH,Athletics,STA,3/8/2024 20:20,3/8/2024 21:37
Women's lucky loser,VBV,Beach Volleyball,EIF,3/8/2024 21:00,3/8/2024 21:50
Men's Group Phase - Group C,BKB,Basketball,LIL,3/8/2024 21:00,3/8/2024 22:45
Men's Preliminary Round - Group A,WPO,Water Polo,AQC,3/8/2024 21:05,3/8/2024 22:30
Women's lucky loser,VBV,Beach Volleyball,EIF,3/8/2024 22:00,3/8/2024 22:50
Women's Singles Semifinals,BDM,Badminton,CPL,4/8/2024 9:40,4/8/2024 10:40
Women's Group Phase - Group C,BKB,Basketball,LIL,4/8/2024 11:00,4/8/2024 12:45
Women's Doubles Finals,TEN,Tennis,RGA,4/8/2024 12:00,4/8/2024 16:30
Men's Round of 16,VBV,Beach Volleyball,EIF,4/8/2024 13:00,4/8/2024 13:50
Women's Road Race,CRD,Cycling Road,TRO,4/8/2024 14:00,4/8/2024 18:24
Men's Round of 16,VBV,Beach Volleyball,EIF,4/8/2024 14:00,4/8/2024 14:50
Men's Doubles Finals,BDM,Badminton,CPL,4/8/2024 15:00,4/8/2024 16:00
Mixed Multihull Opening Series,SAL,Sailing,MAM,4/8/2024 15:45,4/8/2024 16:20
Women's 57kg - Quarterfinals,BOX,Boxing,NPA,4/8/2024 15:46,4/8/2024 15:57
Men's Foil Team Finals,FEN,Fencing,GRP,4/8/2024 16:00,4/8/2024 17:10
Women's Round of 16,VBV,Beach Volleyball,EIF,4/8/2024 17:00,4/8/2024 17:50
Men's Quarter-finals,HOC,Hockey,YDM,4/8/2024 20:00,4/8/2024 21:45
Men's Preliminary Round Group A,HBL,Handball,SP,4/8/2024 21:00,4/8/2024 22:30
Women's Round of 16,VBV,Beach Volleyball,EIF,5/8/2024 9:00,5/8/2024 9:50
Men's Round of 16,VBV,Beach Volleyball,EIF,5/8/2024 10:00,5/8/2024 10:50
Women's Dinghy Opening Series,SAL,Sailing,MAM,5/8/2024 12:15,5/8/2024 13:06
Women's 200m Repechage Round,ATH,Athletics,STA,5/8/2024 12:50,5/8/2024 13:15
Women's Speed Qualification,CLB,Sport Climbing,LBO,5/8/2024 13:00,5/8/2024 13:25
Women's Round of 16,VBV,Beach Volleyball,EIF,5/8/2024 13:00,5/8/2024 13:50
Men's Round of 16,VBV,Beach Volleyball,EIF,5/8/2024 14:00,5/8/2024 14:50
MGR 130kg 1/8 Finals,WRE,Wrestling,CDM,5/8/2024 15:42,5/8/2024 15:49
MGR 130kg 1/8 Finals,WRE,Wrestling,CDM,5/8/2024 15:49,5/8/2024 15:56
Men's Kayak Cross Quarterfinal,CSL,Canoe Slalom,VN,5/8/2024 15:52,5/8/2024 16:12
MGR 60kg 1/4 Finals,WRE,Wrestling,CDM,5/8/2024 16:03,5/8/2024 16:10
WFS 68kg 1/4 Finals,WRE,Wrestling,CDM,5/8/2024 16:03,5/8/2024 16:10
Women's Kayak Cross Semifinal,CSL,Canoe Slalom,VN,5/8/2024 16:15,5/8/2024 16:25
Men's Preliminary Round - Group A,WPO,Water Polo,DEF,5/8/2024 18:30,5/8/2024 19:55
Women's Semifinals,BK3,3x3 Basketball,LC,5/8/2024 18:30,5/8/2024 18:55
Men's 200m Round 1,ATH,Athletics,STA,5/8/2024 19:55,5/8/2024 20:31
Women's Team Round of 16,TTE,Table Tennis,SP,5/8/2024 20:00,5/8/2024 23:00
Men's Finals,SRF,Surfing,TAH,6/8/2024 0:54,6/8/2024 1:29
Jumping Individual Finals,EQU,Equestrian,VER,6/8/2024 10:00,6/8/2024 11:21
MGR 97kg 1/8 Finals,WRE,Wrestling,CDM,6/8/2024 11:28,6/8/2024 11:35
MGR 97kg 1/8 Finals,WRE,Wrestling,CDM,6/8/2024 11:49,6/8/2024 11:56
Men's Javelin Throw Qualification,ATH,Athletics,STA,6/8/2024 11:50,6/8/2024 12:46
Men's 400m Hurdles Repechage Round,ATH,Athletics,STA,6/8/2024 12:00,6/8/2024 12:17
MGR 97kg 1/4 Finals,WRE,Wrestling,CDM,6/8/2024 12:31,6/8/2024 12:38
MGR 77kg 1/4 Finals,WRE,Wrestling,CDM,6/8/2024 12:31,6/8/2024 12:38
Men's Team Quarterfinals,TTE,Table Tennis,SP,6/8/2024 15:00,6/8/2024 18:00
Men's Quarterfinals,BKB,Basketball,BCY,6/8/2024 18:00,6/8/2024 19:45
MGR 77kg Semifinals,WRE,Wrestling,CDM,6/8/2024 18:22,6/8/2024 18:29
Men's Semi-finals,HOC,Hockey,YDM,6/8/2024 19:00,6/8/2024 20:45
MGR 130kg Bronze Medal Matches,WRE,Wrestling,CDM,6/8/2024 19:18,6/8/2024 19:25
MGR 130kg Bronze Medal Matches,WRE,Wrestling,CDM,6/8/2024 19:25,6/8/2024 19:32
"Men's Team Sprint, Finals",CTR,Cycling Track,VE1,6/8/2024 20:00,6/8/2024 20:04
Women's Quarterfinals,VBV,Beach Volleyball,EIF,6/8/2024 22:00,6/8/2024 22:50
Women -49kg Qualification Contest,TKW,Taekwondo,GRP,7/8/2024 9:09,7/8/2024 9:21
Men's High Jump Qualification,ATH,Athletics,STA,7/8/2024 10:05,7/8/2024 12:15
MGR 67kg 1/4 Finals,WRE,Wrestling,CDM,7/8/2024 12:17,7/8/2024 12:24
Women's Speed Semifinals,CLB,Sport Climbing,LBO,7/8/2024 12:46,7/8/2024 12:48
Women's Kite Opening Series,SAL,Sailing,MAM,7/8/2024 13:23,7/8/2024 13:40
Men's Quarterfinals,HBL,Handball,LIL,7/8/2024 13:30,7/8/2024 15:30
Men -58kg Quarterfinals,TKW,Taekwondo,GRP,7/8/2024 14:40,7/8/2024 14:53
Women -49kg Quarterfinals,TKW,Taekwondo,GRP,7/8/2024 15:19,7/8/2024 15:32
Men's Semifinals,VVO,Volleyball,SP,7/8/2024 16:00,7/8/2024 18:15
Women -49kg Semifinals,TKW,Taekwondo,GRP,7/8/2024 16:49,7/8/2024 17:02
Men's Quarterfinals,HBL,Handball,LIL,7/8/2024 17:30,7/8/2024 19:30
MGR 67kg Semifinals,WRE,Wrestling,CDM,7/8/2024 18:22,7/8/2024 18:29
Men's 110m Hurdles Semi-Final,ATH,Athletics,STA,7/8/2024 19:05,7/8/2024 19:22
"Women's Team Pursuit, Finals",CTR,Cycling Track,VE1,7/8/2024 19:07,7/8/2024 19:17
"Women's Team Pursuit, Finals",CTR,Cycling Track,VE1,7/8/2024 19:17,7/8/2024 19:27
Women's 49kg,WLF,Weightlifting,SP,7/8/2024 19:30,7/8/2024 22:00
MGR 97kg Final,WRE,Wrestling,CDM,7/8/2024 19:32,7/8/2024 19:39
Men -58kg Repechages,TKW,Taekwondo,GRP,7/8/2024 20:06,7/8/2024 20:19
"Men's Sprint, 1/8 Finals Repechages",CTR,Cycling Track,VE1,7/8/2024 20:14,7/8/2024 20:25
Men's Discus Throw Final,ATH,Athletics,STA,7/8/2024 20:25,7/8/2024 21:35
Men's Quarterfinals,VBV,Beach Volleyball,EIF,7/8/2024 21:00,7/8/2024 21:50
Men's 63.5kg - Final,BOX,Boxing,RGA,7/8/2024 22:34,7/8/2024 22:45
Women -57kg Round of 16,TKW,Taekwondo,GRP,8/8/2024 9:09,8/8/2024 9:21
Women -57kg Round of 16,TKW,Taekwondo,GRP,8/8/2024 9:33,8/8/2024 9:46
Women -57kg Round of 16,TKW,Taekwondo,GRP,8/8/2024 9:58,8/8/2024 10:10
Men's Individual Ranking Round,MPN,Modern Pentathlon,NPA,8/8/2024 11:00,8/8/2024 14:00
MGR 87kg Repechage,WRE,Wrestling,CDM,8/8/2024 11:07,8/8/2024 11:14
MFS 57kg 1/8 Finals,WRE,Wrestling,CDM,8/8/2024 11:21,8/8/2024 11:28
Men -68kg Round of 16,TKW,Taekwondo,GRP,8/8/2024 11:24,8/8/2024 11:36
MFS 86kg 1/8 Finals,WRE,Wrestling,CDM,8/8/2024 11:35,8/8/2024 11:42
Women -57kg Round of 16,TKW,Taekwondo,GRP,8/8/2024 11:36,8/8/2024 11:48
MFS 57kg 1/8 Finals,WRE,Wrestling,CDM,8/8/2024 11:42,8/8/2024 11:49
MFS 57kg 1/8 Finals,WRE,Wrestling,CDM,8/8/2024 12:03,8/8/2024 12:10
MFS 86kg 1/8 Finals,WRE,Wrestling,CDM,8/8/2024 12:03,8/8/2024 12:10
Women's Canoe Single 200m Quarterfinals,CSP,Canoe Sprint,VN,8/8/2024 12:40,8/8/2024 13:07
Men's Canoe Double 500m Finals,CSP,Canoe Sprint,VN,8/8/2024 13:20,8/8/2024 13:27
Women's Kite Semifinals,SAL,Sailing,MAM,8/8/2024 13:42,8/8/2024 13:48
Men -68kg Quarterfinals,TKW,Taekwondo,GRP,8/8/2024 14:40,8/8/2024 14:53
Men's Kite Final,SAL,Sailing,MAM,8/8/2024 15:40,8/8/2024 15:46
Women's Kite Final,SAL,Sailing,MAM,8/8/2024 16:37,8/8/2024 16:43
"Men's Omnium, Scratch Race 1/4",CTR,Cycling Track,VE1,8/8/2024 17:00,8/8/2024 17:18
"Women's Keirin, Quarterfinals",CTR,Cycling Track,VE1,8/8/2024 17:18,8/8/2024 17:38
MFS 86kg Semifinals,WRE,Wrestling,CDM,8/8/2024 18:29,8/8/2024 18:36
"Men's Sprint, Quarterfinals",CTR,Cycling Track,VE1,8/8/2024 18:47,8/8/2024 19:01
WFS 53kg Bronze Medal Matches,WRE,Wrestling,CDM,8/8/2024 19:46,8/8/2024 19:53
WFS 53kg Final,WRE,Wrestling,CDM,8/8/2024 19:53,8/8/2024 20:00
Women's Long Jump Final,ATH,Athletics,STA,8/8/2024 20:00,8/8/2024 21:20
Women's Heptathlon 200m,ATH,Athletics,STA,8/8/2024 20:55,8/8/2024 21:12
Women -57kg Bronze Medal Contests,TKW,Taekwondo,GRP,8/8/2024 21:04,8/8/2024 21:19
Men's 57kg - Semifinals,BOX,Boxing,RGA,8/8/2024 21:30,8/8/2024 21:41
Women's Canoe Double 500m Semifinals,CSP,Canoe Sprint,VN,9/8/2024 10:30,9/8/2024 10:37
Men -80kg Round of 16,TKW,Taekwondo,GRP,9/8/2024 10:35,9/8/2024 10:47
MFS 74kg Qualifications,WRE,Wrestling,CDM,9/8/2024 11:14,9/8/2024 11:21
Men's Canoe Single 1000m Semifinals,CSP,Canoe Sprint,VN,9/8/2024 11:30,9/8/2024 11:37
MFS 125kg 1/8 Finals,WRE,Wrestling,CDM,9/8/2024 11:35,9/8/2024 11:42
MFS 74kg 1/8 Finals,WRE,Wrestling,CDM,9/8/2024 11:49,9/8/2024 11:56
WFS 62kg 1/8 Finals,WRE,Wrestling,CDM,9/8/2024 11:56,9/8/2024 12:03
Women's 100m Hurdles Semi-Final,ATH,Athletics,STA,9/8/2024 12:05,9/8/2024 12:22
Women's Canoe Double 500m Finals,CSP,Canoe Sprint,VN,9/8/2024 12:40,9/8/2024 12:47
Women -67kg Quarterfinals,TKW,Taekwondo,GRP,9/8/2024 14:30,9/8/2024 14:40
Men's 89kg,WLF,Weightlifting,SP,9/8/2024 15:00,9/8/2024 17:30
"Men's Sprint, Semifinals",CTR,Cycling Track,VE1,9/8/2024 15:29,9/8/2024 15:38
"Women's Sprint, 1/32 Finals Repechages",CTR,Cycling Track,VE1,9/8/2024 15:38,9/8/2024 15:52
Women -67kg Quarterfinals,TKW,Taekwondo,GRP,9/8/2024 15:45,9/8/2024 15:58
B-Girls Round Robin - Group A,BKG,Breaking,LC,9/8/2024 18:21,9/8/2024 18:27
B-Girls Round Robin - Group A,BKG,Breaking,LC,9/8/2024 18:27,9/8/2024 18:36
MFS 86kg Final,WRE,Wrestling,CDM,9/8/2024 20:05,9/8/2024 20:15
B-Girls Quarterfinals,BKG,Breaking,LC,9/8/2024 20:15,9/8/2024 20:22
WFS 57kg Bronze Medal Matches,WRE,Wrestling,CDM,9/8/2024 20:25,9/8/2024 20:35
WFS 57kg Final,WRE,Wrestling,CDM,9/8/2024 20:35,9/8/2024 20:45
"Women's 10,000m Final",ATH,Athletics,STA,9/8/2024 20:57,9/8/2024 21:31
Men -80kg Bronze Medal Contests,TKW,Taekwondo,GRP,9/8/2024 21:04,9/8/2024 21:19
Women's Kayak Single 500m Semifinals,CSP,Canoe Sprint,VN,10/8/2024 10:30,10/8/2024 10:37
WFS 62kg Repechage,WRE,Wrestling,CDM,10/8/2024 11:07,10/8/2024 11:14
Men's Kayak Single 1000m Semifinals,CSP,Canoe Sprint,VN,10/8/2024 11:10,10/8/2024 11:17
WFS 76kg 1/8 Finals,WRE,Wrestling,CDM,10/8/2024 11:14,10/8/2024 11:21
Women's Individual Semi-finals,MPN,Modern Pentathlon,VER,10/8/2024 11:27,10/8/2024 11:47
MFS 97kg 1/8 Finals,WRE,Wrestling,CDM,10/8/2024 11:28,10/8/2024 11:35
WFS 76kg 1/8 Finals,WRE,Wrestling,CDM,10/8/2024 11:35,10/8/2024 11:42
Women's Canoe Single 200m Semifinals,CSP,Canoe Sprint,VN,10/8/2024 11:50,10/8/2024 11:57
WFS 76kg 1/8 Finals,WRE,Wrestling,CDM,10/8/2024 12:03,10/8/2024 12:10
WFS 76kg 1/4 Finals,WRE,Wrestling,CDM,10/8/2024 12:10,10/8/2024 12:17
WFS 76kg 1/4 Finals,WRE,Wrestling,CDM,10/8/2024 12:17,10/8/2024 12:24
MFS 65kg 1/4 Finals,WRE,Wrestling,CDM,10/8/2024 12:24,10/8/2024 12:31
WFS 76kg 1/4 Finals,WRE,Wrestling,CDM,10/8/2024 12:24,10/8/2024 12:31
MFS 65kg 1/4 Finals,WRE,Wrestling,CDM,10/8/2024 12:31,10/8/2024 12:38
Women's Individual Semi-finals,MPN,Modern Pentathlon,VER,10/8/2024 14:40,10/8/2024 14:55
Women's Finals,HBL,Handball,LIL,10/8/2024 15:00,10/8/2024 17:00
Men +80kg Quarterfinals,TKW,Taekwondo,GRP,10/8/2024 15:58,10/8/2024 16:11
B-Boys Round Robin - Group A,BKG,Breaking,LC,10/8/2024 16:05,10/8/2024 16:11
Women +67kg Semifinals,TKW,Taekwondo,GRP,10/8/2024 16:49,10/8/2024 17:02
B-Boys Round Robin - Group A,BKG,Breaking,LC,10/8/2024 16:55,10/8/2024 17:01
B-Boys Round Robin - Group D,BKG,Breaking,LC,10/8/2024 17:31,10/8/2024 17:38
B-Boys Round Robin - Group A,BKG,Breaking,LC,10/8/2024 17:44,10/8/2024 17:50
"Men's Madison, Final",CTR,Cycling Track,VE1,10/8/2024 17:59,10/8/2024 19:07
B-Boys Round Robin - Group D,BKG,Breaking,LC,10/8/2024 18:14,10/8/2024 18:20
MFS 74kg Bronze Medal Matches,WRE,Wrestling,CDM,10/8/2024 19:15,10/8/2024 19:25
Men's 57kg - Final,BOX,Boxing,RGA,10/8/2024 21:47,10/8/2024 21:58
Women's Finals,BKB,Basketball,BCY,11/8/2024 11:30,11/8/2024 13:15
"Women's Sprint, Semifinals",CTR,Cycling Track,VE1,11/8/2024 11:50,11/8/2024 11:57
Men's Finals,HBL,Handball,LIL,11/8/2024 13:30,11/8/2024 15:30
"Women's Omnium, Points Race 4/4",CTR,Cycling Track,VE1,11/8/2024 13:56,11/8/2024 14:28
MFS 125kg Repechage,WRE,Wrestling,CDM,10/8/2024 11:07,10/8/2024 11:14
Women's Foil Individual Semifinals,FEN,Fencing,GRP,28/7/2024 19:00,28/7/2024 19:30
Women's Singles First Round,TEN,Tennis,RGA,28/7/2024 12:00,28/7/2024 13:30
Women's Kite Opening Series,SAL,Sailing,MAM,7/8/2024 12:03,7/8/2024 12:20
Women's Pool Round,BK3,3x3 Basketball,LC,1/8/2024 18:00,1/8/2024 18:25
Women's Foil Individual Table of 8,FEN,Fencing,GRP,28/7/2024 15:55,28/7/2024 16:25
Men's Sabre Individual Table of 32,FEN,Fencing,GRP,27/7/2024 13:45,27/7/2024 14:10
Men -90 kg Elimination Round of 32,JUD,Judo,CDM,31/7/2024 10:36,31/7/2024 10:42
Women's Preliminary - Pool A - Matches,VBV,Beach Volleyball,EIF,28/7/2024 16:00,28/7/2024 16:50
Women's Pool Round,BK3,3x3 Basketball,LC,3/8/2024 17:30,3/8/2024 17:55
MGR 67kg 1/8 Finals,WRE,Wrestling,CDM,7/8/2024 11:56,7/8/2024 12:03
Women's Épée Team Table of 8,FEN,Fencing,GRP,30/7/2024 13:30,30/7/2024 14:20
Men's Double Sculls Finals,ROW,Rowing,VN,1/8/2024 10:42,1/8/2024 10:49
Men's Foil Individual Table of 8,FEN,Fencing,GRP,29/7/2024 16:20,29/7/2024 16:50
Men -60 kg Repechage,JUD,Judo,CDM,27/7/2024 16:30,27/7/2024 16:36
Men's Preliminary Round Group B,HBL,Handball,SP,2/8/2024 21:00,2/8/2024 22:30
Men's Preliminary Round - Pool C,VVO,Volleyball,SP,27/7/2024 9:00,27/7/2024 10:30
Women's 57kg - Prelims - Round of 16,BOX,Boxing,NPA,2/8/2024 20:48,2/8/2024 20:59
Men's Doubles Group Play Stage - Grp C,BDM,Badminton,CPL,30/7/2024 14:00,30/7/2024 14:40
Women's Skiff Opening Series,SAL,Sailing,MAM,28/7/2024 12:35,28/7/2024 13:10
Women +67kg Bronze Medal Contests,TKW,Taekwondo,GRP,10/8/2024 21:04,10/8/2024 21:19
Dressage Team Grand Prix Special,EQU,Equestrian,VER,3/8/2024 10:00,3/8/2024 15:30
Men -81 kg Elimination Round of 32,JUD,Judo,CDM,30/7/2024 10:54,30/7/2024 11:00
Men's Single Sculls Finals,ROW,Rowing,VN,2/8/2024 9:30,2/8/2024 9:37
Men's Doubles Group Play Stage - Grp D,BDM,Badminton,CPL,31/7/2024 14:00,31/7/2024 14:40
Women -57 kg Repechage,JUD,Judo,CDM,29/7/2024 16:06,29/7/2024 16:12
Women -49kg Quarterfinals,TKW,Taekwondo,GRP,7/8/2024 14:30,7/8/2024 14:40
Men's Doubles Quarter-finals,TEN,Tennis,RGA,31/7/2024 19:00,31/7/2024 20:30
Men's Preliminary - Pool B - Matches,VBV,Beach Volleyball,EIF,31/7/2024 16:00,31/7/2024 16:50
Men -100 kg Semifinals,JUD,Judo,CDM,1/8/2024 16:12,1/8/2024 16:18
Women's Double Sculls Heats,ROW,Rowing,VN,27/7/2024 12:00,27/7/2024 12:27
Men -73 kg Elimination Round of 32,JUD,Judo,CDM,29/7/2024 10:00,29/7/2024 10:06
Men's Triple Jump Qualification,ATH,Athletics,STA,7/8/2024 19:15,7/8/2024 20:19
Women's Finals,SRF,Surfing,TAH,6/8/2024 2:57,6/8/2024 3:32
Women's Preliminary - Pool B - Matches,VBV,Beach Volleyball,EIF,27/7/2024 22:00,27/7/2024 22:50
Women's 1500m Freestyle Final,SWM,Swimming,DEF,31/7/2024 21:13,31/7/2024 21:35
Men's Preliminary Round - Group B,WPO,Water Polo,AQC,28/7/2024 10:30,28/7/2024 11:55
Men's Discus Throw Qualification,ATH,Athletics,STA,5/8/2024 10:10,5/8/2024 11:06
MGR 77kg 1/4 Finals,WRE,Wrestling,CDM,6/8/2024 12:10,6/8/2024 12:17
Men's Quarterfinals,WPO,Water Polo,DEF,7/8/2024 15:35,7/8/2024 17:00
Men's Preliminary - Pool D - Matches,VBV,Beach Volleyball,EIF,27/7/2024 14:00,27/7/2024 14:50
Women's Singles Group Play Stage - Grp P,BDM,Badminton,CPL,30/7/2024 14:50,30/7/2024 15:30
Men's Quarterfinals,BKB,Basketball,BCY,6/8/2024 11:00,6/8/2024 12:45
Men's 200m Breaststroke - Heats,SWM,Swimming,DEF,30/7/2024 13:01,30/7/2024 13:19
Women's Singles Round of 64,TTE,Table Tennis,SP,28/7/2024 12:15,28/7/2024 13:00
Women's Singles Round of 64,TTE,Table Tennis,SP,28/7/2024 11:30,28/7/2024 12:15
Women's 54kg - Prelims - Round of 16,BOX,Boxing,NPA,30/7/2024 12:36,30/7/2024 12:47
WFS 76kg 1/8 Finals,WRE,Wrestling,CDM,10/8/2024 11:42,10/8/2024 11:49
Mixed Team 1/8 Elimination Round,ARC,Archery,INV,2/8/2024 9:30,2/8/2024 9:49
MFS 97kg Semifinals,WRE,Wrestling,CDM,10/8/2024 18:45,10/8/2024 18:55
Men's Singles Finals,BDM,Badminton,CPL,5/8/2024 15:40,5/8/2024 17:30
Men's Quarterfinals,VVO,Volleyball,SP,5/8/2024 17:00,5/8/2024 19:15
MFS 57kg Final,WRE,Wrestling,CDM,9/8/2024 19:35,9/8/2024 19:45
Women's Singles Quarterfinals,TTE,Table Tennis,SP,1/8/2024 20:00,1/8/2024 21:00
Men's Dinghy Opening Series,SAL,Sailing,MAM,3/8/2024 13:28,3/8/2024 14:19
Men's Kite Opening Series,SAL,Sailing,MAM,7/8/2024 12:23,7/8/2024 12:40
"Men's Team Pursuit, First Round",CTR,Cycling Track,VE1,6/8/2024 19:14,6/8/2024 19:55
Women's 66kg - Prelims - Round of 32,BOX,Boxing,NPA,28/7/2024 21:36,28/7/2024 21:47
Women's Singles Round of 64,TTE,Table Tennis,SP,27/7/2024 21:30,27/7/2024 22:15
Men's Canoe Single Heats 1st and 2nd Run,CSL,Canoe Slalom,VN,27/7/2024 15:00,27/7/2024 15:52
Men's Singles Round of 64,TTE,Table Tennis,SP,28/7/2024 13:00,28/7/2024 14:00
Women's Pool A,HOC,Hockey,YDM,3/8/2024 10:30,3/8/2024 12:00
MGR 77kg 1/8 Finals,WRE,Wrestling,CDM,6/8/2024 11:14,6/8/2024 11:21
Women's Épée Individual Table of 32,FEN,Fencing,GRP,27/7/2024 11:15,27/7/2024 11:40
Men's Singles First Round,TEN,Tennis,RGA,28/7/2024 12:00,28/7/2024 15:00
Men's 71kg - Semifinals,BOX,Boxing,RGA,6/8/2024 21:30,6/8/2024 21:41
"Men's Keirin, Quarterfinals",CTR,Cycling Track,VE1,11/8/2024 11:29,11/8/2024 11:50
Women's Finals,HBL,Handball,LIL,10/8/2024 10:00,10/8/2024 12:00
Men's Singles Round of 32,TTE,Table Tennis,SP,30/7/2024 10:00,30/7/2024 11:00
Men's Singles Semifinals,TTE,Table Tennis,SP,2/8/2024 14:30,2/8/2024 15:30
Men -68kg Quarterfinals,TKW,Taekwondo,GRP,8/8/2024 15:32,8/8/2024 15:45
Women's Épée Individual Table of 8,FEN,Fencing,GRP,27/7/2024 15:50,27/7/2024 16:15
Women's Sabre Individual Table of 8,FEN,Fencing,GRP,29/7/2024 15:55,29/7/2024 16:20
Men's Singles First Round,TEN,Tennis,RGA,28/7/2024 12:00,28/7/2024 16:30
Women's Sabre Individual Table of 16,FEN,Fencing,GRP,29/7/2024 14:30,29/7/2024 14:55
Men's Singles Semifinals,BDM,Badminton,CPL,4/8/2024 12:00,4/8/2024 13:00
Men +80kg Bronze Medal Contests,TKW,Taekwondo,GRP,10/8/2024 20:49,10/8/2024 21:04
Men's Pair Semifinals,ROW,Rowing,VN,31/7/2024 10:44,31/7/2024 10:51
Women's Windsurfing Opening Series,SAL,Sailing,MAM,31/7/2024 15:13,31/7/2024 15:22
MGR 130kg 1/8 Finals,WRE,Wrestling,CDM,5/8/2024 15:14,5/8/2024 15:21
Mixed Doubles Quarterfinals,TTE,Table Tennis,SP,28/7/2024 16:00,28/7/2024 17:00
Women's Placing 5-8,RU7,Rugby Sevens,STA,30/7/2024 15:00,30/7/2024 15:16
Women's Doubles Group Play Stage - Grp C,BDM,Badminton,CPL,30/7/2024 14:50,30/7/2024 15:30
Men's +102kg,WLF,Weightlifting,SP,10/8/2024 20:30,10/8/2024 23:00
Men's Singles Round of 64,TTE,Table Tennis,SP,28/7/2024 21:00,28/7/2024 22:00
Women's Sabre Individual Table of 32,FEN,Fencing,GRP,29/7/2024 11:40,29/7/2024 12:05
Women's 66kg - Prelims - Round of 16,BOX,Boxing,NPA,1/8/2024 20:48,1/8/2024 20:59
Women's 200m Butterfly - Heats,SWM,Swimming,DEF,31/7/2024 11:46,31/7/2024 12:06
Women's Singles Group Play Stage - Grp A,BDM,Badminton,CPL,28/7/2024 15:40,28/7/2024 16:20
Men's Singles Round of 64,TTE,Table Tennis,SP,27/7/2024 22:15,27/7/2024 23:00
Men's 400m Hurdles Final,ATH,Athletics,STA,9/8/2024 21:45,9/8/2024 21:46
B-Girls Semifinals,BKG,Breaking,LC,9/8/2024 20:47,9/8/2024 20:54
Men's Foil Team Classifications 5-8,FEN,Fencing,GRP,4/8/2024 13:40,4/8/2024 14:50
Women's Kite Final,SAL,Sailing,MAM,8/8/2024 16:46,8/8/2024 16:52
Men's Preliminary - Pool F - Matches,VBV,Beach Volleyball,EIF,29/7/2024 16:00,29/7/2024 16:50
Women -48 kg Elimination Round of 32,JUD,Judo,CDM,27/7/2024 10:12,27/7/2024 10:18
Men -73 kg Elimination Round of 32,JUD,Judo,CDM,29/7/2024 10:30,29/7/2024 10:36
WFS 50kg 1/8 Finals,WRE,Wrestling,CDM,6/8/2024 11:42,6/8/2024 11:49
25m Rapid Fire Pistol Men's Final,SHO,Shooting,CTX,5/8/2024 9:30,5/8/2024 10:30
Men's Preliminary Round - Pool C,VVO,Volleyball,SP,30/7/2024 13:00,30/7/2024 15:15
Men's Preliminary Round - Group B,WPO,Water Polo,AQC,28/7/2024 12:05,28/7/2024 13:30
Women's Preliminary Round - Group B,WPO,Water Polo,AQC,31/7/2024 18:30,31/7/2024 19:55
Men's Finals,RU7,Rugby Sevens,STA,27/7/2024 18:00,27/7/2024 18:16
Men's Singles Preliminary Round,TTE,Table Tennis,SP,27/7/2024 15:45,27/7/2024 16:30
25m Pistol Women's Qualification,SHO,Shooting,CTX,2/8/2024 9:00,2/8/2024 11:30
Men's Preliminary Round Group A,HBL,Handball,SP,27/7/2024 14:00,27/7/2024 15:30
MFS 74kg 1/8 Finals,WRE,Wrestling,CDM,9/8/2024 11:56,9/8/2024 12:03
"Men's Team Sprint, First Round",CTR,Cycling Track,VE1,6/8/2024 18:59,6/8/2024 19:14
MGR 60kg 1/8 Finals,WRE,Wrestling,CDM,5/8/2024 15:56,5/8/2024 16:03
WFS 50kg 1/8 Finals,WRE,Wrestling,CDM,6/8/2024 12:03,6/8/2024 12:10
WFS 57kg Repechage,WRE,Wrestling,CDM,9/8/2024 11:00,9/8/2024 11:07
"Men's Sprint, Finals",CTR,Cycling Track,VE1,9/8/2024 18:00,9/8/2024 18:09
Women's Finals,BK3,3x3 Basketball,LC,5/8/2024 22:00,5/8/2024 22:25
Men's Group C,FBL,Football,PDP,30/7/2024 15:00,30/7/2024 16:45
Men's Dinghy Opening Series,SAL,Sailing,MAM,5/8/2024 15:50,5/8/2024 16:41
Women -67kg Bronze Medal Contests,TKW,Taekwondo,GRP,9/8/2024 20:19,9/8/2024 20:34
Women's Foil Individual Finals,FEN,Fencing,GRP,28/7/2024 21:45,28/7/2024 22:15
"Women's Team Pursuit, Finals",CTR,Cycling Track,VE1,7/8/2024 19:28,7/8/2024 19:38
Women's 100m Freestyle - Heats,SWM,Swimming,DEF,30/7/2024 12:47,30/7/2024 13:00
Women's Sabre Team Semifinals,FEN,Fencing,GRP,3/8/2024 15:20,3/8/2024 16:10
Women's 54kg - Final,BOX,Boxing,RGA,8/8/2024 22:51,8/8/2024 23:02
Women's Group Phase - Group B,BKB,Basketball,LIL,29/7/2024 17:15,29/7/2024 19:00
Women -63 kg Elimination Round of 32,JUD,Judo,CDM,30/7/2024 10:06,30/7/2024 10:12
Men's 57kg - Prelims - Round of 16,BOX,Boxing,NPA,31/7/2024 15:30,31/7/2024 15:41
Men's Singles Round of 32,TTE,Table Tennis,SP,29/7/2024 20:00,29/7/2024 21:00
Women's Finals,HOC,Hockey,YDM,9/8/2024 14:00,9/8/2024 15:45
Women's Singles Round of 64,TTE,Table Tennis,SP,29/7/2024 13:00,29/7/2024 14:00
Men's 71kg - Prelims - Round of 16,BOX,Boxing,NPA,31/7/2024 11:48,31/7/2024 11:59
Men's 92kg - Quarterfinals,BOX,Boxing,NPA,1/8/2024 22:08,1/8/2024 22:19
Men's Singles First Round,TEN,Tennis,RGA,28/7/2024 12:00,28/7/2024 13:30
Women's Canoe Double 500m Quarterfinals,CSP,Canoe Sprint,VN,6/8/2024 13:20,6/8/2024 13:37
Men +80kg Bronze Medal Contests,TKW,Taekwondo,GRP,10/8/2024 20:19,10/8/2024 20:34
WFS 57kg 1/4 Finals,WRE,Wrestling,CDM,8/8/2024 12:17,8/8/2024 12:24
Women's Synchronised 10m Platform,DIV,Diving,AQC,31/7/2024 11:00,31/7/2024 11:47
Men's Group Phase - Group C,BKB,Basketball,LIL,3/8/2024 17:15,3/8/2024 19:00
Men's 57kg - Quarterfinals,BOX,Boxing,NPA,3/8/2024 20:00,3/8/2024 20:11
Men's Boulder & Lead Final,CLB,Sport Climbing,LBO,9/8/2024 10:15,9/8/2024 11:52
Women's Preliminary Round - Pool B,VVO,Volleyball,SP,3/8/2024 13:00,3/8/2024 15:15
Mixed Doubles First Round,TEN,Tennis,RGA,30/7/2024 12:00,30/7/2024 18:00
Men's Semi-finals,FBL,Football,LYO,5/8/2024 21:00,5/8/2024 22:45
Men's Quarterfinals,VBV,Beach Volleyball,EIF,7/8/2024 22:00,7/8/2024 22:50
Women's Doubles Semifinals,BDM,Badminton,CPL,2/8/2024 9:40,2/8/2024 10:40
Men's Sabre Individual Table of 16,FEN,Fencing,GRP,27/7/2024 15:00,27/7/2024 15:25
Women's Canoe Single Final,CSL,Canoe Slalom,VN,31/7/2024 17:25,31/7/2024 18:09
Women's 200m Breaststroke - Heats,SWM,Swimming,DEF,31/7/2024 11:00,31/7/2024 11:21
Women's Preliminary - Pool A - Matches,VBV,Beach Volleyball,EIF,28/7/2024 9:00,28/7/2024 9:50
Women's Preliminary Round Group B,HBL,Handball,SP,30/7/2024 19:00,30/7/2024 20:30
Men's Preliminary Round - Group B,WPO,Water Polo,AQC,1/8/2024 12:05,1/8/2024 13:30
Women +67kg Round of 16,TKW,Taekwondo,GRP,10/8/2024 9:58,10/8/2024 10:10
Mixed Doubles Semi-finals,TEN,Tennis,RGA,1/8/2024 13:00,1/8/2024 19:00
MFS 74kg Bronze Medal Matches,WRE,Wrestling,CDM,10/8/2024 19:25,10/8/2024 19:35
Men's Singles Finals,TTE,Table Tennis,SP,4/8/2024 14:30,4/8/2024 15:30
Men's Foil Individual Table of 16,FEN,Fencing,GRP,29/7/2024 15:25,29/7/2024 15:55
Women's Kite Semifinals,SAL,Sailing,MAM,8/8/2024 15:39,8/8/2024 15:45
Eventing Team Jumping Final,EQU,Equestrian,VER,29/7/2024 11:00,29/7/2024 13:40
Women -49kg Round of 16,TKW,Taekwondo,GRP,7/8/2024 10:47,7/8/2024 10:59
Men's 71kg - Quarterfinals,BOX,Boxing,NPA,3/8/2024 16:18,3/8/2024 16:29
Men's Doubles Quarterfinals,BDM,Badminton,CPL,1/8/2024 13:00,1/8/2024 14:00
Men's Round of 16,VBV,Beach Volleyball,EIF,5/8/2024 17:00,5/8/2024 17:50
Men's All-Around Final,GAR,Artistic Gymnastics,BCY,31/7/2024 17:30,31/7/2024 20:00
MFS 97kg Bronze Medal Matches,WRE,Wrestling,CDM,11/8/2024 12:40,11/8/2024 12:50
Women -67kg Quarterfinals,TKW,Taekwondo,GRP,9/8/2024 15:19,9/8/2024 15:32
MFS 97kg Final,WRE,Wrestling,CDM,11/8/2024 12:50,11/8/2024 13:00
Women -57 kg Elimination Round of 32,JUD,Judo,CDM,29/7/2024 10:36,29/7/2024 10:42
Women's Kayak Cross Time Trial,CSL,Canoe Slalom,VN,2/8/2024 16:40,2/8/2024 17:37
Men's Individual 1/32 Elimination Round,ARC,Archery,INV,1/8/2024 16:48,1/8/2024 17:01
Women's Canoe Single Hts 1st and 2nd Run,CSL,Canoe Slalom,VN,30/7/2024 16:40,30/7/2024 17:22
Men's Team Round of 16,TTE,Table Tennis,SP,5/8/2024 10:00,5/8/2024 13:00
Women's Heptathlon Long Jump,ATH,Athletics,STA,9/8/2024 10:05,9/8/2024 10:47
Men -80kg Semifinals,TKW,Taekwondo,GRP,9/8/2024 16:50,9/8/2024 17:03
Men's Round 3,SRF,Surfing,TAH,29/7/2024 19:00,29/7/2024 19:30
WFS 68kg Bronze Medal Matches,WRE,Wrestling,CDM,6/8/2024 19:39,6/8/2024 19:46
Men's Pool A,HOC,Hockey,YDM,30/7/2024 12:45,30/7/2024 14:15
Men's Singles First Round,TEN,Tennis,RGA,28/7/2024 12:00,28/7/2024 19:30
Women's Discus Throw Qualification,ATH,Athletics,STA,2/8/2024 18:55,2/8/2024 19:47
Men +80kg Qualification Contest,TKW,Taekwondo,GRP,10/8/2024 9:00,10/8/2024 9:09
Men's 63.5kg - Prelims - Round of 32,BOX,Boxing,NPA,27/7/2024 17:22,27/7/2024 17:33
Men's Épée Individual Table of 16,FEN,Fencing,GRP,28/7/2024 15:05,28/7/2024 15:30
Men +80kg Quarterfinals,TKW,Taekwondo,GRP,10/8/2024 15:32,10/8/2024 15:45
Men's Épée Individual Table of 16,FEN,Fencing,GRP,28/7/2024 15:05,28/7/2024 15:30
Women -67kg Semifinals,TKW,Taekwondo,GRP,9/8/2024 16:37,9/8/2024 16:50
Women's Individual 1/16 Elimination Rnd,ARC,Archery,INV,1/8/2024 13:11,1/8/2024 13:24
Men's Preliminary Round Group A,HBL,Handball,SP,31/7/2024 11:00,31/7/2024 12:30
Women's 60kg - Prelims - Round of 16,BOX,Boxing,NPA,29/7/2024 20:32,29/7/2024 20:43
Men's Individual Quarterfinals,ARC,Archery,INV,4/8/2024 13:13,4/8/2024 13:26
Women's Finals,WPO,Water Polo,DEF,10/8/2024 9:00,10/8/2024 10:25
Men's Épée Individual Table of 32,FEN,Fencing,GRP,28/7/2024 12:50,28/7/2024 13:15
Women +78 kg Elimination Round of 32,JUD,Judo,CDM,2/8/2024 10:48,2/8/2024 10:54
Women's Quarterfinals,VVO,Volleyball,SP,6/8/2024 21:00,6/8/2024 23:15
Women's 75kg - Prelims - Round of 16,BOX,Boxing,NPA,31/7/2024 12:36,31/7/2024 12:47
MGR 77kg Semifinals,WRE,Wrestling,CDM,6/8/2024 18:15,6/8/2024 18:22
Men's Sabre Individual Table of 32,FEN,Fencing,GRP,27/7/2024 12:30,27/7/2024 12:55
Men's Discus Throw Qualification,ATH,Athletics,STA,5/8/2024 11:35,5/8/2024 12:31
Women's Group Phase - Group A,BKB,Basketball,LIL,3/8/2024 11:00,3/8/2024 12:45
Men's 71kg - Prelims - Round of 32,BOX,Boxing,NPA,28/7/2024 20:00,28/7/2024 20:11
Men's Group Phase - Group C,BKB,Basketball,LIL,28/7/2024 17:15,28/7/2024 19:00
Men's Semifinals,BKB,Basketball,BCY,8/8/2024 17:30,8/8/2024 19:15
Men's Singles Semi-finals,TEN,Tennis,RGA,2/8/2024 13:30,2/8/2024 15:00
MGR 60kg 1/4 Finals,WRE,Wrestling,CDM,5/8/2024 16:24,5/8/2024 16:31
MGR 60kg Bronze Medal Matches,WRE,Wrestling,CDM,6/8/2024 18:57,6/8/2024 19:04
Men's Épée Individual Finals,FEN,Fencing,GRP,28/7/2024 21:20,28/7/2024 21:45
Men -66 kg Quarterfinals,JUD,Judo,CDM,28/7/2024 11:54,28/7/2024 12:00
Women's Singles Round of 64,TTE,Table Tennis,SP,28/7/2024 10:00,28/7/2024 10:45
Women's Individual 1/8 Elimination Round,ARC,Archery,INV,3/8/2024 9:30,3/8/2024 9:43
MGR 77kg Repechage,WRE,Wrestling,CDM,7/8/2024 11:00,7/8/2024 11:07
Men's Team 1/8 Elimination Round,ARC,Archery,INV,29/7/2024 10:39,29/7/2024 11:02
Men's Double Sculls Finals,ROW,Rowing,VN,1/8/2024 11:30,1/8/2024 11:37
Women +78 kg Elimination Round of 16,JUD,Judo,CDM,2/8/2024 11:18,2/8/2024 11:24
"Women's Team Pursuit, Finals",CTR,Cycling Track,VE1,7/8/2024 18:57,7/8/2024 19:07
Men's Doubles Second Round,TEN,Tennis,RGA,30/7/2024 12:00,30/7/2024 18:00
Men's Individual 1/32 Elimination Round,ARC,Archery,INV,31/7/2024 17:58,31/7/2024 18:11
Women's 57kg - Prelims - Round of 16,BOX,Boxing,NPA,2/8/2024 15:30,2/8/2024 15:41
Women's Singles Quarter-finals,TEN,Tennis,RGA,31/7/2024 12:00,31/7/2024 16:30
Women's Individual 1/16 Elimination Rnd,ARC,Archery,INV,1/8/2024 11:53,1/8/2024 12:06
Women's Singles Round of 16,TTE,Table Tennis,SP,31/7/2024 22:00,31/7/2024 23:00
Men's Pool C,RU7,Rugby Sevens,STA,24/7/2024 20:00,24/7/2024 20:16
Men's Quad. Sculls Repechages,ROW,Rowing,VN,29/7/2024 11:20,29/7/2024 11:27
Men -73 kg Quarterfinals,JUD,Judo,CDM,29/7/2024 12:30,29/7/2024 12:36
Men's Preliminary Round - Pool C,VVO,Volleyball,SP,27/7/2024 21:00,27/7/2024 23:15
WFS 62kg 1/4 Finals,WRE,Wrestling,CDM,9/8/2024 12:24,9/8/2024 12:31
Women's Preliminary - Pool F - Matches,VBV,Beach Volleyball,EIF,29/7/2024 21:00,29/7/2024 21:50
Men's Pool Round,BK3,3x3 Basketball,LC,1/8/2024 13:35,1/8/2024 14:00
Duet Final,SWA,Artistic Swimming,AQC,10/8/2024 19:30,10/8/2024 21:23
Women's Individual 1/32 Elimination Rnd,ARC,Archery,INV,1/8/2024 19:50,1/8/2024 20:03
MFS 125kg Semifinals,WRE,Wrestling,CDM,9/8/2024 18:35,9/8/2024 18:45
Men's 51kg - Quarterfinals,BOX,Boxing,NPA,2/8/2024 16:34,2/8/2024 16:45
Women's Placing 9-12,RU7,Rugby Sevens,STA,29/7/2024 20:00,29/7/2024 20:16
"Women's Keirin, Semifinals",CTR,Cycling Track,VE1,8/8/2024 18:15,8/8/2024 18:25
MGR 60kg Semifinals,WRE,Wrestling,CDM,5/8/2024 21:00,5/8/2024 21:07
Women's 800m Round 1,ATH,Athletics,STA,2/8/2024 19:45,2/8/2024 20:27
Men +100 kg Elimination Round of 32,JUD,Judo,CDM,2/8/2024 10:12,2/8/2024 10:18
Women's Preliminary - Pool B - Matches,VBV,Beach Volleyball,EIF,1/8/2024 16:00,1/8/2024 16:50
Men's 92kg - Prelims - Round of 16,BOX,Boxing,NPA,28/7/2024 20:48,28/7/2024 20:59
Women's Finals,RU7,Rugby Sevens,STA,30/7/2024 18:00,30/7/2024 18:16
Men's Individual Semi-finals,MPN,Modern Pentathlon,VER,9/8/2024 13:40,9/8/2024 14:00
Men's Quarterfinals,SRF,Surfing,TAH,2/8/2024 1:00,2/8/2024 1:30
Women's Singles Round of 32,TTE,Table Tennis,SP,30/7/2024 10:00,30/7/2024 11:00
WFS 57kg 1/8 Finals,WRE,Wrestling,CDM,8/8/2024 11:28,8/8/2024 11:35
Women's Kayak Cross Round 1,CSL,Canoe Slalom,VN,3/8/2024 15:30,3/8/2024 16:25
"Men's Keirin, Finals",CTR,Cycling Track,VE1,11/8/2024 13:32,11/8/2024 13:44
Women's Kayak Double 500m Semifinals,CSP,Canoe Sprint,VN,9/8/2024 11:00,9/8/2024 11:07
Women's Kayak Double 500m Finals,CSP,Canoe Sprint,VN,9/8/2024 13:10,9/8/2024 13:17
Men's Individual Semi-finals,MPN,Modern Pentathlon,VER,9/8/2024 13:00,9/8/2024 13:35
Women's Kayak Single 500m Semifinals,CSP,Canoe Sprint,VN,10/8/2024 10:40,10/8/2024 10:47
Women's Individual Final,MPN,Modern Pentathlon,VER,11/8/2024 12:43,11/8/2024 13:03
Women's Singles Semifinals,BDM,Badminton,CPL,4/8/2024 8:30,4/8/2024 9:30
Men's 50m Freestyle Final,SWM,Swimming,DEF,2/8/2024 20:30,2/8/2024 20:37
Women's Pool Round,BK3,3x3 Basketball,LC,31/7/2024 17:30,31/7/2024 17:55
Women's Singles First Round,TEN,Tennis,RGA,28/7/2024 12:00,28/7/2024 13:30
Men's Singles Third Round,TEN,Tennis,RGA,31/7/2024 12:00,31/7/2024 13:30
Men's Round 2,SRF,Surfing,TAH,29/7/2024 2:22,29/7/2024 2:52
Women +67kg Round of 16,TKW,Taekwondo,GRP,10/8/2024 9:33,10/8/2024 9:46
Women -57 kg Elimination Round of 32,JUD,Judo,CDM,29/7/2024 10:54,29/7/2024 11:00
Women's 100m Hurdles Round 1,ATH,Athletics,STA,7/8/2024 10:15,7/8/2024 10:48
WFS 50kg Repechage,WRE,Wrestling,CDM,7/8/2024 11:00,7/8/2024 11:07
Men's Decathlon Javelin Throw,ATH,Athletics,STA,3/8/2024 20:10,3/8/2024 20:46
Women's Doubles Second Round,TEN,Tennis,RGA,30/7/2024 12:00,30/7/2024 16:30
Women -52 kg Final,JUD,Judo,CDM,28/7/2024 17:18,28/7/2024 17:24
Women's Pool B,HOC,Hockey,YDM,1/8/2024 17:00,1/8/2024 18:30
Men -80kg Round of 16,TKW,Taekwondo,GRP,9/8/2024 10:59,9/8/2024 11:11
Women -49kg Round of 16,TKW,Taekwondo,GRP,7/8/2024 9:33,7/8/2024 9:46
MGR 67kg Bronze Medal Matches,WRE,Wrestling,CDM,8/8/2024 19:04,8/8/2024 19:11
Women -67kg Round of 16,TKW,Taekwondo,GRP,9/8/2024 11:11,9/8/2024 11:24
B-Girls Round Robin - Group C,BKG,Breaking,LC,9/8/2024 17:09,9/8/2024 17:15
Men -73 kg Elimination Round of 32,JUD,Judo,CDM,29/7/2024 10:18,29/7/2024 10:24
Men's Singles Group Play Stage - Grp G,BDM,Badminton,CPL,31/7/2024 14:50,31/7/2024 15:30
MFS 97kg 1/4 Finals,WRE,Wrestling,CDM,10/8/2024 12:17,10/8/2024 12:24
Women's Round 3,SRF,Surfing,TAH,1/8/2024 22:00,1/8/2024 22:30
Women's Sabre Individual Table of 32,FEN,Fencing,GRP,29/7/2024 10:50,29/7/2024 11:15
Women -48 kg Quarterfinals,JUD,Judo,CDM,27/7/2024 12:30,27/7/2024 12:36
Women's Preliminary Round - Group A,WPO,Water Polo,AQC,27/7/2024 14:00,27/7/2024 15:25
B-Girls Round Robin - Group B,BKG,Breaking,LC,9/8/2024 16:07,9/8/2024 16:12
Women +67kg Repechages,TKW,Taekwondo,GRP,10/8/2024 20:06,10/8/2024 20:19
Men's Marathon Final,ATH,Athletics,INV,10/8/2024 8:00,10/8/2024 10:45
Men's Group Phase - Group B,BKB,Basketball,LIL,2/8/2024 11:00,2/8/2024 12:45
Men's Finals,HOC,Hockey,YDM,8/8/2024 19:00,8/8/2024 21:10
Women's Kayak Double 500m Finals,CSP,Canoe Sprint,VN,9/8/2024 13:00,9/8/2024 13:07
Men -100 kg Elimination Round of 32,JUD,Judo,CDM,1/8/2024 10:42,1/8/2024 10:48
"Men, Quarterfinals",BMX,Cycling BMX Racing,VE2,1/8/2024 20:40,1/8/2024 20:55
Men's Group Phase - Group B,BKB,Basketball,LIL,27/7/2024 13:30,27/7/2024 15:15
MFS 65kg 1/8 Finals,WRE,Wrestling,CDM,10/8/2024 11:21,10/8/2024 11:28
Men's Individual 1/32 Elimination Round,ARC,Archery,INV,1/8/2024 12:19,1/8/2024 12:32
Women -63 kg Elimination Round of 32,JUD,Judo,CDM,30/7/2024 10:30,30/7/2024 10:36
Mixed Doubles Round of 16,TTE,Table Tennis,SP,27/7/2024 16:30,27/7/2024 17:15
Men's Pool A,HOC,Hockey,YDM,2/8/2024 20:15,2/8/2024 21:45
Men's Group B,FBL,Football,STE,24/7/2024 15:00,24/7/2024 16:45
Women's 50kg - Semifinals,BOX,Boxing,RGA,6/8/2024 22:02,6/8/2024 22:13
Women's 66kg - Quarterfinals,BOX,Boxing,NPA,3/8/2024 21:36,3/8/2024 21:47
Women's 800m Freestyle - Heats,SWM,Swimming,DEF,2/8/2024 11:40,2/8/2024 12:03
Men's Round 2,SRF,Surfing,TAH,28/7/2024 23:48,29/7/2024 0:18
Men -80kg Round of 16,TKW,Taekwondo,GRP,9/8/2024 10:10,9/8/2024 10:22
B-Boys Quarterfinals,BKG,Breaking,LC,10/8/2024 20:23,10/8/2024 20:30
Women's Placing 5-8,RU7,Rugby Sevens,STA,30/7/2024 14:30,30/7/2024 14:46
Women's Individual 1/32 Elimination Rnd,ARC,Archery,INV,30/7/2024 12:39,30/7/2024 12:52
Mixed Team Elimination Round of 32,JUD,Judo,CDM,3/8/2024 8:00,3/8/2024 8:10
WFS 50kg Final,WRE,Wrestling,CDM,7/8/2024 19:53,7/8/2024 20:00
Mixed Doubles Semi-finals,TEN,Tennis,RGA,1/8/2024 14:00,1/8/2024 15:30
Men's Kayak Single 1000m Semifinals,CSP,Canoe Sprint,VN,10/8/2024 11:20,10/8/2024 11:27
Men's Singles Round of 64,TTE,Table Tennis,SP,28/7/2024 22:00,28/7/2024 23:00
Men's Kayak Four 500m Heats,CSP,Canoe Sprint,VN,6/8/2024 9:30,6/8/2024 9:47
Men's Park Final,BMF,Cycling BMX Freestyle,LC,31/7/2024 14:32,31/7/2024 15:27
Men's Preliminary Round Group B,HBL,Handball,SP,4/8/2024 16:00,4/8/2024 17:30
Men's Group C,FBL,Football,NAN,27/7/2024 17:00,27/7/2024 18:45
Women's 200m Round 1,ATH,Athletics,STA,4/8/2024 10:55,4/8/2024 11:36
50m Rifle 3 Pos. Women's Qualification,SHO,Shooting,CTX,1/8/2024 12:00,1/8/2024 13:30
Women's 75kg - Quarterfinals,BOX,Boxing,NPA,4/8/2024 11:32,4/8/2024 11:43
MGR 130kg 1/8 Finals,WRE,Wrestling,CDM,5/8/2024 15:28,5/8/2024 15:35
10m Air Pistol Women Training,SHO,Shooting,CTX,26/7/2024 11:45,26/7/2024 13:00
Women's Pool Round,BK3,3x3 Basketball,LC,3/8/2024 18:35,3/8/2024 19:00
Men's Foil Individual Table of 32,FEN,Fencing,GRP,29/7/2024 13:05,29/7/2024 13:35
MFS 65kg 1/8 Finals,WRE,Wrestling,CDM,10/8/2024 12:10,10/8/2024 12:17
Men's Singles Third Round,TEN,Tennis,RGA,31/7/2024 12:00,31/7/2024 15:00
Mixed Multihull Opening Series,SAL,Sailing,MAM,3/8/2024 14:49,3/8/2024 15:24
Women's Singles Round of 64,TTE,Table Tennis,SP,28/7/2024 12:15,28/7/2024 13:00
"Women's Team Pursuit, Qualifying",CTR,Cycling Track,VE1,6/8/2024 17:30,6/8/2024 18:59
Women's Foil Individual Table of 32,FEN,Fencing,GRP,28/7/2024 11:25,28/7/2024 11:55
Women's Individual 1/32 Elimination Rnd,ARC,Archery,INV,1/8/2024 17:27,1/8/2024 17:40
MGR 130kg Repechage,WRE,Wrestling,CDM,6/8/2024 11:07,6/8/2024 11:14
Women's Pool B,HOC,Hockey,YDM,27/7/2024 19:45,27/7/2024 21:15
MGR 60kg Final,WRE,Wrestling,CDM,6/8/2024 19:11,6/8/2024 19:18
MGR 60kg 1/8 Finals,WRE,Wrestling,CDM,5/8/2024 15:28,5/8/2024 15:35
Men's Qualification,GAR,Artistic Gymnastics,BCY,27/7/2024 15:30,27/7/2024 18:03
Women's 66kg - Semifinals,BOX,Boxing,RGA,6/8/2024 22:50,6/8/2024 23:01
Men -90 kg Repechage,JUD,Judo,CDM,31/7/2024 16:30,31/7/2024 16:36
Men -68kg Round of 16,TKW,Taekwondo,GRP,8/8/2024 12:13,8/8/2024 12:25
Women's Kite Opening Series,SAL,Sailing,MAM,7/8/2024 12:43,7/8/2024 13:00
Women -63 kg Quarterfinals,JUD,Judo,CDM,30/7/2024 12:18,30/7/2024 12:24
Women's Individual 1/32 Elimination Rnd,ARC,Archery,INV,31/7/2024 15:02,31/7/2024 15:15
Men -66 kg Elimination Round of 16,JUD,Judo,CDM,28/7/2024 11:30,28/7/2024 11:36
Men's Group B,FBL,Football,NIC,30/7/2024 17:00,30/7/2024 18:45
Women -57kg Gold Medal Contest,TKW,Taekwondo,GRP,8/8/2024 21:37,8/8/2024 21:52
10m Air Pistol Women's Qualification,SHO,Shooting,CTX,27/7/2024 12:30,27/7/2024 13:45
Women's Quarter-finals,HOC,Hockey,YDM,5/8/2024 10:00,5/8/2024 11:45
Women's Individual Stroke Play,GLF,Golf,LGN,10/8/2024 9:00,10/8/2024 18:00
Women's 400m Hurdles Final,ATH,Athletics,STA,8/8/2024 21:25,8/8/2024 21:26
Men's 200m Butterfly Semifinals,SWM,Swimming,DEF,30/7/2024 20:44,30/7/2024 21:00
Men's Pool C,RU7,Rugby Sevens,STA,25/7/2024 15:30,25/7/2024 15:46
MGR 130kg 1/8 Finals,WRE,Wrestling,CDM,5/8/2024 15:35,5/8/2024 15:42
MGR 67kg 1/4 Finals,WRE,Wrestling,CDM,7/8/2024 12:24,7/8/2024 12:31
Women's 60kg - Prelims - Round of 32,BOX,Boxing,NPA,27/7/2024 21:04,27/7/2024 21:15
Men's Sabre Individual Table of 8,FEN,Fencing,GRP,27/7/2024 16:15,27/7/2024 16:40
Men's Sabre Team Table of 8,FEN,Fencing,GRP,31/7/2024 13:30,31/7/2024 14:20
Women -78 kg Semifinals,JUD,Judo,CDM,1/8/2024 16:42,1/8/2024 16:48
WFS 57kg 1/8 Finals,WRE,Wrestling,CDM,8/8/2024 11:42,8/8/2024 11:49
Women's 50kg - Prelims - Round of 16,BOX,Boxing,NPA,1/8/2024 15:30,1/8/2024 15:41
Men's Singles Group Play Stage - Grp P,BDM,Badminton,CPL,27/7/2024 21:10,27/7/2024 21:50
LWT Women's Double Sculls Semifinals,ROW,Rowing,VN,31/7/2024 11:44,31/7/2024 11:51
Men's Sabre Individual Table of 32,FEN,Fencing,GRP,27/7/2024 12:30,27/7/2024 12:55
Women's Group Phase - Group B,BKB,Basketball,LIL,1/8/2024 13:30,1/8/2024 15:15
Men's Singles Quarterfinals,BDM,Badminton,CPL,2/8/2024 18:45,2/8/2024 19:45
Men's Singles Second Round,TEN,Tennis,RGA,30/7/2024 12:00,30/7/2024 13:30
Men's Doubles First Round,TEN,Tennis,RGA,29/7/2024 12:00,29/7/2024 13:30
Men's Speed Semifinals,CLB,Sport Climbing,LBO,8/8/2024 12:46,8/8/2024 12:48
Men's Épée Individual Table of 8,FEN,Fencing,GRP,28/7/2024 16:25,28/7/2024 16:50
Women's Épée Team Semifinals,FEN,Fencing,GRP,30/7/2024 15:50,30/7/2024 16:40
Women's Preliminary Round - Pool B,VVO,Volleyball,SP,4/8/2024 21:00,4/8/2024 23:15
Women's 54kg - Quarterfinals,BOX,Boxing,NPA,1/8/2024 21:04,1/8/2024 21:15
Men's Skiff Opening Series,SAL,Sailing,MAM,31/7/2024 15:59,31/7/2024 16:34
MGR 97kg 1/8 Finals,WRE,Wrestling,CDM,6/8/2024 11:56,6/8/2024 12:03
Men's Windsurfing Opening Series,SAL,Sailing,MAM,31/7/2024 16:15,31/7/2024 16:24
Women's Singles Quarterfinals,TTE,Table Tennis,SP,1/8/2024 16:00,1/8/2024 17:00
Men -81 kg Elimination Round of 32,JUD,Judo,CDM,30/7/2024 11:24,30/7/2024 11:30
Men's Kite Opening Series,SAL,Sailing,MAM,4/8/2024 13:03,4/8/2024 13:20
Men's 100m Freestyle Final,SWM,Swimming,DEF,31/7/2024 22:39,31/7/2024 22:46
Women's Semi-finals,HOC,Hockey,YDM,7/8/2024 19:00,7/8/2024 20:45
MGR 87kg 1/8 Finals,WRE,Wrestling,CDM,7/8/2024 11:28,7/8/2024 11:35
Women -63 kg Elimination Round of 16,JUD,Judo,CDM,30/7/2024 11:18,30/7/2024 11:24
Men's Play-in Games,BK3,3x3 Basketball,LC,4/8/2024 22:05,4/8/2024 22:25
Women's 400m Hurdles Semi-Final,ATH,Athletics,STA,6/8/2024 20:07,6/8/2024 20:28
Women's Quarterfinals,WPO,Water Polo,DEF,6/8/2024 14:00,6/8/2024 15:25
Women's Pole Vault Final,ATH,Athletics,STA,7/8/2024 18:15,7/8/2024 21:30
B-Girls Round Robin - Group B,BKG,Breaking,LC,9/8/2024 16:57,9/8/2024 17:03
Women -70 kg Elimination Round of 16,JUD,Judo,CDM,31/7/2024 11:18,31/7/2024 11:24
Men's Canoe Double 500m Finals,CSP,Canoe Sprint,VN,8/8/2024 13:30,8/8/2024 13:37
Men's 71kg - Prelims - Round of 32,BOX,Boxing,NPA,28/7/2024 15:46,28/7/2024 15:57
B-Girls Round Robin - Group D,BKG,Breaking,LC,9/8/2024 17:21,9/8/2024 17:27
Men's Preliminary Round - Group A,WPO,Water Polo,AQC,28/7/2024 21:05,28/7/2024 22:30
Women's Sabre Individual Table of 32,FEN,Fencing,GRP,29/7/2024 11:40,29/7/2024 12:05
Men's 4 x 200m Freestyle Relay - Heats,SWM,Swimming,DEF,30/7/2024 13:20,30/7/2024 13:39
B-Girls Semifinals,BKG,Breaking,LC,9/8/2024 20:55,9/8/2024 21:02
10m Air Pistol Women's Final,SHO,Shooting,CTX,28/7/2024 12:00,28/7/2024 12:45
Men's 92kg - Prelims - Round of 16,BOX,Boxing,NPA,28/7/2024 20:16,28/7/2024 20:27
Men's Windsurfing Opening Series,SAL,Sailing,MAM,1/8/2024 14:07,1/8/2024 14:28
Men's Sabre Team Table of 8,FEN,Fencing,GRP,31/7/2024 13:30,31/7/2024 14:20
Women's Team 1/8 Elimination Round,ARC,Archery,INV,28/7/2024 9:30,28/7/2024 9:53
Men's Sabre Individual Finals,FEN,Fencing,GRP,27/7/2024 21:05,27/7/2024 21:30
MFS 74kg 1/4 Finals,WRE,Wrestling,CDM,9/8/2024 12:31,9/8/2024 12:38
Men's Individual 1/32 Elimination Round,ARC,Archery,INV,30/7/2024 12:13,30/7/2024 12:26
Women -67kg Round of 16,TKW,Taekwondo,GRP,9/8/2024 9:33,9/8/2024 9:46
Mixed Doubles First Round,TEN,Tennis,RGA,29/7/2024 12:00,29/7/2024 19:30
Men -80kg Round of 16,TKW,Taekwondo,GRP,9/8/2024 9:46,9/8/2024 9:58
Women's 100m Butterfly Semifinals,SWM,Swimming,DEF,27/7/2024 20:30,27/7/2024 20:42
Women's Single Sculls Semifinals,ROW,Rowing,VN,29/7/2024 9:54,29/7/2024 10:01
Women's Round 3,SRF,Surfing,TAH,1/8/2024 21:24,1/8/2024 21:54
Women's Singles Group Play Stage - Grp M,BDM,Badminton,CPL,30/7/2024 8:30,30/7/2024 9:10
MFS 125kg Bronze Medal Matches,WRE,Wrestling,CDM,10/8/2024 19:45,10/8/2024 19:55
"Men's Sprint, Quarterfinals",CTR,Cycling Track,VE1,8/8/2024 18:01,8/8/2024 18:15
Mixed Multihull Opening Series,SAL,Sailing,MAM,6/8/2024 12:05,6/8/2024 12:40
Men's Preliminary - Pool C - Matches,VBV,Beach Volleyball,EIF,3/8/2024 10:00,3/8/2024 10:50
Men -68kg Quarterfinals,TKW,Taekwondo,GRP,8/8/2024 15:06,8/8/2024 15:19
Women's Kayak Single 500m Finals,CSP,Canoe Sprint,VN,10/8/2024 12:50,10/8/2024 12:57
Women's Sabre Individual Table of 32,FEN,Fencing,GRP,29/7/2024 10:50,29/7/2024 11:15
Women's 50kg - Prelims - Round of 16,BOX,Boxing,NPA,1/8/2024 15:46,1/8/2024 15:57
Women's Singles Round of 64,TTE,Table Tennis,SP,27/7/2024 20:00,27/7/2024 20:45
Women's Singles Second Round,TEN,Tennis,RGA,29/7/2024 12:00,29/7/2024 15:00
Women's Finals,VBV,Beach Volleyball,EIF,9/8/2024 22:30,9/8/2024 23:20
B-Boys Round Robin - Group A,BKG,Breaking,LC,10/8/2024 16:49,10/8/2024 16:55
Women's Foil Team Table of 8,FEN,Fencing,GRP,1/8/2024 11:50,1/8/2024 13:00
Men's Singles Round of 64,TTE,Table Tennis,SP,29/7/2024 10:00,29/7/2024 11:00
Men's 63.5kg - Quarterfinals,BOX,Boxing,NPA,1/8/2024 12:52,1/8/2024 13:03
MFS 74kg 1/4 Finals,WRE,Wrestling,CDM,9/8/2024 12:38,9/8/2024 12:45
Men's Sabre Individual Table of 64,FEN,Fencing,GRP,27/7/2024 10:25,27/7/2024 10:50
Women's Sabre Team Classifications 5-8,FEN,Fencing,GRP,3/8/2024 14:30,3/8/2024 15:20
Men's Foil Individual Finals,FEN,Fencing,GRP,29/7/2024 21:15,29/7/2024 21:45
Trap Women's Qualification,SHO,Shooting,CTX,31/7/2024 9:00,31/7/2024 12:00
Men's Singles Round of 16,TTE,Table Tennis,SP,31/7/2024 22:00,31/7/2024 23:00
Women's Foil Individual Table of 32,FEN,Fencing,GRP,28/7/2024 10:55,28/7/2024 11:25
Women's Foil Team Table of 8,FEN,Fencing,GRP,1/8/2024 11:50,1/8/2024 13:00
Men's Individual 1/16 Elimination Round,ARC,Archery,INV,1/8/2024 12:58,1/8/2024 13:11
Men -73 kg Elimination Round of 32,JUD,Judo,CDM,29/7/2024 11:12,29/7/2024 11:18
Men's Singles First Round,TEN,Tennis,RGA,28/7/2024 12:00,28/7/2024 18:00
Men -81 kg Quarterfinals,JUD,Judo,CDM,30/7/2024 12:42,30/7/2024 12:48
Women's Round 1,SRF,Surfing,TAH,27/7/2024 23:48,28/7/2024 0:18
MGR 87kg 1/4 Finals,WRE,Wrestling,CDM,7/8/2024 12:10,7/8/2024 12:17
Women's 10m Platform Final,DIV,Diving,AQC,6/8/2024 15:00,6/8/2024 16:18
Men's Play-in Games,BK3,3x3 Basketball,LC,4/8/2024 21:30,4/8/2024 21:50
Men's Épée Individual Table of 32,FEN,Fencing,GRP,28/7/2024 12:25,28/7/2024 12:50
Women's Skiff Opening Series,SAL,Sailing,MAM,29/7/2024 12:55,29/7/2024 13:30
Men's Pool A,HOC,Hockey,YDM,30/7/2024 10:30,30/7/2024 12:00
Women's Doubles First Round,TEN,Tennis,RGA,29/7/2024 12:00,29/7/2024 18:00
Men's Doubles Finals,TEN,Tennis,RGA,3/8/2024 12:00,3/8/2024 15:00
Men's Canoe Single 1000m Semifinals,CSP,Canoe Sprint,VN,9/8/2024 11:40,9/8/2024 11:47
MFS 65kg 1/8 Finals,WRE,Wrestling,CDM,10/8/2024 11:35,10/8/2024 11:42
Men's Doubles Group Play Stage - Grp C,BDM,Badminton,CPL,29/7/2024 8:30,29/7/2024 8:30
"Men, Last Chance Race",BMX,Cycling BMX Racing,VE2,1/8/2024 22:05,1/8/2024 22:10
Jumping Team Qualifier,EQU,Equestrian,VER,1/8/2024 11:00,1/8/2024 14:00
MGR 97kg 1/8 Finals,WRE,Wrestling,CDM,6/8/2024 11:35,6/8/2024 11:42
Men -66 kg Elimination Round of 32,JUD,Judo,CDM,28/7/2024 11:00,28/7/2024 11:06
MFS 86kg Repechage,WRE,Wrestling,CDM,9/8/2024 11:00,9/8/2024 11:07
Men's Preliminary Round - Group A,WPO,Water Polo,AQC,28/7/2024 15:00,28/7/2024 16:25
Women's Double Sculls Repechages,ROW,Rowing,VN,28/7/2024 10:10,28/7/2024 10:17
WFS 50kg 1/4 Finals,WRE,Wrestling,CDM,6/8/2024 12:31,6/8/2024 12:38
Men's 200m Individual Medley Semifinals,SWM,Swimming,DEF,1/8/2024 21:47,1/8/2024 22:03
Men's Singles First Round,TEN,Tennis,RGA,28/7/2024 12:00,28/7/2024 19:30
Men's 92kg - Prelims - Round of 16,BOX,Boxing,NPA,28/7/2024 11:48,28/7/2024 11:59
Trap Women's Final,SHO,Shooting,CTX,31/7/2024 15:30,31/7/2024 16:45
Men's Sabre Team Classifications 5-8,FEN,Fencing,GRP,31/7/2024 15:00,31/7/2024 15:50
Women's Round of 16,VBV,Beach Volleyball,EIF,4/8/2024 18:00,4/8/2024 18:50
Women's Kayak Cross Final,CSL,Canoe Slalom,VN,5/8/2024 16:43,5/8/2024 16:47
Women's Singles Round of 64,TTE,Table Tennis,SP,27/7/2024 20:00,27/7/2024 20:45
Men's Finals,RU7,Rugby Sevens,STA,27/7/2024 19:00,27/7/2024 19:16
Men's 200m Semi-Final,ATH,Athletics,STA,7/8/2024 20:02,7/8/2024 20:19
Eventing Team Cross Country,EQU,Equestrian,VER,28/7/2024 10:30,28/7/2024 15:30
Men's 400m Hurdles Semi-Final,ATH,Athletics,STA,7/8/2024 19:35,7/8/2024 19:52
MFS 97kg 1/4 Finals,WRE,Wrestling,CDM,10/8/2024 12:24,10/8/2024 12:31
WFS 50kg 1/8 Finals,WRE,Wrestling,CDM,6/8/2024 11:28,6/8/2024 11:35
MFS 65kg Final,WRE,Wrestling,CDM,11/8/2024 12:20,11/8/2024 12:30
Mixed Doubles Finals,TEN,Tennis,RGA,2/8/2024 12:00,2/8/2024 18:00
Men's Decathlon Long Jump,ATH,Athletics,STA,2/8/2024 10:55,2/8/2024 11:37
Women's Preliminary Round Group A,HBL,Handball,SP,30/7/2024 11:00,30/7/2024 12:30
Women's 75kg - Prelims - Round of 16,BOX,Boxing,NPA,31/7/2024 12:52,31/7/2024 13:03
Women's Kayak Double 500m Heats,CSP,Canoe Sprint,VN,6/8/2024 12:10,6/8/2024 12:47
Women's Singles First Round,TEN,Tennis,RGA,28/7/2024 12:00,28/7/2024 16:30
Women's Individual 1/8 Elimination Round,ARC,Archery,INV,3/8/2024 11:01,3/8/2024 11:14
Women's Round 3,SRF,Surfing,TAH,1/8/2024 19:00,1/8/2024 19:30
Women -63 kg Elimination Round of 32,JUD,Judo,CDM,30/7/2024 10:36,30/7/2024 10:42
Women's Singles Group Play Stage - Grp A,BDM,Badminton,CPL,30/7/2024 14:00,30/7/2024 14:40
Women's Quarterfinals,BKB,Basketball,BCY,7/8/2024 14:30,7/8/2024 16:15
Men's 800m Round 1,ATH,Athletics,STA,7/8/2024 11:55,7/8/2024 12:37
Men's Decathlon 100m,ATH,Athletics,STA,2/8/2024 10:05,2/8/2024 10:22
Men's 51kg - Semifinals,BOX,Boxing,NPA,4/8/2024 16:50,4/8/2024 17:01
Women -70 kg Elimination Round of 16,JUD,Judo,CDM,31/7/2024 11:12,31/7/2024 11:18
Women's Singles Round of 32,TTE,Table Tennis,SP,31/7/2024 10:00,31/7/2024 11:00
MFS 86kg Repechage,WRE,Wrestling,CDM,9/8/2024 11:07,9/8/2024 11:14
Men -66 kg Elimination Round of 16,JUD,Judo,CDM,28/7/2024 11:18,28/7/2024 11:24
Women's Team Round of 16,TTE,Table Tennis,SP,5/8/2024 10:00,5/8/2024 13:00
Men -66 kg Repechage,JUD,Judo,CDM,28/7/2024 16:00,28/7/2024 16:06
Women's Preliminary - Pool E - Matches,VBV,Beach Volleyball,EIF,2/8/2024 17:00,2/8/2024 17:50
MGR 130kg 1/8 Finals,WRE,Wrestling,CDM,5/8/2024 15:00,5/8/2024 15:07
Men -90 kg Elimination Round of 32,JUD,Judo,CDM,31/7/2024 10:54,31/7/2024 11:00
Women's 66kg - Semifinals,BOX,Boxing,RGA,6/8/2024 22:34,6/8/2024 22:45
WFS 62kg 1/8 Finals,WRE,Wrestling,CDM,9/8/2024 11:49,9/8/2024 11:56
Group All-Around Final,GRY,Rhythmic Gymnastics,CPL,10/8/2024 14:00,10/8/2024 15:26
Women's Singles Group Play Stage - Grp L,BDM,Badminton,CPL,31/7/2024 14:00,31/7/2024 14:40
Men -80kg Round of 16,TKW,Taekwondo,GRP,9/8/2024 9:21,9/8/2024 9:33
Men's Épée Individual Semifinals,FEN,Fencing,GRP,28/7/2024 20:25,28/7/2024 20:50
Men's Individual 1/8 Elimination Round,ARC,Archery,INV,4/8/2024 9:30,4/8/2024 9:43
Men +80kg Repechages,TKW,Taekwondo,GRP,10/8/2024 19:30,10/8/2024 19:40
WFS 53kg 1/4 Finals,WRE,Wrestling,CDM,7/8/2024 12:17,7/8/2024 12:24
Women's Preliminary Round - Group A,WPO,Water Polo,AQC,2/8/2024 14:00,2/8/2024 15:25
Men's Singles Second Round,TEN,Tennis,RGA,29/7/2024 12:00,29/7/2024 16:30
Men's Singles Round of 64,TTE,Table Tennis,SP,28/7/2024 12:15,28/7/2024 13:00
Men's Preliminary - Pool D - Matches,VBV,Beach Volleyball,EIF,1/8/2024 15:00,1/8/2024 15:50
Women's Pair Semifinals,ROW,Rowing,VN,31/7/2024 10:54,31/7/2024 11:01
Women's Kayak Cross Heats,CSL,Canoe Slalom,VN,4/8/2024 16:45,4/8/2024 17:25
Men's Singles Third Round,TEN,Tennis,RGA,31/7/2024 12:00,31/7/2024 18:00
Men -100 kg Elimination Round of 16,JUD,Judo,CDM,1/8/2024 11:36,1/8/2024 11:42
Women +78 kg Repechage,JUD,Judo,CDM,2/8/2024 16:06,2/8/2024 16:12
Men's 3m Springboard Final,DIV,Diving,AQC,8/8/2024 15:00,8/8/2024 16:19
Mixed Team Quarterfinals,JUD,Judo,CDM,3/8/2024 11:30,3/8/2024 11:45
Men's Singles Third Round,TEN,Tennis,RGA,31/7/2024 13:00,31/7/2024 14:30
Women -70 kg Elimination Round of 32,JUD,Judo,CDM,31/7/2024 10:00,31/7/2024 10:06
Men's Singles First Round,TEN,Tennis,RGA,28/7/2024 12:00,28/7/2024 15:00
Men's Boulder & Lead Final,CLB,Sport Climbing,LBO,9/8/2024 12:35,9/8/2024 13:20
Men's Rings Final,GAR,Artistic Gymnastics,BCY,4/8/2024 15:00,4/8/2024 15:37
Women's Preliminary Round Group B,HBL,Handball,SP,3/8/2024 9:00,3/8/2024 10:30
Men -100 kg Elimination Round of 32,JUD,Judo,CDM,1/8/2024 10:24,1/8/2024 10:30
Women's Preliminary Round Group B,HBL,Handball,SP,25/7/2024 14:00,25/7/2024 15:30
Men's Foil Individual Table of 32,FEN,Fencing,GRP,29/7/2024 13:35,29/7/2024 14:05
Women's Doubles First Round,TEN,Tennis,RGA,29/7/2024 12:00,29/7/2024 18:00
Eventing Team Dressage,EQU,Equestrian,VER,27/7/2024 9:30,27/7/2024 18:30
50m Rifle 3 Pos. Men's Qualification,SHO,Shooting,CTX,31/7/2024 9:00,31/7/2024 10:30
Men's 73kg,WLF,Weightlifting,SP,8/8/2024 19:30,8/8/2024 22:00
Women -52 kg Quarterfinals,JUD,Judo,CDM,28/7/2024 11:54,28/7/2024 12:00
B-Boys Round Robin - Group B,BKG,Breaking,LC,10/8/2024 17:07,10/8/2024 17:13
Men's Singles First Round,TEN,Tennis,RGA,28/7/2024 12:00,28/7/2024 18:00
Women's Foil Individual Table of 32,FEN,Fencing,GRP,28/7/2024 10:55,28/7/2024 11:25
Men's Preliminary Round Group B,HBL,Handball,SP,29/7/2024 14:00,29/7/2024 15:30
Men -90 kg Elimination Round of 32,JUD,Judo,CDM,31/7/2024 11:06,31/7/2024 11:12
Men -58kg Round of 16,TKW,Taekwondo,GRP,7/8/2024 11:48,7/8/2024 12:00
Women -78 kg Repechage,JUD,Judo,CDM,1/8/2024 16:24,1/8/2024 16:30
Men's Round 2,SRF,Surfing,TAH,29/7/2024 4:20,29/7/2024 4:50
Women's Singles Group Play Stage - Grp D,BDM,Badminton,CPL,27/7/2024 14:50,27/7/2024 15:30
Women's Preliminary Round - Group A,WPO,Water Polo,AQC,2/8/2024 20:05,2/8/2024 21:30
Men's Foil Individual Table of 64,FEN,Fencing,GRP,29/7/2024 9:55,29/7/2024 10:25
Women's Round 1,SRF,Surfing,TAH,28/7/2024 3:24,28/7/2024 3:54
B-Boys Semifinals,BKG,Breaking,LC,10/8/2024 20:47,10/8/2024 20:54
Women's Individual 1/32 Elimination Rnd,ARC,Archery,INV,1/8/2024 20:03,1/8/2024 20:16
Men's Pool B,HOC,Hockey,YDM,1/8/2024 13:15,1/8/2024 14:45
Men's Pool Round,BK3,3x3 Basketball,LC,31/7/2024 22:05,31/7/2024 22:30
Men's 80kg - Semifinals,BOX,Boxing,NPA,4/8/2024 12:52,4/8/2024 13:03
10m Air Rifle Women's Training,SHO,Shooting,CTX,27/7/2024 14:15,27/7/2024 15:30
Men's Foil Individual Table of 16,FEN,Fencing,GRP,29/7/2024 14:55,29/7/2024 15:25
Men's Preliminary Round - Pool B,VVO,Volleyball,SP,27/7/2024 13:00,27/7/2024 15:15
Men's Kite Opening Series,SAL,Sailing,MAM,7/8/2024 16:00,7/8/2024 16:17
Women's Singles Round of 32,TTE,Table Tennis,SP,29/7/2024 22:00,29/7/2024 23:00
Men's Singles Group Play Stage - Grp L,BDM,Badminton,CPL,31/7/2024 10:10,31/7/2024 10:50
Skeet Men's Final,SHO,Shooting,CTX,3/8/2024 15:30,3/8/2024 16:45
Women's Discus Throw Qualification,ATH,Athletics,STA,2/8/2024 20:20,2/8/2024 21:12
Women's Individual Semi-finals,MPN,Modern Pentathlon,VER,10/8/2024 9:30,10/8/2024 10:05
Men's Kite Final,SAL,Sailing,MAM,9/8/2024 12:49,9/8/2024 12:55
Men -60 kg Elimination Round of 16,JUD,Judo,CDM,27/7/2024 11:06,27/7/2024 11:12
MGR 97kg 1/4 Finals,WRE,Wrestling,CDM,6/8/2024 12:24,6/8/2024 12:31
Women -57kg Round of 16,TKW,Taekwondo,GRP,8/8/2024 12:00,8/8/2024 12:13
Men's Preliminary Round Group B,HBL,Handball,SP,4/8/2024 11:00,4/8/2024 12:30
10m Air Rifle Mixed Team Final,SHO,Shooting,CTX,27/7/2024 10:30,27/7/2024 10:50
Men's Round 1,SRF,Surfing,TAH,27/7/2024 19:00,27/7/2024 19:30
Women's Sabre Individual Table of 8,FEN,Fencing,GRP,29/7/2024 15:55,29/7/2024 16:20
Mixed Doubles Quarterfinals,BDM,Badminton,CPL,31/7/2024 21:10,31/7/2024 22:10
Women's Preliminary - Pool C - Matches,VBV,Beach Volleyball,EIF,28/7/2024 12:00,28/7/2024 12:50
Men's Preliminary Round Group B,HBL,Handball,SP,31/7/2024 9:00,31/7/2024 10:30
"Women's Madison, Final",CTR,Cycling Track,VE1,9/8/2024 18:09,9/8/2024 19:02
Men's Group Phase - Group A,BKB,Basketball,LIL,27/7/2024 21:00,27/7/2024 22:45
Women -48 kg Elimination Round of 32,JUD,Judo,CDM,27/7/2024 10:18,27/7/2024 10:24
Women's Singles Round of 32,TTE,Table Tennis,SP,30/7/2024 11:00,30/7/2024 12:00
Men's Sabre Individual Table of 16,FEN,Fencing,GRP,27/7/2024 15:25,27/7/2024 15:50
Women's Classification 5th-8th,WPO,Water Polo,DEF,8/8/2024 18:00,8/8/2024 19:25
Men's 71kg - Prelims - Round of 16,BOX,Boxing,NPA,31/7/2024 21:20,31/7/2024 21:31
MFS 86kg 1/4 Finals,WRE,Wrestling,CDM,8/8/2024 12:10,8/8/2024 12:17
MFS 74kg 1/8 Finals,WRE,Wrestling,CDM,9/8/2024 11:35,9/8/2024 11:42
MFS 125kg Semifinals,WRE,Wrestling,CDM,9/8/2024 18:45,9/8/2024 18:55
Women -48 kg Semifinals,JUD,Judo,CDM,27/7/2024 16:18,27/7/2024 16:24
Women's Javelin Throw Final,ATH,Athletics,STA,10/8/2024 19:30,10/8/2024 20:48
Women's Group C,FBL,Football,NAN,25/7/2024 17:00,25/7/2024 18:45
Men's +92kg - Quarterfinals,BOX,Boxing,NPA,2/8/2024 17:38,2/8/2024 17:49
Men's Singles Group Play Stage - Grp C,BDM,Badminton,CPL,27/7/2024 11:00,27/7/2024 12:00
Men -73 kg Final,JUD,Judo,CDM,29/7/2024 17:18,29/7/2024 17:24
Women's Group A,FBL,Football,LYO,28/7/2024 17:00,28/7/2024 18:45
Women's 50kg - Quarterfinals,BOX,Boxing,NPA,3/8/2024 21:04,3/8/2024 21:15
Mixed Team Elimination Round of 32,JUD,Judo,CDM,3/8/2024 8:42,3/8/2024 8:42
Women -78 kg Contests for Bronze Medals,JUD,Judo,CDM,1/8/2024 17:06,1/8/2024 17:12
Women's Individual Quarterfinals,ARC,Archery,INV,3/8/2024 13:26,3/8/2024 13:39
Women's 57kg - Semifinals,BOX,Boxing,RGA,7/8/2024 21:30,7/8/2024 21:41
Jumping Individual Qualification,EQU,Equestrian,VER,5/8/2024 14:00,5/8/2024 18:00
Men's Quarter-finals,RU7,Rugby Sevens,STA,25/7/2024 21:00,25/7/2024 21:16
Men's Vault Final,GAR,Artistic Gymnastics,BCY,4/8/2024 16:24,4/8/2024 17:07
Men's Singles Group Play Stage - Grp G,BDM,Badminton,CPL,28/7/2024 10:10,28/7/2024 10:50
Men's +92kg - Quarterfinals,BOX,Boxing,NPA,2/8/2024 22:08,2/8/2024 22:19
Women's Individual 1/32 Elimination Rnd,ARC,Archery,INV,31/7/2024 13:44,31/7/2024 13:57
Men's Preliminary Round Group A,HBL,Handball,SP,31/7/2024 16:00,31/7/2024 17:30
Men's Javelin Throw Qualification,ATH,Athletics,STA,6/8/2024 10:20,6/8/2024 11:16
Men -81 kg Elimination Round of 32,JUD,Judo,CDM,30/7/2024 10:06,30/7/2024 10:12
Men's Preliminary - Pool C - Matches,VBV,Beach Volleyball,EIF,30/7/2024 10:00,30/7/2024 10:50
Men's Round 2,SRF,Surfing,TAH,29/7/2024 3:34,29/7/2024 4:14
Men -66 kg Elimination Round of 32,JUD,Judo,CDM,28/7/2024 10:42,28/7/2024 10:48
Women's 57kg - Quarterfinals,BOX,Boxing,NPA,4/8/2024 15:30,4/8/2024 15:41
Women's Preliminary Round - Group A,WPO,Water Polo,AQC,31/7/2024 14:00,31/7/2024 15:25
Women's Team Finals,TTE,Table Tennis,SP,10/8/2024 10:00,10/8/2024 13:00
Women's Kayak Cross Quarterfinal,CSL,Canoe Slalom,VN,5/8/2024 15:30,5/8/2024 15:50
Women's Singles Round of 64,TTE,Table Tennis,SP,29/7/2024 10:00,29/7/2024 11:00
Men's Kayak Cross Repechage,CSL,Canoe Slalom,VN,3/8/2024 18:45,3/8/2024 19:10
MFS 97kg Bronze Medal Matches,WRE,Wrestling,CDM,11/8/2024 12:30,11/8/2024 12:40
MFS 86kg 1/8 Finals,WRE,Wrestling,CDM,8/8/2024 11:14,8/8/2024 11:21
Men -73 kg Elimination Round of 16,JUD,Judo,CDM,29/7/2024 11:30,29/7/2024 11:36
Men's Decathlon Discus Throw,ATH,Athletics,STA,3/8/2024 10:55,3/8/2024 11:31
Men's Foil Individual Table of 32,FEN,Fencing,GRP,29/7/2024 13:05,29/7/2024 13:35
Women's Preliminary Round - Pool B,VVO,Volleyball,SP,1/8/2024 13:00,1/8/2024 15:15
Men's Finals,VVO,Volleyball,SP,9/8/2024 16:00,9/8/2024 18:15
Women +67kg Round of 16,TKW,Taekwondo,GRP,10/8/2024 12:00,10/8/2024 12:13
Women's Double Sculls Semifinals,ROW,Rowing,VN,30/7/2024 10:50,30/7/2024 10:57
Women's Épée Team Table of 8,FEN,Fencing,GRP,30/7/2024 13:30,30/7/2024 14:20
Women's 200m Individual Medley Final,SWM,Swimming,DEF,3/8/2024 21:08,3/8/2024 21:15
Women -48 kg Quarterfinals,JUD,Judo,CDM,27/7/2024 12:24,27/7/2024 12:30
B-Girls Finals,BKG,Breaking,LC,9/8/2024 21:29,9/8/2024 21:38
10m Air Rifle Men's Final,SHO,Shooting,CTX,29/7/2024 12:00,29/7/2024 12:45
Men's +92kg - Semifinals,BOX,Boxing,RGA,7/8/2024 22:18,7/8/2024 22:29
Women's 60kg - Prelims - Round of 32,BOX,Boxing,NPA,27/7/2024 16:18,27/7/2024 16:29
MFS 57kg 1/8 Finals,WRE,Wrestling,CDM,8/8/2024 11:56,8/8/2024 12:03
Men's Preliminary Round Group B,HBL,Handball,SP,31/7/2024 19:00,31/7/2024 20:30
Women's Singles Round of 64,TTE,Table Tennis,SP,28/7/2024 21:00,28/7/2024 22:00
Men's Doubles Group Play Stage - Grp A,BDM,Badminton,CPL,29/7/2024 20:20,29/7/2024 21:00
Men's Individual Semi-finals,MPN,Modern Pentathlon,VER,9/8/2024 18:10,9/8/2024 18:25
Women's Round of 16,VBV,Beach Volleyball,EIF,5/8/2024 21:00,5/8/2024 21:50
Women's Kite Semifinals,SAL,Sailing,MAM,8/8/2024 14:45,8/8/2024 14:51
Trap Men's Final,SHO,Shooting,CTX,30/7/2024 15:30,30/7/2024 16:45
Men's Singles Round of 32,TTE,Table Tennis,SP,31/7/2024 12:00,31/7/2024 13:00
MFS 86kg Semifinals,WRE,Wrestling,CDM,8/8/2024 18:36,8/8/2024 18:43
MGR 77kg Bronze Medal Matches,WRE,Wrestling,CDM,7/8/2024 19:04,7/8/2024 19:11
Women's Pool Round,BK3,3x3 Basketball,LC,2/8/2024 21:30,2/8/2024 21:55
Women's Pool C,RU7,Rugby Sevens,STA,28/7/2024 20:30,28/7/2024 20:46
WFS 76kg Repechage,WRE,Wrestling,CDM,11/8/2024 11:50,11/8/2024 12:00
Women's Singles Group Play Stage - Grp E,BDM,Badminton,CPL,30/7/2024 8:30,30/7/2024 9:10
Men -90 kg Elimination Round of 16,JUD,Judo,CDM,31/7/2024 11:42,31/7/2024 11:48
Women's Single Sculls Heats,ROW,Rowing,VN,27/7/2024 10:12,27/7/2024 11:19
Men's Pool B,HOC,Hockey,YDM,27/7/2024 10:30,27/7/2024 12:00
Mixed Multihull Opening Series,SAL,Sailing,MAM,4/8/2024 17:29,4/8/2024 18:04
WFS 57kg 1/8 Finals,WRE,Wrestling,CDM,8/8/2024 12:03,8/8/2024 12:10
Men's 80kg - Prelims - Round of 16,BOX,Boxing,NPA,30/7/2024 20:32,30/7/2024 20:43
Women's Singles Second Round,TEN,Tennis,RGA,29/7/2024 19:00,29/7/2024 22:00
Men's Dinghy Opening Series,SAL,Sailing,MAM,5/8/2024 14:45,5/8/2024 15:36
Women's Preliminary - Pool F - Matches,VBV,Beach Volleyball,EIF,3/8/2024 12:00,3/8/2024 12:50
Women's Windsurfing Opening Series,SAL,Sailing,MAM,30/7/2024 14:37,30/7/2024 14:58
Women's 4 x 100m Relay Final,ATH,Athletics,STA,9/8/2024 19:30,9/8/2024 19:31
WFS 53kg 1/8 Finals,WRE,Wrestling,CDM,7/8/2024 11:07,7/8/2024 11:14
Men's Singles First Round,TEN,Tennis,RGA,28/7/2024 12:00,28/7/2024 18:00
Women's Single Sculls Semifinals,ROW,Rowing,VN,1/8/2024 9:40,1/8/2024 9:47
MGR 87kg 1/8 Finals,WRE,Wrestling,CDM,7/8/2024 12:03,7/8/2024 12:10
Men -81 kg Elimination Round of 32,JUD,Judo,CDM,30/7/2024 10:12,30/7/2024 10:18
Women's Semifinals,VVO,Volleyball,SP,8/8/2024 20:00,8/8/2024 22:15
Men's Épée Individual Table of 64,FEN,Fencing,GRP,28/7/2024 10:00,28/7/2024 10:25
"Women's Team Sprint, Qualifying",CTR,Cycling Track,VE1,5/8/2024 17:00,5/8/2024 17:27
Women's Individual 1/32 Elimination Rnd,ARC,Archery,INV,31/7/2024 18:11,31/7/2024 18:24
Men -90 kg Semifinals,JUD,Judo,CDM,31/7/2024 16:36,31/7/2024 16:42
Women's Doubles Finals,BDM,Badminton,CPL,3/8/2024 16:10,3/8/2024 17:30
Men's Pool B,HOC,Hockey,YDM,2/8/2024 13:15,2/8/2024 14:45
Women's Preliminary Round Group B,HBL,Handball,SP,30/7/2024 16:00,30/7/2024 17:30
Men's Sabre Individual Semifinals,FEN,Fencing,GRP,27/7/2024 20:15,27/7/2024 20:40
MFS 65kg Semifinals,WRE,Wrestling,CDM,10/8/2024 18:25,10/8/2024 18:35
Women's Group Phase - Group A,BKB,Basketball,LIL,31/7/2024 11:00,31/7/2024 12:45
Women's Quarter-finals,FBL,Football,NAN,3/8/2024 21:00,3/8/2024 22:45
10m Air Rifle Women's Final,SHO,Shooting,CTX,29/7/2024 9:30,29/7/2024 10:15
Skeet Mixed Team Final,SHO,Shooting,CTX,5/8/2024 15:00,5/8/2024 15:30
Men's Singles Quarter-finals,TEN,Tennis,RGA,1/8/2024 12:00,1/8/2024 15:00
Men's Doubles Quarter-finals,TEN,Tennis,RGA,31/7/2024 13:30,31/7/2024 16:30
Women's Doubles Finals,TEN,Tennis,RGA,4/8/2024 12:00,4/8/2024 13:30
MGR 97kg 1/8 Finals,WRE,Wrestling,CDM,6/8/2024 11:14,6/8/2024 11:21
Skeet Mixed Team Final,SHO,Shooting,CTX,5/8/2024 15:00,5/8/2024 15:30
Women's Team Final,GAR,Artistic Gymnastics,BCY,30/7/2024 18:15,30/7/2024 20:10
Men's Sabre Individual Table of 16,FEN,Fencing,GRP,27/7/2024 15:00,27/7/2024 15:25
MFS 74kg Final,WRE,Wrestling,CDM,10/8/2024 19:35,10/8/2024 19:45
Women's Épée Individual Table of 32,FEN,Fencing,GRP,27/7/2024 12:05,27/7/2024 12:30
Men's Preliminary - Pool E - Matches,VBV,Beach Volleyball,EIF,28/7/2024 20:00,28/7/2024 20:50
Mixed Doubles Group Play Stage - Grp C,BDM,Badminton,CPL,27/7/2024 14:00,27/7/2024 14:40
Men's Singles Third Round,TEN,Tennis,RGA,31/7/2024 12:00,31/7/2024 13:30
Women's Individual 1/32 Elimination Rnd,ARC,Archery,INV,31/7/2024 12:39,31/7/2024 12:52
WFS 62kg Semifinals,WRE,Wrestling,CDM,9/8/2024 19:05,9/8/2024 19:15
Mixed Multihull Opening Series,SAL,Sailing,MAM,5/8/2024 12:05,5/8/2024 12:40
Women's Canoe Single 200m Semifinals,CSP,Canoe Sprint,VN,10/8/2024 11:40,10/8/2024 11:47
Men's Foil Individual Table of 16,FEN,Fencing,GRP,29/7/2024 14:55,29/7/2024 15:25
MGR 60kg 1/8 Finals,WRE,Wrestling,CDM,5/8/2024 15:07,5/8/2024 15:14
Women's Foil Team Finals,FEN,Fencing,GRP,1/8/2024 16:00,1/8/2024 17:10
Women's Preliminary - Pool B - Matches,VBV,Beach Volleyball,EIF,1/8/2024 22:00,1/8/2024 22:50
Women -78 kg Repechage,JUD,Judo,CDM,1/8/2024 16:30,1/8/2024 16:36
Men's Skiff Opening Series,SAL,Sailing,MAM,28/7/2024 13:15,28/7/2024 13:50
Group All-Around Qualification,GRY,Rhythmic Gymnastics,CPL,9/8/2024 11:16,9/8/2024 12:32
Mixed Doubles First Round,TEN,Tennis,RGA,29/7/2024 12:00,29/7/2024 19:30
Men's Singles First Round,TEN,Tennis,RGA,28/7/2024 12:00,28/7/2024 15:00
Women's Pool B,RU7,Rugby Sevens,STA,29/7/2024 14:00,29/7/2024 14:16
Men's Round 2,SRF,Surfing,TAH,29/7/2024 2:58,29/7/2024 3:28
Men's Doubles Group Play Stage - Grp A,BDM,Badminton,CPL,27/7/2024 10:10,27/7/2024 10:50
Women's All-Around Final,GAR,Artistic Gymnastics,BCY,1/8/2024 18:15,1/8/2024 20:10
10m Air Rifle Mixed Team Qualification,SHO,Shooting,CTX,27/7/2024 9:00,27/7/2024 9:30
Men's Group B,FBL,Football,LYO,27/7/2024 15:00,27/7/2024 16:45
Men's Singles Group Play Stage - Grp E,BDM,Badminton,CPL,28/7/2024 19:30,28/7/2024 20:10
MFS 97kg 1/4 Finals,WRE,Wrestling,CDM,10/8/2024 12:10,10/8/2024 12:17
MGR 87kg 1/8 Finals,WRE,Wrestling,CDM,7/8/2024 11:21,7/8/2024 11:28
Mixed Dinghy Opening Series,SAL,Sailing,MAM,6/8/2024 14:29,6/8/2024 15:19
Women's Round 2,SRF,Surfing,TAH,28/7/2024 20:12,28/7/2024 20:42
Women's Épée Individual Table of 32,FEN,Fencing,GRP,27/7/2024 10:50,27/7/2024 11:15
Men's Singles First Round,TEN,Tennis,RGA,28/7/2024 12:00,28/7/2024 19:30
Women's Team 1/8 Elimination Round,ARC,Archery,INV,28/7/2024 10:16,28/7/2024 10:39
Mixed Doubles First Round,TEN,Tennis,RGA,29/7/2024 12:00,29/7/2024 18:00
Skeet Women's Qualification,SHO,Shooting,CTX,3/8/2024 9:00,3/8/2024 14:30
Women -48 kg Elimination Round of 16,JUD,Judo,CDM,27/7/2024 11:36,27/7/2024 11:42
Men's Group B,FBL,Football,LYO,30/7/2024 17:00,30/7/2024 18:45
Women's Preliminary - Pool E - Matches,VBV,Beach Volleyball,EIF,28/7/2024 15:00,28/7/2024 15:50
Men's Doubles Quarterfinals,BDM,Badminton,CPL,1/8/2024 13:00,1/8/2024 14:00
Men's Windsurfing Opening Series,SAL,Sailing,MAM,31/7/2024 13:43,31/7/2024 13:52
Women's Qualification,GTR,Trampoline Gymnastics,BCY,2/8/2024 12:00,2/8/2024 13:30
"Women, Semifinals",BMX,Cycling BMX Racing,VE2,2/8/2024 20:15,2/8/2024 20:25
Women's Kayak Single 500m Heats,CSP,Canoe Sprint,VN,7/8/2024 9:30,7/8/2024 10:27
Men's Singles Round of 16,BDM,Badminton,CPL,1/8/2024 9:40,1/8/2024 11:00
Men's Singles Finals,BDM,Badminton,CPL,5/8/2024 14:30,5/8/2024 17:30
Women's Kayak Cross Final,CSL,Canoe Slalom,VN,5/8/2024 16:55,5/8/2024 17:00
Men's 63.5kg - Prelims - Round of 16,BOX,Boxing,NPA,29/7/2024 16:02,29/7/2024 16:13
Men's Semi-finals,HOC,Hockey,YDM,6/8/2024 14:00,6/8/2024 15:45
WFS 62kg Final,WRE,Wrestling,CDM,10/8/2024 20:35,10/8/2024 20:45
Men's Sabre Individual Table of 8,FEN,Fencing,GRP,27/7/2024 16:15,27/7/2024 16:40
WFS 57kg 1/8 Finals,WRE,Wrestling,CDM,8/8/2024 11:14,8/8/2024 11:21
Women's Boulder & Lead Final,CLB,Sport Climbing,LBO,10/8/2024 12:35,10/8/2024 13:20
Men's Doubles Group Play Stage - Grp D,BDM,Badminton,CPL,27/7/2024 21:10,27/7/2024 21:50
Women's 57kg - Prelims - Round of 16,BOX,Boxing,NPA,2/8/2024 16:02,2/8/2024 16:13
Men's Doubles Group Play Stage - Grp C,BDM,Badminton,CPL,29/7/2024 11:00,29/7/2024 12:00
Women's Kite Opening Series,SAL,Sailing,MAM,4/8/2024 12:33,4/8/2024 12:50
WFS 50kg 1/4 Finals,WRE,Wrestling,CDM,6/8/2024 12:10,6/8/2024 12:17
Women -70 kg Elimination Round of 32,JUD,Judo,CDM,31/7/2024 10:18,31/7/2024 10:24
Women's Individual Quarterfinals,ARC,Archery,INV,3/8/2024 13:00,3/8/2024 13:13
Women -48 kg Elimination Round of 32,JUD,Judo,CDM,27/7/2024 10:00,27/7/2024 10:06
Women's Épée Individual Table of 64,FEN,Fencing,GRP,27/7/2024 10:00,27/7/2024 10:25
Women's Pole Vault Qualification,ATH,Athletics,STA,5/8/2024 10:40,5/8/2024 13:00
Women's 200m Backstroke - Heats,SWM,Swimming,DEF,1/8/2024 11:00,1/8/2024 11:17
Women's Skiff Opening Series,SAL,Sailing,MAM,30/7/2024 12:45,30/7/2024 13:20
Women's Sabre Individual Table of 16,FEN,Fencing,GRP,29/7/2024 14:30,29/7/2024 14:55
Women -49kg Gold Medal Contest,TKW,Taekwondo,GRP,7/8/2024 21:19,7/8/2024 21:34
Women -78 kg Contests for Bronze Medals,JUD,Judo,CDM,1/8/2024 17:12,1/8/2024 17:18
Men's Singles Finals,TEN,Tennis,RGA,4/8/2024 12:00,4/8/2024 15:00
Men's Foil Individual Table of 64,FEN,Fencing,GRP,29/7/2024 9:25,29/7/2024 9:55
Men's Semifinals,BK3,3x3 Basketball,LC,5/8/2024 18:00,5/8/2024 18:25
Women's Preliminary Round - Pool C,VVO,Volleyball,SP,1/8/2024 17:00,1/8/2024 19:15
MFS 57kg 1/8 Finals,WRE,Wrestling,CDM,8/8/2024 11:35,8/8/2024 11:42
Women +78 kg Semifinals,JUD,Judo,CDM,2/8/2024 16:12,2/8/2024 16:18
Men's Épée Team Finals,FEN,Fencing,GRP,2/8/2024 16:40,2/8/2024 17:30
Women's Finals,RU7,Rugby Sevens,STA,30/7/2024 17:00,30/7/2024 17:16
Women's Preliminary - Pool C - Matches,VBV,Beach Volleyball,EIF,2/8/2024 22:00,2/8/2024 22:50
Women's Kite Opening Series,SAL,Sailing,MAM,7/8/2024 16:00,7/8/2024 16:17
Women -63 kg Elimination Round of 32,JUD,Judo,CDM,30/7/2024 10:18,30/7/2024 10:24
Women's 400m Individual Medley Final,SWM,Swimming,DEF,29/7/2024 20:30,29/7/2024 20:41
Men +80kg Round of 16,TKW,Taekwondo,GRP,10/8/2024 9:46,10/8/2024 9:58
Women's 75kg - Prelims - Round of 16,BOX,Boxing,NPA,31/7/2024 12:20,31/7/2024 12:31
Women's Four Finals,ROW,Rowing,VN,1/8/2024 11:50,1/8/2024 11:57
"Women, Quarterfinals",BMX,Cycling BMX Racing,VE2,1/8/2024 21:00,1/8/2024 21:15
Women's Singles Round of 16,TTE,Table Tennis,SP,31/7/2024 15:00,31/7/2024 16:00
Men's Dinghy Opening Series,SAL,Sailing,MAM,1/8/2024 13:25,1/8/2024 14:16
MGR 67kg 1/8 Finals,WRE,Wrestling,CDM,7/8/2024 11:42,7/8/2024 11:49
Men's Semifinals,BK3,3x3 Basketball,LC,5/8/2024 19:00,5/8/2024 19:25
Men's Individual 1/8 Elimination Round,ARC,Archery,INV,4/8/2024 9:43,4/8/2024 9:56
Women's Doubles Group Play Stage - Grp C,BDM,Badminton,CPL,29/7/2024 10:10,29/7/2024 10:50
Women's Singles Second Round,TEN,Tennis,RGA,29/7/2024 12:00,29/7/2024 15:00
B-Girls Round Robin - Group A,BKG,Breaking,LC,9/8/2024 17:33,9/8/2024 17:39
Women's Preliminary Round Group A,HBL,Handball,SP,25/7/2024 16:00,25/7/2024 17:30
B-Girls Finals,BKG,Breaking,LC,9/8/2024 21:19,9/8/2024 21:28
Men's Sabre Individual Table of 32,FEN,Fencing,GRP,27/7/2024 13:20,27/7/2024 13:45
Men's Singles Group Play Stage - Grp I,BDM,Badminton,CPL,30/7/2024 15:40,30/7/2024 16:20
Women's Round 2,SRF,Surfing,TAH,28/7/2024 20:48,28/7/2024 21:18
WFS 57kg 1/8 Finals,WRE,Wrestling,CDM,8/8/2024 11:21,8/8/2024 11:28
Women's Canoe Single 200m Finals,CSP,Canoe Sprint,VN,10/8/2024 13:40,10/8/2024 13:47
Women's 75kg - Prelims - Round of 16,BOX,Boxing,NPA,31/7/2024 17:06,31/7/2024 17:17
Men's Javelin Throw Final,ATH,Athletics,STA,8/8/2024 20:25,8/8/2024 21:35
Men +80kg Round of 16,TKW,Taekwondo,GRP,10/8/2024 10:35,10/8/2024 10:47
Mixed Doubles Finals,TTE,Table Tennis,SP,30/7/2024 14:30,30/7/2024 15:30
Men +100 kg Final,JUD,Judo,CDM,2/8/2024 17:18,2/8/2024 17:24
Women's Finals,FBL,Football,LYO,9/8/2024 15:00,9/8/2024 16:45
Men's Singles Group Play Stage - Grp M,BDM,Badminton,CPL,31/7/2024 20:20,31/7/2024 21:00
"Women's Sprint, 1/32 Finals",CTR,Cycling Track,VE1,9/8/2024 14:48,9/8/2024 15:29
Women's Singles Round of 32,TTE,Table Tennis,SP,29/7/2024 22:00,29/7/2024 23:00
Women's Preliminary Round Group B,HBL,Handball,SP,3/8/2024 11:00,3/8/2024 12:30
Men's Quad. Sculls Heats,ROW,Rowing,VN,27/7/2024 12:30,27/7/2024 12:47
Men's Sabre Individual Table of 32,FEN,Fencing,GRP,27/7/2024 12:30,27/7/2024 12:55
Men's 51kg - Final,BOX,Boxing,RGA,8/8/2024 22:34,8/8/2024 22:45
MGR 67kg Bronze Medal Matches,WRE,Wrestling,CDM,8/8/2024 18:57,8/8/2024 19:04
Women -67kg Quarterfinals,TKW,Taekwondo,GRP,9/8/2024 14:53,9/8/2024 15:06
Women's 54kg - Prelims - Round of 16,BOX,Boxing,NPA,30/7/2024 17:22,30/7/2024 17:33
Men's Kite Opening Series,SAL,Sailing,MAM,7/8/2024 13:38,7/8/2024 13:55
MGR 67kg 1/8 Finals,WRE,Wrestling,CDM,7/8/2024 11:14,7/8/2024 11:21
Mixed Doubles Round of 16,TTE,Table Tennis,SP,27/7/2024 17:15,27/7/2024 18:00
Women's Kite Semifinals,SAL,Sailing,MAM,8/8/2024 14:18,8/8/2024 14:24
MFS 86kg 1/8 Finals,WRE,Wrestling,CDM,8/8/2024 11:56,8/8/2024 12:03
Women's Discus Throw Final,ATH,Athletics,STA,5/8/2024 20:30,5/8/2024 21:40
Mixed Team Elimination Round of 16,JUD,Judo,CDM,3/8/2024 11:30,3/8/2024 11:30
Men's Individual 1/16 Elimination Round,ARC,Archery,INV,31/7/2024 12:52,31/7/2024 13:05
Women's Sabre Individual Table of 32,FEN,Fencing,GRP,29/7/2024 10:50,29/7/2024 11:15
Women's Finals,RU7,Rugby Sevens,STA,30/7/2024 18:30,30/7/2024 18:46
MFS 65kg Repechage,WRE,Wrestling,CDM,11/8/2024 11:10,11/8/2024 11:20
Men +80kg Round of 16,TKW,Taekwondo,GRP,10/8/2024 12:13,10/8/2024 12:25
Women's Individual 1/32 Elimination Rnd,ARC,Archery,INV,1/8/2024 16:09,1/8/2024 16:22
Men's Preliminary Round - Group B,WPO,Water Polo,DEF,5/8/2024 13:35,5/8/2024 15:00
Women's 54kg - Prelims - Round of 16,BOX,Boxing,NPA,30/7/2024 12:52,30/7/2024 13:03
Men's Pool Round,BK3,3x3 Basketball,LC,4/8/2024 18:35,4/8/2024 19:00
Mixed Multihull Opening Series,SAL,Sailing,MAM,3/8/2024 13:57,3/8/2024 14:32
Women's Quarterfinals,HBL,Handball,LIL,6/8/2024 21:30,6/8/2024 23:00
Men's 51kg - Prelims - Round of 16,BOX,Boxing,NPA,30/7/2024 11:32,30/7/2024 11:43
Men's 63.5kg - Semifinals,BOX,Boxing,NPA,4/8/2024 17:06,4/8/2024 17:17
Women's Team Round of 16,TTE,Table Tennis,SP,5/8/2024 10:00,5/8/2024 13:00
B-Girls Round Robin - Group C,BKG,Breaking,LC,9/8/2024 18:03,9/8/2024 18:09
Men's Individual Final,MPN,Modern Pentathlon,VER,10/8/2024 19:13,10/8/2024 19:33
Women's Individual Semi-finals,MPN,Modern Pentathlon,VER,10/8/2024 14:10,10/8/2024 14:30
Men's Individual 1/16 Elimination Round,ARC,Archery,INV,1/8/2024 17:40,1/8/2024 17:53
Men's Individual Stroke Play,GLF,Golf,LGN,3/8/2024 9:00,3/8/2024 18:00
Men's Sabre Team Finals,FEN,Fencing,GRP,31/7/2024 20:30,31/7/2024 21:20
B-Girls Round Robin - Group D,BKG,Breaking,LC,9/8/2024 18:09,9/8/2024 18:15
Women's Individual Stroke Play,GLF,Golf,LGN,7/8/2024 9:00,7/8/2024 18:00
Women's Sabre Individual Table of 64,FEN,Fencing,GRP,29/7/2024 9:00,29/7/2024 9:25
Men's Skiff Opening Series,SAL,Sailing,MAM,29/7/2024 12:57,29/7/2024 13:32
Men's 400m Hurdles Round 1,ATH,Athletics,STA,5/8/2024 10:05,5/8/2024 10:38
Women's Preliminary Round - Group A,WPO,Water Polo,AQC,27/7/2024 20:05,27/7/2024 21:30
WFS 76kg Semifinals,WRE,Wrestling,CDM,10/8/2024 19:05,10/8/2024 19:15
Men +100 kg Elimination Round of 32,JUD,Judo,CDM,2/8/2024 10:06,2/8/2024 10:12
Women -70 kg Contests for Bronze Medals,JUD,Judo,CDM,31/7/2024 16:48,31/7/2024 16:54
Women's Kite Semifinals,SAL,Sailing,MAM,8/8/2024 15:03,8/8/2024 15:09
Men's Kayak Cross Time Trial,CSL,Canoe Slalom,VN,2/8/2024 15:30,2/8/2024 16:27
Men's Team Quarterfinals,ARC,Archery,INV,29/7/2024 14:38,29/7/2024 15:01
Women's Individual 1/16 Elimination Rnd,ARC,Archery,INV,1/8/2024 10:35,1/8/2024 10:48
Men's Doubles First Round,TEN,Tennis,RGA,29/7/2024 12:00,29/7/2024 19:30
Women's Foil Individual Finals,FEN,Fencing,GRP,28/7/2024 20:50,28/7/2024 21:20
Women's Dinghy Opening Series,SAL,Sailing,MAM,3/8/2024 13:13,3/8/2024 14:04
Women's Singles First Round,TEN,Tennis,RGA,28/7/2024 12:00,28/7/2024 15:00
Women's Team Quarterfinals,ARC,Archery,INV,28/7/2024 15:01,28/7/2024 15:24
Women -52 kg Elimination Round of 16,JUD,Judo,CDM,28/7/2024 11:06,28/7/2024 11:12
Men's Skiff Medal Race,SAL,Sailing,MAM,2/8/2024 13:13,2/8/2024 13:35
Women's Preliminary - Pool E - Matches,VBV,Beach Volleyball,EIF,28/7/2024 11:00,28/7/2024 11:50
Men's Pool A,RU7,Rugby Sevens,STA,24/7/2024 21:00,24/7/2024 21:16
Men's Singles Group Play Stage - Grp N,BDM,Badminton,CPL,31/7/2024 20:20,31/7/2024 21:00
WFS 57kg 1/8 Finals,WRE,Wrestling,CDM,8/8/2024 11:56,8/8/2024 12:03
MFS 57kg 1/8 Finals,WRE,Wrestling,CDM,8/8/2024 11:49,8/8/2024 11:56
Women's Singles Quarter-finals,TEN,Tennis,RGA,31/7/2024 19:00,31/7/2024 22:00
Men's lucky loser,VBV,Beach Volleyball,EIF,3/8/2024 23:00,3/8/2024 23:50
MFS 125kg Bronze Medal Matches,WRE,Wrestling,CDM,10/8/2024 19:55,10/8/2024 20:05
Women's Pool A,HOC,Hockey,YDM,27/7/2024 20:15,27/7/2024 21:45
Men's Group Phase - Group A,BKB,Basketball,LIL,27/7/2024 11:00,27/7/2024 12:45
Women's Windsurfing Opening Series,SAL,Sailing,MAM,1/8/2024 14:27,1/8/2024 14:48
Women's Preliminary Round - Pool A,VVO,Volleyball,SP,1/8/2024 21:00,1/8/2024 23:15
Men's Windsurfing Opening Series,SAL,Sailing,MAM,1/8/2024 12:34,1/8/2024 12:55
Men's Qualification,GAR,Artistic Gymnastics,BCY,27/7/2024 20:00,27/7/2024 22:33
Men -100 kg Contests for Bronze Medals,JUD,Judo,CDM,1/8/2024 16:48,1/8/2024 16:54
Women's Individual 1/16 Elimination Rnd,ARC,Archery,INV,31/7/2024 13:05,31/7/2024 13:18
Women -78 kg Elimination Round of 16,JUD,Judo,CDM,1/8/2024 11:18,1/8/2024 11:24
Women's 200m Ind. Medley Semifinals,SWM,Swimming,DEF,2/8/2024 21:31,2/8/2024 21:47
Men's Doubles Group Play Stage - Grp B,BDM,Badminton,CPL,28/7/2024 16:30,28/7/2024 17:30
Men's Group D,FBL,Football,PDP,24/7/2024 21:00,24/7/2024 22:45
Men's Individual Final,MPN,Modern Pentathlon,VER,10/8/2024 17:30,10/8/2024 18:05
Women's Quarterfinals,HBL,Handball,LIL,6/8/2024 9:30,6/8/2024 11:00
Men's Doubles Quarterfinals,BDM,Badminton,CPL,1/8/2024 13:00,1/8/2024 14:00
"Men's Omnium, Tempo Race 2/4",CTR,Cycling Track,VE1,8/8/2024 17:38,8/8/2024 18:01
WFS 76kg Bronze Medal Matches,WRE,Wrestling,CDM,11/8/2024 13:20,11/8/2024 13:30
Women's Singles Group Play Stage - Grp I,BDM,Badminton,CPL,27/7/2024 9:20,27/7/2024 10:00
Women's Pool A,RU7,Rugby Sevens,STA,29/7/2024 16:30,29/7/2024 16:46
Men's Team Round of 16,TTE,Table Tennis,SP,5/8/2024 10:00,5/8/2024 13:00
Women's Individual Semi-finals,MPN,Modern Pentathlon,VER,10/8/2024 13:30,10/8/2024 14:05
Women's Singles Second Round,TEN,Tennis,RGA,29/7/2024 12:00,29/7/2024 13:30
Women's 100m Freestyle Final,SWM,Swimming,DEF,31/7/2024 20:30,31/7/2024 20:37
B-Boys Finals,BKG,Breaking,LC,10/8/2024 21:29,10/8/2024 21:38
Women's Doubles Quarterfinals,BDM,Badminton,CPL,1/8/2024 8:30,1/8/2024 9:30
Men's Épée Individual Table of 16,FEN,Fencing,GRP,28/7/2024 15:30,28/7/2024 15:55
Women's 200m Freestyle Semifinals,SWM,Swimming,DEF,28/7/2024 21:50,28/7/2024 22:04
WFS 50kg 1/4 Finals,WRE,Wrestling,CDM,6/8/2024 12:24,6/8/2024 12:31
Women's Dinghy Opening Series,SAL,Sailing,MAM,5/8/2024 13:23,5/8/2024 14:14
"Men's Team Pursuit, Finals",CTR,Cycling Track,VE1,7/8/2024 18:23,7/8/2024 18:32
Women's Quarter-finals,RU7,Rugby Sevens,STA,29/7/2024 21:30,29/7/2024 21:46
Men -66 kg Elimination Round of 16,JUD,Judo,CDM,28/7/2024 11:12,28/7/2024 11:18
Women's Preliminary Round - Group B,WPO,Water Polo,AQC,4/8/2024 15:35,4/8/2024 17:00
Skeet Women's Qualification,SHO,Shooting,CTX,4/8/2024 9:30,4/8/2024 14:30
Women's Pool C,RU7,Rugby Sevens,STA,28/7/2024 17:00,28/7/2024 17:16
Mixed Doubles Quarterfinals,BDM,Badminton,CPL,31/7/2024 20:20,31/7/2024 21:20
Men -90 kg Elimination Round of 16,JUD,Judo,CDM,31/7/2024 11:48,31/7/2024 11:54
Marathon Race Walk Relay Mixed,ATH,Athletics,TRO,7/8/2024 7:30,7/8/2024 10:40
Women -52 kg Elimination Round of 16,JUD,Judo,CDM,28/7/2024 11:24,28/7/2024 11:30
MFS 97kg 1/8 Finals,WRE,Wrestling,CDM,10/8/2024 11:42,10/8/2024 11:49
Men's Group B,FBL,Football,STE,27/7/2024 17:00,27/7/2024 18:45
Women's Preliminary - Pool F - Matches,VBV,Beach Volleyball,EIF,3/8/2024 16:00,3/8/2024 16:50
Men's Foil Individual Table of 16,FEN,Fencing,GRP,29/7/2024 15:25,29/7/2024 15:55
Men's Kite Opening Series,SAL,Sailing,MAM,5/8/2024 12:23,5/8/2024 12:40
Women's Singles Round of 64,TTE,Table Tennis,SP,27/7/2024 22:15,27/7/2024 23:00
Women's Preliminary Round Group A,HBL,Handball,SP,25/7/2024 21:00,25/7/2024 22:30
WFS 50kg 1/4 Finals,WRE,Wrestling,CDM,6/8/2024 12:17,6/8/2024 12:24
Women's Kite Opening Series,SAL,Sailing,MAM,7/8/2024 16:00,7/8/2024 16:17
Men -73 kg Elimination Round of 32,JUD,Judo,CDM,29/7/2024 10:42,29/7/2024 10:48
"Men's Sprint, 1/8 Finals",CTR,Cycling Track,VE1,7/8/2024 19:38,7/8/2024 19:58
Women's Sabre Team Table of 8,FEN,Fencing,GRP,3/8/2024 13:00,3/8/2024 13:50
"Men, Quarterfinals",BMX,Cycling BMX Racing,VE2,1/8/2024 20:00,1/8/2024 20:15
Women's 50kg - Quarterfinals,BOX,Boxing,NPA,3/8/2024 16:50,3/8/2024 17:01
Men's Group Phase - Group C,BKB,Basketball,LIL,31/7/2024 21:00,31/7/2024 22:45
"Women's Team Sprint, Finals",CTR,Cycling Track,VE1,5/8/2024 19:59,5/8/2024 20:03
Men's Doubles Second Round,TEN,Tennis,RGA,30/7/2024 12:00,30/7/2024 16:30
Men's Singles Round of 32,TTE,Table Tennis,SP,31/7/2024 11:00,31/7/2024 12:00
Men +100 kg Quarterfinals,JUD,Judo,CDM,2/8/2024 11:48,2/8/2024 11:54
Men's Doubles First Round,TEN,Tennis,RGA,28/7/2024 12:00,28/7/2024 21:00
Women +78 kg Quarterfinals,JUD,Judo,CDM,2/8/2024 12:06,2/8/2024 12:12
Men's Finals,WPO,Water Polo,DEF,10/8/2024 19:35,10/8/2024 21:00
Men's Individual 1/16 Elimination Round,ARC,Archery,INV,30/7/2024 19:55,30/7/2024 20:08
Women +78 kg Elimination Round of 16,JUD,Judo,CDM,2/8/2024 11:36,2/8/2024 11:42
Men +100 kg Elimination Round of 16,JUD,Judo,CDM,2/8/2024 11:24,2/8/2024 11:30
Women's Individual 1/16 Elimination Rnd,ARC,Archery,INV,1/8/2024 19:11,1/8/2024 19:24
Women's 100m Butterfly - Heats,SWM,Swimming,DEF,27/7/2024 11:00,27/7/2024 11:11
Women's Kite Semifinals,SAL,Sailing,MAM,8/8/2024 15:12,8/8/2024 15:18
Women's Épée Team Finals,FEN,Fencing,GRP,30/7/2024 19:30,30/7/2024 20:20
Women -67kg Round of 16,TKW,Taekwondo,GRP,9/8/2024 9:58,9/8/2024 10:10
B-Boys Round Robin - Group D,BKG,Breaking,LC,10/8/2024 17:25,10/8/2024 17:31
Women's 10km,OWS,Marathon Swimming,ALX,8/8/2024 7:30,8/8/2024 9:50
Men -90 kg Quarterfinals,JUD,Judo,CDM,31/7/2024 12:24,31/7/2024 12:30
Men's Individual Semifinals,ARC,Archery,INV,4/8/2024 13:52,4/8/2024 14:05
Women's Individual 1/32 Elimination Rnd,ARC,Archery,INV,30/7/2024 18:24,30/7/2024 18:37
Women's Semi-finals,FBL,Football,MRS,6/8/2024 21:00,6/8/2024 22:45
Women +78 kg Final,JUD,Judo,CDM,2/8/2024 17:00,2/8/2024 17:06
Women's Pool A,HOC,Hockey,YDM,2/8/2024 12:45,2/8/2024 14:15
Men's Preliminary - Pool A - Matches,VBV,Beach Volleyball,EIF,27/7/2024 23:00,27/7/2024 23:50
Women's Single Sculls Finals,ROW,Rowing,VN,2/8/2024 9:42,2/8/2024 9:49
Men's Semifinals,WPO,Water Polo,DEF,9/8/2024 14:35,9/8/2024 16:00
Men's Singles Group Play Stage - Grp A,BDM,Badminton,CPL,29/7/2024 10:10,29/7/2024 10:50
Women's Group B,FBL,Football,NIC,28/7/2024 19:00,28/7/2024 20:45
Women's Pool A,HOC,Hockey,YDM,28/7/2024 10:00,28/7/2024 11:30
Women's Singles Second Round,TEN,Tennis,RGA,29/7/2024 12:00,29/7/2024 13:30
Men -68kg Gold Medal Contest,TKW,Taekwondo,GRP,8/8/2024 21:19,8/8/2024 21:34
Women's 75kg - Final,BOX,Boxing,RGA,10/8/2024 22:34,10/8/2024 22:45
Men's Finals,RU7,Rugby Sevens,STA,27/7/2024 17:00,27/7/2024 17:16
Women -52 kg Repechage,JUD,Judo,CDM,28/7/2024 16:30,28/7/2024 16:36
Men's Foil Individual Table of 32,FEN,Fencing,GRP,29/7/2024 13:05,29/7/2024 13:35
Men's Preliminary Round - Pool A,VVO,Volleyball,SP,28/7/2024 21:00,28/7/2024 23:15
Women's Singles Third Round,TEN,Tennis,RGA,30/7/2024 12:00,30/7/2024 13:30
Women's Preliminary Round - Pool B,VVO,Volleyball,SP,28/7/2024 13:00,28/7/2024 15:15
Men's Foil Individual Table of 32,FEN,Fencing,GRP,29/7/2024 13:35,29/7/2024 14:05
Men's Individual Quarterfinals,ARC,Archery,INV,4/8/2024 13:39,4/8/2024 13:52
Jumping Team Finals,EQU,Equestrian,VER,2/8/2024 14:00,2/8/2024 15:41
Women's Final,GTR,Trampoline Gymnastics,BCY,2/8/2024 13:50,2/8/2024 14:20
Men -80kg Gold Medal Contest,TKW,Taekwondo,GRP,9/8/2024 21:37,9/8/2024 21:52
Women's Preliminary Round - Pool B,VVO,Volleyball,SP,29/7/2024 13:00,29/7/2024 15:15
Women's Group Phase - Group B,BKB,Basketball,LIL,4/8/2024 21:00,4/8/2024 22:45
Women's Preliminary Round Group A,HBL,Handball,SP,3/8/2024 16:00,3/8/2024 17:30
Women's Preliminary Round - Group B,WPO,Water Polo,AQC,29/7/2024 14:00,29/7/2024 15:25
Women's 3000m Steeplechase Final,ATH,Athletics,STA,6/8/2024 21:14,6/8/2024 21:24
Women's 75kg - Quarterfinals,BOX,Boxing,NPA,4/8/2024 16:02,4/8/2024 16:13
Women's Team Semifinals,ARC,Archery,INV,28/7/2024 16:10,28/7/2024 16:33
Men's Pool B,HOC,Hockey,YDM,30/7/2024 13:15,30/7/2024 14:45
Women's Team Finals,ARC,Archery,INV,28/7/2024 17:11,28/7/2024 17:34
Women's Quad. Sculls Repechages,ROW,Rowing,VN,29/7/2024 11:30,29/7/2024 11:37
10m Air Pistol Men's Training,SHO,Shooting,CTX,26/7/2024 10:00,26/7/2024 11:15
"Men's Omnium, Points Race 4/4",CTR,Cycling Track,VE1,8/8/2024 19:27,8/8/2024 20:04
Men's Round 3,SRF,Surfing,TAH,29/7/2024 20:48,29/7/2024 21:18
Women's Semi-finals,RU7,Rugby Sevens,STA,30/7/2024 15:30,30/7/2024 15:46
Women's Semi-finals,RU7,Rugby Sevens,STA,30/7/2024 16:00,30/7/2024 16:16
Men's Canoe Single 1000m Finals,CSP,Canoe Sprint,VN,9/8/2024 13:50,9/8/2024 13:57
Men's Round 1,SRF,Surfing,TAH,27/7/2024 22:36,27/7/2024 23:06
Women's Singles Round of 64,TTE,Table Tennis,SP,28/7/2024 11:30,28/7/2024 12:15
Men -80kg Round of 16,TKW,Taekwondo,GRP,9/8/2024 11:24,9/8/2024 11:36
Men's Singles First Round,TEN,Tennis,RGA,28/7/2024 12:00,28/7/2024 16:30
Women -57 kg Repechage,JUD,Judo,CDM,29/7/2024 16:00,29/7/2024 16:06
Men's Kite Semifinals,SAL,Sailing,MAM,8/8/2024 15:18,8/8/2024 15:24
Women's Singles Round of 64,TTE,Table Tennis,SP,28/7/2024 10:00,28/7/2024 10:45
Men's Pool A,HOC,Hockey,YDM,2/8/2024 10:30,2/8/2024 12:00
Women's Round 1,SRF,Surfing,TAH,28/7/2024 0:24,28/7/2024 0:54
Men's Individual Semi-finals,MPN,Modern Pentathlon,VER,9/8/2024 18:40,9/8/2024 19:00
Women's 1500m Semi-Final,ATH,Athletics,STA,8/8/2024 19:35,8/8/2024 19:52
Women's Preliminary Round - Pool C,VVO,Volleyball,SP,4/8/2024 9:00,4/8/2024 11:15
Men's Double Sculls Repechages,ROW,Rowing,VN,28/7/2024 10:20,28/7/2024 10:27
Skeet Women's Final,SHO,Shooting,CTX,4/8/2024 15:30,4/8/2024 16:45
Women's Semi-finals,HOC,Hockey,YDM,7/8/2024 14:00,7/8/2024 15:45
Women's Épée Team Table of 8,FEN,Fencing,GRP,30/7/2024 13:30,30/7/2024 14:20
Men's Singles Group Play Stage - Grp P,BDM,Badminton,CPL,27/7/2024 21:10,27/7/2024 21:50
Team Final,SWA,Artistic Swimming,AQC,6/8/2024 19:30,6/8/2024 20:50
Women -52 kg Semifinals,JUD,Judo,CDM,28/7/2024 16:36,28/7/2024 16:42
Men's Preliminary Round - Group B,WPO,Water Polo,DEF,5/8/2024 20:05,5/8/2024 21:30
Women's Quarterfinals,SRF,Surfing,TAH,2/8/2024 3:24,2/8/2024 3:54
Women's Foil Team Table of 8,FEN,Fencing,GRP,1/8/2024 11:50,1/8/2024 13:00
Women's Windsurfing Opening Series,SAL,Sailing,MAM,29/7/2024 12:03,29/7/2024 12:12
Women's Pool Round,BK3,3x3 Basketball,LC,31/7/2024 21:30,31/7/2024 21:55
Women -57kg Quarterfinals,TKW,Taekwondo,GRP,8/8/2024 15:19,8/8/2024 15:32
Women's Preliminary Round Group A,HBL,Handball,SP,28/7/2024 16:00,28/7/2024 17:30
Women's Singles Group Play Stage - Grp K,BDM,Badminton,CPL,29/7/2024 21:10,29/7/2024 23:00
Women's Singles Preliminary Round,TTE,Table Tennis,SP,27/7/2024 15:45,27/7/2024 16:30
Women's Kite Semifinals,SAL,Sailing,MAM,8/8/2024 14:09,8/8/2024 14:15
Men's Singles Second Round,TEN,Tennis,RGA,30/7/2024 12:00,30/7/2024 15:00
LWT Men's Double Sculls Finals,ROW,Rowing,VN,31/7/2024 9:30,31/7/2024 9:37
Men's Kite Opening Series,SAL,Sailing,MAM,4/8/2024 12:13,4/8/2024 12:30
Women's 50kg - Final,BOX,Boxing,RGA,9/8/2024 21:47,9/8/2024 21:58
Women -78 kg Elimination Round of 32,JUD,Judo,CDM,1/8/2024 10:18,1/8/2024 10:24
"Women's Omnium, Elimination Race 3/4",CTR,Cycling Track,VE1,11/8/2024 12:53,11/8/2024 13:15
Men -66 kg Contests for Bronze Medals,JUD,Judo,CDM,28/7/2024 16:48,28/7/2024 16:54
Men's Individual 1/16 Elimination Round,ARC,Archery,INV,1/8/2024 20:16,1/8/2024 20:29
Mixed Doubles Finals,TTE,Table Tennis,SP,30/7/2024 13:30,30/7/2024 14:30
Women -49kg Quarterfinals,TKW,Taekwondo,GRP,7/8/2024 14:53,7/8/2024 15:06
Women's Individual Quarterfinals,ARC,Archery,INV,3/8/2024 13:39,3/8/2024 13:52
Women's Singles Quarterfinals,TTE,Table Tennis,SP,1/8/2024 10:00,1/8/2024 11:00
Men's Double Sculls Semifinals,ROW,Rowing,VN,30/7/2024 11:20,30/7/2024 11:27
Mixed Team Elimination Round of 16,JUD,Judo,CDM,3/8/2024 9:24,3/8/2024 9:45
Women's Team Semifinals,ARC,Archery,INV,28/7/2024 15:47,28/7/2024 16:10
Women's Double Sculls Finals,ROW,Rowing,VN,1/8/2024 10:30,1/8/2024 10:37
Women's 3000m Steeplechase Round 1,ATH,Athletics,STA,4/8/2024 10:05,4/8/2024 10:45
Women -49kg Semifinals,TKW,Taekwondo,GRP,7/8/2024 16:21,7/8/2024 16:36
Men's Individual 1/8 Elimination Round,ARC,Archery,INV,4/8/2024 9:56,4/8/2024 10:09
MGR 60kg 1/8 Finals,WRE,Wrestling,CDM,5/8/2024 15:42,5/8/2024 15:49
Men's Doubles Group Play Stage - Grp A,BDM,Badminton,CPL,29/7/2024 21:10,29/7/2024 21:50
Women's Group Phase - Group C,BKB,Basketball,LIL,29/7/2024 21:00,29/7/2024 22:45
Women's 54kg - Prelims - Round of 16,BOX,Boxing,NPA,30/7/2024 21:52,30/7/2024 22:03
Women's Individual Semifinals,ARC,Archery,INV,3/8/2024 14:05,3/8/2024 14:18
Men's Semifinals,WPO,Water Polo,DEF,9/8/2024 19:35,9/8/2024 21:00
Men's Quarter-finals,HOC,Hockey,YDM,4/8/2024 17:30,4/8/2024 19:15
Women's Individual 1/32 Elimination Rnd,ARC,Archery,INV,1/8/2024 10:09,1/8/2024 10:22
Women's Singles Group Play Stage - Grp A,BDM,Badminton,CPL,31/7/2024 19:30,31/7/2024 20:10
Men's Individual Finals,ARC,Archery,INV,4/8/2024 14:33,4/8/2024 14:46
Mixed Team Matches for Bronze Medals,JUD,Judo,CDM,3/8/2024 16:42,3/8/2024 16:42
Men's Doubles Second Round,TEN,Tennis,RGA,30/7/2024 13:30,30/7/2024 18:00
Women's Speed Qualification,CLB,Sport Climbing,LBO,5/8/2024 13:35,5/8/2024 13:55
Women +67kg Round of 16,TKW,Taekwondo,GRP,10/8/2024 10:47,10/8/2024 10:59
Women -70 kg Elimination Round of 16,JUD,Judo,CDM,31/7/2024 11:00,31/7/2024 11:06
Mixed Doubles Semifinals,BDM,Badminton,CPL,1/8/2024 19:30,1/8/2024 20:20
"Men's Team Sprint, Finals",CTR,Cycling Track,VE1,6/8/2024 19:55,6/8/2024 19:59
Men's Doubles Group Play Stage - Grp D,BDM,Badminton,CPL,29/7/2024 19:30,29/7/2024 20:10
Men -66 kg Repechage,JUD,Judo,CDM,28/7/2024 16:06,28/7/2024 16:12
MFS 97kg Repechage,WRE,Wrestling,CDM,11/8/2024 11:30,11/8/2024 11:40
Men +100 kg Elimination Round of 32,JUD,Judo,CDM,2/8/2024 10:36,2/8/2024 10:42
Women -52 kg Elimination Round of 16,JUD,Judo,CDM,28/7/2024 11:12,28/7/2024 11:18
Women -78 kg Elimination Round of 16,JUD,Judo,CDM,1/8/2024 10:54,1/8/2024 11:00
Women's Doubles First Round,TEN,Tennis,RGA,29/7/2024 12:00,29/7/2024 16:30
Women's Singles Round of 16,BDM,Badminton,CPL,1/8/2024 18:30,1/8/2024 19:20
Men's 92kg - Semifinals,BOX,Boxing,NPA,4/8/2024 17:38,4/8/2024 17:49
Women's Shot Put Final,ATH,Athletics,STA,9/8/2024 19:37,9/8/2024 20:47
Women's Kayak Single Hts 1st and 2nd Run,CSL,Canoe Slalom,VN,27/7/2024 18:10,27/7/2024 19:12
Men's Quarterfinals,SRF,Surfing,TAH,1/8/2024 23:48,2/8/2024 0:18
"Women, Final",BMX,Cycling BMX Racing,VE2,2/8/2024 21:50,2/8/2024 22:00
MGR 60kg 1/8 Finals,WRE,Wrestling,CDM,5/8/2024 15:49,5/8/2024 15:56
Men -100 kg Elimination Round of 32,JUD,Judo,CDM,1/8/2024 10:36,1/8/2024 10:42
Men +100 kg Elimination Round of 16,JUD,Judo,CDM,2/8/2024 11:06,2/8/2024 11:12
Men's Kayak Four 500m Semifinals,CSP,Canoe Sprint,VN,8/8/2024 11:50,8/8/2024 11:57
Women -70 kg Contests for Bronze Medals,JUD,Judo,CDM,31/7/2024 16:54,31/7/2024 17:00
Women's Foil Individual Table of 32,FEN,Fencing,GRP,28/7/2024 10:25,28/7/2024 10:55
MFS 125kg 1/8 Finals,WRE,Wrestling,CDM,9/8/2024 12:03,9/8/2024 12:10
Women's Pool C,RU7,Rugby Sevens,STA,28/7/2024 16:30,28/7/2024 16:46
Men's Singles Round of 64,TTE,Table Tennis,SP,29/7/2024 13:00,29/7/2024 14:00
Men's 80kg - Prelims - Round of 16,BOX,Boxing,NPA,30/7/2024 21:20,30/7/2024 21:31
WFS 68kg 1/8 Finals,WRE,Wrestling,CDM,5/8/2024 15:00,5/8/2024 15:07
Men's Individual 1/16 Elimination Round,ARC,Archery,INV,30/7/2024 14:10,30/7/2024 14:23
Women's Pool Round,BK3,3x3 Basketball,LC,2/8/2024 12:30,2/8/2024 12:55
Men's Round of 16,VBV,Beach Volleyball,EIF,4/8/2024 21:00,4/8/2024 21:50
Women's Quarter-finals,RU7,Rugby Sevens,STA,29/7/2024 22:30,29/7/2024 22:46
Men's Team Round of 16,TTE,Table Tennis,SP,6/8/2024 10:00,6/8/2024 13:00
Men's Singles Second Round,TEN,Tennis,RGA,30/7/2024 13:00,30/7/2024 16:00
Men's Hammer Throw Qualification,ATH,Athletics,STA,2/8/2024 11:35,2/8/2024 12:31
Men's Team Finals,ARC,Archery,INV,29/7/2024 17:11,29/7/2024 17:34
Men -68kg Round of 16,TKW,Taekwondo,GRP,8/8/2024 9:21,8/8/2024 9:33
Women's 200m Final,ATH,Athletics,STA,6/8/2024 21:40,6/8/2024 21:41
Men's Preliminary Round - Pool B,VVO,Volleyball,SP,30/7/2024 9:00,30/7/2024 11:15
Women's Singles Third Round,TEN,Tennis,RGA,30/7/2024 12:00,30/7/2024 13:30
Women -48 kg Elimination Round of 32,JUD,Judo,CDM,27/7/2024 11:18,27/7/2024 11:24
Men -90 kg Elimination Round of 32,JUD,Judo,CDM,31/7/2024 10:06,31/7/2024 10:12
Women's Team 1/8 Elimination Round,ARC,Archery,INV,28/7/2024 10:39,28/7/2024 11:02
Women's 800m Semi-Final,ATH,Athletics,STA,4/8/2024 20:35,4/8/2024 20:57
Men's Kite Final,SAL,Sailing,MAM,9/8/2024 12:22,9/8/2024 12:28
Men's 400m Freestyle Final,SWM,Swimming,DEF,27/7/2024 20:42,27/7/2024 20:52
Men's Preliminary Round Group B,HBL,Handball,SP,31/7/2024 21:00,31/7/2024 22:30
Women's 66kg - Prelims - Round of 16,BOX,Boxing,NPA,1/8/2024 16:34,1/8/2024 16:45
Men's Pool A,HOC,Hockey,YDM,2/8/2024 19:45,2/8/2024 21:15
Women's Preliminary Round Group A,HBL,Handball,SP,30/7/2024 21:00,30/7/2024 22:30
Women's Kayak Single 500m Finals,CSP,Canoe Sprint,VN,10/8/2024 13:00,10/8/2024 13:07
Men's Singles Semi-finals,TEN,Tennis,RGA,2/8/2024 19:00,2/8/2024 20:30
10m Air Rifle Women's Qualification,SHO,Shooting,CTX,28/7/2024 9:15,28/7/2024 10:30
Men's Pool B,HOC,Hockey,YDM,30/7/2024 17:00,30/7/2024 18:30
B-Girls Round Robin - Group B,BKG,Breaking,LC,9/8/2024 17:51,9/8/2024 17:57
Men's 63.5kg - Quarterfinals,BOX,Boxing,NPA,1/8/2024 21:20,1/8/2024 21:31
Women's Épée Individual Table of 32,FEN,Fencing,GRP,27/7/2024 11:40,27/7/2024 12:05
Women's Sabre Individual Finals,FEN,Fencing,GRP,29/7/2024 21:45,29/7/2024 22:10
Women's Doubles Quarterfinals,BDM,Badminton,CPL,1/8/2024 8:30,1/8/2024 9:30
Men's Kayak Single 1000m Finals,CSP,Canoe Sprint,VN,10/8/2024 13:20,10/8/2024 13:27
Men's Individual Stroke Play,GLF,Golf,LGN,4/8/2024 9:00,4/8/2024 18:00
Men's Pool C,RU7,Rugby Sevens,STA,25/7/2024 15:00,25/7/2024 15:16
Men's Singles Round of 16,TTE,Table Tennis,SP,31/7/2024 16:00,31/7/2024 17:00
Women's Sabre Individual Table of 8,FEN,Fencing,GRP,29/7/2024 15:55,29/7/2024 16:20
MFS 57kg Bronze Medal Matches,WRE,Wrestling,CDM,9/8/2024 19:15,9/8/2024 19:25
Men's 10km,OWS,Marathon Swimming,ALX,9/8/2024 7:30,9/8/2024 9:50
Women's 60kg - Prelims - Round of 16,BOX,Boxing,NPA,29/7/2024 15:30,29/7/2024 15:41
MGR 67kg Semifinals,WRE,Wrestling,CDM,7/8/2024 18:15,7/8/2024 18:22
Women's Singles Quarterfinals,TTE,Table Tennis,SP,1/8/2024 12:00,1/8/2024 13:00
WFS 50kg Bronze Medal Matches,WRE,Wrestling,CDM,7/8/2024 19:39,7/8/2024 19:46
Men -81 kg Elimination Round of 32,JUD,Judo,CDM,30/7/2024 11:30,30/7/2024 11:36
Men's Finals,RU7,Rugby Sevens,STA,27/7/2024 19:45,27/7/2024 20:01
Men's Pool B,HOC,Hockey,YDM,30/7/2024 19:45,30/7/2024 21:15
Men +100 kg Repechage,JUD,Judo,CDM,2/8/2024 16:24,2/8/2024 16:30
Mixed Team 1/8 Elimination Round,ARC,Archery,INV,2/8/2024 9:49,2/8/2024 10:08
Men's Singles Finals,TEN,Tennis,RGA,3/8/2024 12:00,3/8/2024 18:00
Men's Kite Opening Series,SAL,Sailing,MAM,7/8/2024 14:03,7/8/2024 14:20
Men's Pool Round,BK3,3x3 Basketball,LC,2/8/2024 13:35,2/8/2024 14:00
B-Boys Round Robin - Group B,BKG,Breaking,LC,10/8/2024 17:01,10/8/2024 17:07
Women -70 kg Elimination Round of 32,JUD,Judo,CDM,31/7/2024 10:30,31/7/2024 10:36
Mixed Doubles Quarter-finals,TEN,Tennis,RGA,31/7/2024 13:30,31/7/2024 19:30
"Men's Team Sprint, Qualifying",CTR,Cycling Track,VE1,5/8/2024 19:09,5/8/2024 19:46
Men's Skiff Opening Series,SAL,Sailing,MAM,31/7/2024 15:07,31/7/2024 15:42
Women -49kg Quarterfinals,TKW,Taekwondo,GRP,7/8/2024 15:45,7/8/2024 15:58
Men's Singles Group Play Stage - Grp K,BDM,Badminton,CPL,30/7/2024 20:20,30/7/2024 21:00
Women's Preliminary Round Group B,HBL,Handball,SP,1/8/2024 16:00,1/8/2024 17:30
Men -80kg Qualification Contest,TKW,Taekwondo,GRP,9/8/2024 9:00,9/8/2024 9:09
Women's Singles Group Play Stage - Grp J,BDM,Badminton,CPL,31/7/2024 15:40,31/7/2024 16:20
Women's Pair Finals,ROW,Rowing,VN,2/8/2024 11:42,2/8/2024 11:49
Women -63 kg Elimination Round of 16,JUD,Judo,CDM,30/7/2024 12:00,30/7/2024 12:06
Men's 200m Freestyle Semifinals,SWM,Swimming,DEF,28/7/2024 20:46,28/7/2024 21:00
Women's Singles Third Round,TEN,Tennis,RGA,30/7/2024 12:00,30/7/2024 15:00
MGR 97kg 1/8 Finals,WRE,Wrestling,CDM,6/8/2024 12:03,6/8/2024 12:10
Women -63 kg Elimination Round of 32,JUD,Judo,CDM,30/7/2024 10:42,30/7/2024 10:48
Men's Singles Round of 64,TTE,Table Tennis,SP,27/7/2024 20:00,27/7/2024 20:45
Men -90 kg Elimination Round of 32,JUD,Judo,CDM,31/7/2024 10:42,31/7/2024 10:48
Women's Individual Semi-finals,MPN,Modern Pentathlon,VER,10/8/2024 10:24,10/8/2024 10:44
Men's Singles Round of 16,TTE,Table Tennis,SP,31/7/2024 15:00,31/7/2024 16:00
Men's Foil Team Finals,FEN,Fencing,GRP,4/8/2024 19:10,4/8/2024 20:20
Men's Kayak Double 500m Finals,CSP,Canoe Sprint,VN,9/8/2024 13:30,9/8/2024 13:37
Women's Doubles Second Round,TEN,Tennis,RGA,31/7/2024 13:30,31/7/2024 18:00
Women's Group Phase - Group B,BKB,Basketball,LIL,1/8/2024 17:15,1/8/2024 19:00
Men's Preliminary - Pool B - Matches,VBV,Beach Volleyball,EIF,31/7/2024 22:30,31/7/2024 22:50
Women's Eight Heats,ROW,Rowing,VN,29/7/2024 12:00,29/7/2024 12:17
Women's 57kg - Prelims - Round of 16,BOX,Boxing,NPA,2/8/2024 15:46,2/8/2024 15:57
Women -67kg Repechages,TKW,Taekwondo,GRP,9/8/2024 19:53,9/8/2024 20:06
Women's 4 x 400m Relay Final,ATH,Athletics,STA,10/8/2024 21:14,10/8/2024 21:18
Men's Singles Group Play Stage - Grp C,BDM,Badminton,CPL,31/7/2024 10:10,31/7/2024 10:50
Women's Foil Team Table of 8,FEN,Fencing,GRP,1/8/2024 11:50,1/8/2024 13:00
Women's 50kg - Prelims - Round of 32,BOX,Boxing,NPA,28/7/2024 21:04,28/7/2024 21:15
Women's Doubles Group Play Stage - Grp C,BDM,Badminton,CPL,30/7/2024 14:00,30/7/2024 14:40
MGR 87kg Repechage,WRE,Wrestling,CDM,8/8/2024 11:00,8/8/2024 11:07
Men -73 kg Contests for Bronze Medals,JUD,Judo,CDM,29/7/2024 17:12,29/7/2024 17:18
Men's Singles Group Play Stage - Grp K,BDM,Badminton,CPL,28/7/2024 16:30,28/7/2024 17:30
Men's Doubles First Round,TEN,Tennis,RGA,29/7/2024 12:00,29/7/2024 18:00
Men -80kg Quarterfinals,TKW,Taekwondo,GRP,9/8/2024 15:06,9/8/2024 15:19
Women's Skiff Opening Series,SAL,Sailing,MAM,30/7/2024 12:05,30/7/2024 12:40
Men's 3000m Steeplechase Round 1,ATH,Athletics,STA,5/8/2024 19:04,5/8/2024 19:45
Men's Synchronised 3m Springboard,DIV,Diving,AQC,2/8/2024 11:00,2/8/2024 11:55
Men's Preliminary Round - Pool A,VVO,Volleyball,SP,3/8/2024 21:00,3/8/2024 23:15
Women's Javelin Throw Qualification,ATH,Athletics,STA,7/8/2024 10:25,7/8/2024 11:21
Men's Semi-finals,RU7,Rugby Sevens,STA,27/7/2024 15:30,27/7/2024 15:46
MGR 77kg 1/4 Finals,WRE,Wrestling,CDM,6/8/2024 12:24,6/8/2024 12:31
Men's Preliminary - Pool A - Matches,VBV,Beach Volleyball,EIF,1/8/2024 10:00,1/8/2024 10:50
Women's 50kg - Prelims - Round of 32,BOX,Boxing,NPA,28/7/2024 16:50,28/7/2024 17:01
10m Air Rifle Mixed Team Final,SHO,Shooting,CTX,27/7/2024 10:30,27/7/2024 10:50
Men's Team 1/8 Elimination Round,ARC,Archery,INV,29/7/2024 9:30,29/7/2024 9:53
Women -48 kg Elimination Round of 32,JUD,Judo,CDM,27/7/2024 10:48,27/7/2024 10:54
Men's Decathlon 400m,ATH,Athletics,STA,2/8/2024 20:50,2/8/2024 21:07
WFS 76kg Repechage,WRE,Wrestling,CDM,11/8/2024 11:40,11/8/2024 11:50
Women's 200m Breaststroke Semifinals,SWM,Swimming,DEF,31/7/2024 22:03,31/7/2024 22:19
Men -58kg Round of 16,TKW,Taekwondo,GRP,7/8/2024 10:35,7/8/2024 10:47
Men's Singles Preliminary Round,TTE,Table Tennis,SP,27/7/2024 15:45,27/7/2024 16:30
Women -63 kg Repechage,JUD,Judo,CDM,30/7/2024 16:30,30/7/2024 16:36
Men's Doubles Quarter-finals,TEN,Tennis,RGA,31/7/2024 13:30,31/7/2024 15:00
WFS 53kg 1/8 Finals,WRE,Wrestling,CDM,7/8/2024 11:35,7/8/2024 11:42
Men's 200m Butterfly Final,SWM,Swimming,DEF,31/7/2024 20:37,31/7/2024 20:45
Women's Sabre Individual Table of 32,FEN,Fencing,GRP,29/7/2024 11:15,29/7/2024 11:40
Women's Group A,FBL,Football,STE,28/7/2024 21:00,28/7/2024 22:45
Women's 100m Breaststroke Semifinals,SWM,Swimming,DEF,28/7/2024 21:10,28/7/2024 21:22
Team Final,SWA,Artistic Swimming,AQC,5/8/2024 19:30,5/8/2024 20:43
Mixed Doubles Group Play Stage - Grp D,BDM,Badminton,CPL,27/7/2024 8:30,27/7/2024 9:10
Men's Round 2,SRF,Surfing,TAH,29/7/2024 0:24,29/7/2024 1:04
MFS 65kg Repechage,WRE,Wrestling,CDM,11/8/2024 11:00,11/8/2024 11:10
Women's Singles Semi-finals,TEN,Tennis,RGA,1/8/2024 19:00,1/8/2024 22:00
Women's Kite Opening Series,SAL,Sailing,MAM,7/8/2024 16:00,7/8/2024 16:17
B-Girls Round Robin - Group B,BKG,Breaking,LC,9/8/2024 16:13,9/8/2024 16:19
Women's Play-in Games,BK3,3x3 Basketball,LC,3/8/2024 22:05,3/8/2024 22:30
B-Boys Round Robin - Group B,BKG,Breaking,LC,10/8/2024 16:17,10/8/2024 16:23
Women's Quarter-finals,FBL,Football,LYO,3/8/2024 17:00,3/8/2024 18:45
Women +78 kg Repechage,JUD,Judo,CDM,2/8/2024 16:00,2/8/2024 16:06
Men's Singles Group Play Stage - Grp I,BDM,Badminton,CPL,28/7/2024 16:30,28/7/2024 17:30
Women -78 kg Final,JUD,Judo,CDM,1/8/2024 17:18,1/8/2024 17:24
Women's Pool Round,BK3,3x3 Basketball,LC,3/8/2024 18:00,3/8/2024 18:25
Men's Preliminary - Pool F - Matches,VBV,Beach Volleyball,EIF,2/8/2024 15:00,2/8/2024 15:50
Mixed Doubles Finals,TEN,Tennis,RGA,2/8/2024 19:00,2/8/2024 22:00
Women's Round 3,SRF,Surfing,TAH,1/8/2024 22:36,1/8/2024 23:06
Women's Doubles Quarterfinals,BDM,Badminton,CPL,1/8/2024 8:30,1/8/2024 9:30
Women's Singles First Round,TEN,Tennis,RGA,28/7/2024 12:00,28/7/2024 13:30
Women's Sabre Team Finals,FEN,Fencing,GRP,3/8/2024 20:00,3/8/2024 20:50
WFS 76kg 1/4 Finals,WRE,Wrestling,CDM,10/8/2024 12:31,10/8/2024 12:38
Men's Pair Repechages,ROW,Rowing,VN,29/7/2024 10:20,29/7/2024 10:27
WFS 53kg Semifinals,WRE,Wrestling,CDM,7/8/2024 18:43,7/8/2024 18:50
Men's 57kg - Prelims - Round of 16,BOX,Boxing,NPA,31/7/2024 20:00,31/7/2024 20:11
Women's Semifinals,BK3,3x3 Basketball,LC,5/8/2024 17:30,5/8/2024 17:55
Women's 57kg - Quarterfinals,BOX,Boxing,NPA,4/8/2024 11:00,4/8/2024 11:11
Women's Preliminary Round - Pool A,VVO,Volleyball,SP,29/7/2024 21:00,29/7/2024 23:15
Women's Quarterfinals,WPO,Water Polo,DEF,6/8/2024 20:35,6/8/2024 22:00
Women -67kg Round of 16,TKW,Taekwondo,GRP,9/8/2024 11:36,9/8/2024 11:48
Women's Team Quarterfinals,ARC,Archery,INV,28/7/2024 14:15,28/7/2024 14:38
Women's Individual 1/32 Elimination Rnd,ARC,Archery,INV,1/8/2024 12:45,1/8/2024 12:58
Men -68kg Round of 16,TKW,Taekwondo,GRP,8/8/2024 10:35,8/8/2024 10:47
Women's Individual 1/8 Elimination Round,ARC,Archery,INV,3/8/2024 10:48,3/8/2024 11:01
Men -81 kg Elimination Round of 32,JUD,Judo,CDM,30/7/2024 11:12,30/7/2024 11:18
Women -57kg Repechages,TKW,Taekwondo,GRP,8/8/2024 19:40,8/8/2024 19:53
MGR 60kg 1/8 Finals,WRE,Wrestling,CDM,5/8/2024 15:21,5/8/2024 15:28
B-Boys Round Robin - Group B,BKG,Breaking,LC,10/8/2024 17:50,10/8/2024 17:56
Mixed Doubles Quarterfinals,BDM,Badminton,CPL,31/7/2024 21:30,31/7/2024 22:30
Men's Quarterfinals,VBV,Beach Volleyball,EIF,6/8/2024 18:00,6/8/2024 18:50
Women's Singles First Round,TEN,Tennis,RGA,28/7/2024 12:00,28/7/2024 19:30
Men -60 kg Elimination Round of 32,JUD,Judo,CDM,27/7/2024 10:48,27/7/2024 10:54
Women's Individual 1/8 Elimination Round,ARC,Archery,INV,3/8/2024 10:22,3/8/2024 10:35
Men's Singles Round of 64,TTE,Table Tennis,SP,28/7/2024 10:45,28/7/2024 11:30
Men's Individual 1/32 Elimination Round,ARC,Archery,INV,31/7/2024 13:18,31/7/2024 13:31
Women's Sabre Team Finals,FEN,Fencing,GRP,3/8/2024 16:10,3/8/2024 17:00
Men's Foil Team Table of 8,FEN,Fencing,GRP,4/8/2024 11:50,4/8/2024 13:00
Men -81 kg Elimination Round of 16,JUD,Judo,CDM,30/7/2024 12:18,30/7/2024 12:24
Men's Decathlon Javelin Throw,ATH,Athletics,STA,3/8/2024 19:10,3/8/2024 19:46
Mixed Doubles Round of 16,TTE,Table Tennis,SP,27/7/2024 16:30,27/7/2024 17:15
Women's Eight Finals,ROW,Rowing,VN,3/8/2024 10:50,3/8/2024 10:57
Women's Four Repechages,ROW,Rowing,VN,30/7/2024 11:30,30/7/2024 11:37
Men -66 kg Elimination Round of 16,JUD,Judo,CDM,28/7/2024 11:42,28/7/2024 11:48
Women -67kg Gold Medal Contest,TKW,Taekwondo,GRP,9/8/2024 21:19,9/8/2024 21:34
MFS 86kg 1/4 Finals,WRE,Wrestling,CDM,8/8/2024 12:31,8/8/2024 12:38
Women's Individual Final,MPN,Modern Pentathlon,VER,11/8/2024 12:10,11/8/2024 12:25
Men's Individual 1/32 Elimination Round,ARC,Archery,INV,31/7/2024 17:45,31/7/2024 17:58
Men's Boulder & Lead Semifinals,CLB,Sport Climbing,LBO,7/8/2024 10:00,7/8/2024 12:05
Men's Singles First Round,TEN,Tennis,RGA,28/7/2024 12:00,28/7/2024 16:30
Women's Preliminary Round Group A,HBL,Handball,SP,1/8/2024 19:00,1/8/2024 20:30
Men's Preliminary Round - Pool B,VVO,Volleyball,SP,3/8/2024 17:00,3/8/2024 19:15
Women's Singles Quarter-finals,TEN,Tennis,RGA,31/7/2024 12:00,31/7/2024 15:00
Women's Foil Individual Semifinals,FEN,Fencing,GRP,28/7/2024 19:30,28/7/2024 20:00
MFS 97kg 1/8 Finals,WRE,Wrestling,CDM,10/8/2024 11:56,10/8/2024 12:03
Women -57 kg Elimination Round of 32,JUD,Judo,CDM,29/7/2024 10:48,29/7/2024 10:54
Men's Group D,FBL,Football,PDP,30/7/2024 21:00,30/7/2024 22:45
Women's Preliminary Round Group A,HBL,Handball,SP,25/7/2024 9:00,25/7/2024 10:30
Men's Skiff Opening Series,SAL,Sailing,MAM,29/7/2024 13:49,29/7/2024 14:24
Men's Group C,FBL,Football,NAN,24/7/2024 17:00,24/7/2024 18:45
Men's Finals,RU7,Rugby Sevens,STA,27/7/2024 16:30,27/7/2024 16:46
Women's Preliminary Round - Group B,WPO,Water Polo,AQC,31/7/2024 20:05,31/7/2024 21:30
Men's 800m Repechage Round,ATH,Athletics,STA,8/8/2024 12:00,8/8/2024 12:26
MGR 87kg 1/8 Finals,WRE,Wrestling,CDM,7/8/2024 11:56,7/8/2024 12:03
25m Rapid Fire Pistol Men's Qual.,SHO,Shooting,CTX,4/8/2024 13:00,4/8/2024 17:00
Men's Doubles First Round,TEN,Tennis,RGA,29/7/2024 12:00,29/7/2024 15:00
Mixed Dinghy Opening Series,SAL,Sailing,MAM,3/8/2024 16:52,3/8/2024 17:42
Men's 1500m Freestyle Final,SWM,Swimming,DEF,4/8/2024 18:37,4/8/2024 18:58
MGR 87kg 1/8 Finals,WRE,Wrestling,CDM,7/8/2024 11:42,7/8/2024 11:49
Men's Preliminary Round - Group B,WPO,Water Polo,DEF,5/8/2024 12:00,5/8/2024 13:25
Women -57kg Semifinals,TKW,Taekwondo,GRP,8/8/2024 16:11,8/8/2024 16:24
Women -48 kg Quarterfinals,JUD,Judo,CDM,27/7/2024 12:18,27/7/2024 12:24
Men -68kg Round of 16,TKW,Taekwondo,GRP,8/8/2024 10:10,8/8/2024 10:22
Women's Finals,RU7,Rugby Sevens,STA,30/7/2024 19:00,30/7/2024 19:16
Women's 400m Freestyle - Heats,SWM,Swimming,DEF,27/7/2024 11:12,27/7/2024 11:30
Women -57 kg Elimination Round of 16,JUD,Judo,CDM,29/7/2024 11:42,29/7/2024 11:48
Men's Final,GTR,Trampoline Gymnastics,BCY,2/8/2024 19:50,2/8/2024 20:20
Men's Group Phase - Group C,BKB,Basketball,LIL,28/7/2024 11:00,28/7/2024 12:45
Men's +92kg - Prelims - Round of 16,BOX,Boxing,NPA,29/7/2024 21:36,29/7/2024 21:47
Men's +92kg - Prelims - Round of 16,BOX,Boxing,NPA,29/7/2024 21:52,29/7/2024 22:03
Men's Foil Team Semifinals,FEN,Fencing,GRP,4/8/2024 14:50,4/8/2024 16:00
Men's Doubles Group Play Stage - Grp D,BDM,Badminton,CPL,30/7/2024 11:00,30/7/2024 12:00
Women's Foil Individual Table of 32,FEN,Fencing,GRP,28/7/2024 11:55,28/7/2024 12:25
Men's Foil Team Table of 8,FEN,Fencing,GRP,4/8/2024 11:50,4/8/2024 13:00
Mixed Dinghy Opening Series,SAL,Sailing,MAM,4/8/2024 12:05,4/8/2024 12:55
Men's Kayak Four 500m Semifinals,CSP,Canoe Sprint,VN,8/8/2024 12:00,8/8/2024 12:07
Men's Individual 1/16 Elimination Round,ARC,Archery,INV,1/8/2024 11:40,1/8/2024 11:53
Women's Boulder & Lead Final,CLB,Sport Climbing,LBO,10/8/2024 10:15,10/8/2024 11:52
Men's Singles Group Play Stage - Grp A,BDM,Badminton,CPL,31/7/2024 10:10,31/7/2024 10:50
Women's Individual 1/16 Elimination Rnd,ARC,Archery,INV,31/7/2024 14:23,31/7/2024 14:36
Women's 57kg - Prelims - Round of 32,BOX,Boxing,NPA,30/7/2024 22:24,30/7/2024 22:35
Women's 50kg - Prelims - Round of 16,BOX,Boxing,NPA,1/8/2024 11:32,1/8/2024 11:43
MGR 130kg 1/4 Finals,WRE,Wrestling,CDM,5/8/2024 16:10,5/8/2024 16:17
Mixed Doubles Group Play Stage - Grp B,BDM,Badminton,CPL,29/7/2024 14:00,29/7/2024 14:40
Women's Foil Individual Table of 64,FEN,Fencing,GRP,28/7/2024 9:30,28/7/2024 10:00
Women's Pool C,RU7,Rugby Sevens,STA,28/7/2024 20:00,28/7/2024 20:16
Women's Sabre Individual Table of 64,FEN,Fencing,GRP,29/7/2024 9:00,29/7/2024 9:25
Men +80kg Repechages,TKW,Taekwondo,GRP,10/8/2024 19:53,10/8/2024 20:06
Men -60 kg Semifinals,JUD,Judo,CDM,27/7/2024 16:42,27/7/2024 16:48
Women's Play-in Games,BK3,3x3 Basketball,LC,3/8/2024 21:30,3/8/2024 21:55
Trap Women's Training,SHO,Shooting,CTX,29/7/2024 14:30,29/7/2024 18:15
Women's Javelin Throw Qualification,ATH,Athletics,STA,7/8/2024 11:50,7/8/2024 12:46
Men's Singles Round of 64,TTE,Table Tennis,SP,28/7/2024 20:00,28/7/2024 21:00
Men's Pool A,HOC,Hockey,YDM,30/7/2024 10:00,30/7/2024 11:30
WFS 53kg 1/8 Finals,WRE,Wrestling,CDM,7/8/2024 11:42,7/8/2024 11:49
Men's Singles Quarterfinals,BDM,Badminton,CPL,2/8/2024 19:55,2/8/2024 20:55
Women -49kg Round of 16,TKW,Taekwondo,GRP,7/8/2024 10:22,7/8/2024 10:35
Men's Pool B,HOC,Hockey,YDM,27/7/2024 17:30,27/7/2024 19:00
Men's Quarter-finals,RU7,Rugby Sevens,STA,25/7/2024 22:30,25/7/2024 22:46
Men's Singles Round of 64,TTE,Table Tennis,SP,28/7/2024 22:00,28/7/2024 23:00
Women -78 kg Elimination Round of 16,JUD,Judo,CDM,1/8/2024 11:06,1/8/2024 11:12
WFS 68kg 1/4 Finals,WRE,Wrestling,CDM,5/8/2024 16:10,5/8/2024 16:17
Women's Group Phase - Group A,BKB,Basketball,LIL,31/7/2024 13:30,31/7/2024 15:15
Men's 51kg - Prelims - Round of 32,BOX,Boxing,NPA,28/7/2024 11:00,28/7/2024 11:11
Men's Qualification,GTR,Trampoline Gymnastics,BCY,2/8/2024 18:00,2/8/2024 19:30
MGR 60kg Repechage,WRE,Wrestling,CDM,6/8/2024 11:00,6/8/2024 11:07
MFS 125kg 1/4 Finals,WRE,Wrestling,CDM,9/8/2024 12:24,9/8/2024 12:31
Women's Individual 1/32 Elimination Rnd,ARC,Archery,INV,1/8/2024 15:56,1/8/2024 16:09
Women's Group A,FBL,Football,LYO,31/7/2024 21:00,31/7/2024 22:45
Women's 54kg - Quarterfinals,BOX,Boxing,NPA,1/8/2024 17:06,1/8/2024 17:17
Women's Individual 1/16 Elimination Rnd,ARC,Archery,INV,30/7/2024 13:05,30/7/2024 13:18
Men -68kg Round of 16,TKW,Taekwondo,GRP,8/8/2024 10:59,8/8/2024 11:11
Women's Team Finals,TTE,Table Tennis,SP,10/8/2024 15:00,10/8/2024 18:00
Women's Preliminary Round - Pool C,VVO,Volleyball,SP,1/8/2024 9:00,1/8/2024 11:15
Women's Team Round of 16,TTE,Table Tennis,SP,5/8/2024 15:00,5/8/2024 18:00
25m Pistol Women's Qualification,SHO,Shooting,CTX,2/8/2024 12:00,2/8/2024 14:00
Men's Long Jump Final,ATH,Athletics,STA,6/8/2024 20:15,6/8/2024 21:35
Men's 10m Platform Preliminary,DIV,Diving,AQC,9/8/2024 10:00,9/8/2024 12:39
Men's Preliminary Round - Pool A,VVO,Volleyball,SP,28/7/2024 17:00,28/7/2024 19:15
Men -66 kg Elimination Round of 16,JUD,Judo,CDM,28/7/2024 11:24,28/7/2024 11:30
B-Girls Round Robin - Group C,BKG,Breaking,LC,9/8/2024 17:57,9/8/2024 18:03
Women's Dinghy Opening Series,SAL,Sailing,MAM,4/8/2024 14:35,4/8/2024 15:26
WFS 76kg Final,WRE,Wrestling,CDM,11/8/2024 13:40,11/8/2024 13:50
Men's 57kg - Quarterfinals,BOX,Boxing,NPA,3/8/2024 15:46,3/8/2024 15:57
Women's Preliminary - Pool C - Matches,VBV,Beach Volleyball,EIF,2/8/2024 12:00,2/8/2024 12:50
Men's Doubles Group Play Stage - Grp D,BDM,Badminton,CPL,29/7/2024 15:40,29/7/2024 17:30
Women +67kg Round of 16,TKW,Taekwondo,GRP,10/8/2024 11:36,10/8/2024 11:48
Men's Quad. Sculls Finals,ROW,Rowing,VN,31/7/2024 12:02,31/7/2024 12:09
MFS 65kg 1/8 Finals,WRE,Wrestling,CDM,10/8/2024 11:28,10/8/2024 11:35
Women's Singles Round of 16,BDM,Badminton,CPL,1/8/2024 18:30,1/8/2024 19:20
Men's Pool A,HOC,Hockey,YDM,27/7/2024 17:00,27/7/2024 18:30
B-Girls Round Robin - Group C,BKG,Breaking,LC,9/8/2024 17:15,9/8/2024 17:21
Men's Doubles Quarter-finals,TEN,Tennis,RGA,1/8/2024 12:00,1/8/2024 18:00
"Women's Omnium, Tempo Race 2/4",CTR,Cycling Track,VE1,11/8/2024 11:57,11/8/2024 12:18
Men's Singles Round of 16,TTE,Table Tennis,SP,31/7/2024 15:00,31/7/2024 16:00
Women's Pool Round,BK3,3x3 Basketball,LC,2/8/2024 17:30,2/8/2024 17:55
"Women's Team Sprint, First Round",CTR,Cycling Track,VE1,5/8/2024 18:55,5/8/2024 19:09
Men's Preliminary Round - Group B,WPO,Water Polo,AQC,30/7/2024 10:30,30/7/2024 11:55
MGR 130kg Semifinals,WRE,Wrestling,CDM,5/8/2024 21:14,5/8/2024 21:21
Men -100 kg Quarterfinals,JUD,Judo,CDM,1/8/2024 11:54,1/8/2024 12:00
Men's Singles Round of 64,TTE,Table Tennis,SP,29/7/2024 10:00,29/7/2024 11:00
Men's Doubles First Round,TEN,Tennis,RGA,28/7/2024 12:00,28/7/2024 21:00
Women's Windsurfing Opening Series,SAL,Sailing,MAM,1/8/2024 12:23,1/8/2024 12:44
Women's Pool Round,BK3,3x3 Basketball,LC,1/8/2024 9:00,1/8/2024 9:25
Men's 51kg - Semifinals,BOX,Boxing,NPA,4/8/2024 12:20,4/8/2024 12:31
Men's 71kg - Final,BOX,Boxing,RGA,9/8/2024 21:30,9/8/2024 21:41
Women's Quarterfinals,VBV,Beach Volleyball,EIF,7/8/2024 18:00,7/8/2024 18:50
Men -60 kg Final,JUD,Judo,CDM,27/7/2024 17:18,27/7/2024 17:24
Men's 57kg - Prelims - Round of 16,BOX,Boxing,NPA,31/7/2024 20:32,31/7/2024 20:43
Women's Foil Team Semifinals,FEN,Fencing,GRP,1/8/2024 14:50,1/8/2024 16:00
Individual All-Around Final,GRY,Rhythmic Gymnastics,CPL,9/8/2024 14:30,9/8/2024 17:03
Men's Kayak Single 1000m Heats,CSP,Canoe Sprint,VN,7/8/2024 10:40,7/8/2024 11:27
Men's Sabre Individual Table of 32,FEN,Fencing,GRP,27/7/2024 13:45,27/7/2024 14:10
Women's Doubles Group Play Stage - Grp B,BDM,Badminton,CPL,30/7/2024 10:10,30/7/2024 10:50
Men's Preliminary Round - Pool B,VVO,Volleyball,SP,2/8/2024 13:00,2/8/2024 15:15
Men's Singles Third Round,TEN,Tennis,RGA,31/7/2024 12:00,31/7/2024 18:00
Men's Individual 1/32 Elimination Round,ARC,Archery,INV,30/7/2024 12:00,30/7/2024 12:13
Women -70 kg Final,JUD,Judo,CDM,31/7/2024 17:00,31/7/2024 17:06
10m Air Rifle Men's Training,SHO,Shooting,CTX,27/7/2024 16:00,27/7/2024 17:15
Women's Singles Round of 64,TTE,Table Tennis,SP,27/7/2024 22:15,27/7/2024 23:00
Women's Team Quarterfinals,TTE,Table Tennis,SP,7/8/2024 10:00,7/8/2024 13:00
Men -73 kg Elimination Round of 32,JUD,Judo,CDM,29/7/2024 11:18,29/7/2024 11:24
Mixed Team Quarterfinals,ARC,Archery,INV,2/8/2024 14:34,2/8/2024 14:53
Men's Doubles First Round,TEN,Tennis,RGA,29/7/2024 12:00,29/7/2024 18:00
Women's Doubles First Round,TEN,Tennis,RGA,27/7/2024 12:00,27/7/2024 19:30
WFS 57kg Semifinals,WRE,Wrestling,CDM,8/8/2024 18:43,8/8/2024 18:50
Women's 4 x 100m Medley Relay - Heats,SWM,Swimming,DEF,3/8/2024 12:52,3/8/2024 13:05
Women's Doubles Group Play Stage - Grp D,BDM,Badminton,CPL,30/7/2024 21:10,30/7/2024 22:10
Men's Individual Final,MPN,Modern Pentathlon,VER,10/8/2024 18:10,10/8/2024 18:30
Women's 400m Repechage Round,ATH,Athletics,STA,6/8/2024 11:20,6/8/2024 11:45
Women's Preliminary Round - Pool C,VVO,Volleyball,SP,28/7/2024 9:00,28/7/2024 11:15
Women's Finals,WPO,Water Polo,DEF,10/8/2024 14:00,10/8/2024 15:25
Men's Group A,FBL,Football,STE,30/7/2024 19:00,30/7/2024 20:45
Men's Doubles First Round,TEN,Tennis,RGA,27/7/2024 19:00,27/7/2024 20:30
Men's Pool Round,BK3,3x3 Basketball,LC,2/8/2024 22:35,2/8/2024 23:00
Men's Épée Team Semifinals,FEN,Fencing,GRP,2/8/2024 15:50,2/8/2024 16:40
Mixed Team Elimination Round of 16,JUD,Judo,CDM,3/8/2024 8:42,3/8/2024 9:31
Mixed Team Quarterfinals,JUD,Judo,CDM,3/8/2024 12:12,3/8/2024 12:12
Men's Singles Group Play Stage - Grp G,BDM,Badminton,CPL,30/7/2024 8:30,30/7/2024 9:10
Men's Preliminary - Pool B - Matches,VBV,Beach Volleyball,EIF,28/7/2024 10:00,28/7/2024 10:50
MFS 74kg Semifinals,WRE,Wrestling,CDM,9/8/2024 18:25,9/8/2024 18:35
Women -63 kg Elimination Round of 16,JUD,Judo,CDM,30/7/2024 11:24,30/7/2024 11:30
"Women's Sprint, 1/16 Finals",CTR,Cycling Track,VE1,9/8/2024 19:10,9/8/2024 19:38
Women's Épée Individual Table of 32,FEN,Fencing,GRP,27/7/2024 11:15,27/7/2024 11:40
MGR 130kg Final,WRE,Wrestling,CDM,6/8/2024 19:32,6/8/2024 19:39
Men's Pool Round,BK3,3x3 Basketball,LC,4/8/2024 18:00,4/8/2024 18:25
Men's Individual 1/8 Elimination Round,ARC,Archery,INV,4/8/2024 10:09,4/8/2024 10:22
Women -78 kg Quarterfinals,JUD,Judo,CDM,1/8/2024 11:42,1/8/2024 11:48
Mixed Doubles Quarter-finals,TEN,Tennis,RGA,31/7/2024 13:30,31/7/2024 15:00
Men's Group C,FBL,Football,BOR,30/7/2024 15:00,30/7/2024 16:45
Women's Hammer Throw Final,ATH,Athletics,STA,6/8/2024 19:57,6/8/2024 21:07
Men +80kg Round of 16,TKW,Taekwondo,GRP,10/8/2024 10:59,10/8/2024 11:11
Men's 63.5kg - Prelims - Round of 32,BOX,Boxing,NPA,27/7/2024 17:06,27/7/2024 17:17
Women's Windsurfing Opening Series,SAL,Sailing,MAM,31/7/2024 12:13,31/7/2024 12:22
Men's Preliminary - Pool F - Matches,VBV,Beach Volleyball,EIF,29/7/2024 10:00,29/7/2024 10:50
LWT Women's Double Sculls Finals,ROW,Rowing,VN,2/8/2024 11:18,2/8/2024 11:25
Men's Doubles Second Round,TEN,Tennis,RGA,31/7/2024 13:00,31/7/2024 17:30
Men's Round 1,SRF,Surfing,TAH,27/7/2024 22:00,27/7/2024 22:30
Women's Foil Individual Table of 16,FEN,Fencing,GRP,28/7/2024 14:35,28/7/2024 15:05
Mixed Doubles First Round,TEN,Tennis,RGA,29/7/2024 12:00,29/7/2024 19:30
Men's Pool A,RU7,Rugby Sevens,STA,25/7/2024 16:00,25/7/2024 16:16
Women's Sabre Individual Table of 32,FEN,Fencing,GRP,29/7/2024 10:25,29/7/2024 10:50
"Women's Keirin, Finals",CTR,Cycling Track,VE1,8/8/2024 19:11,8/8/2024 19:18
Men's Preliminary Round - Group B,WPO,Water Polo,AQC,30/7/2024 15:00,30/7/2024 16:25
Women -57 kg Elimination Round of 16,JUD,Judo,CDM,29/7/2024 11:30,29/7/2024 11:36
Women's Team Round of 16,TTE,Table Tennis,SP,5/8/2024 20:00,5/8/2024 23:00
Women -78 kg Elimination Round of 16,JUD,Judo,CDM,1/8/2024 10:48,1/8/2024 10:54
Women's 4 x 200m Freestyle Relay - Heats,SWM,Swimming,DEF,1/8/2024 12:05,1/8/2024 12:26
Women's Foil Individual Table of 16,FEN,Fencing,GRP,28/7/2024 14:05,28/7/2024 14:35
Women's Kayak Single 500m Semifinals,CSP,Canoe Sprint,VN,10/8/2024 10:50,10/8/2024 10:57
Men's Doubles Group Play Stage - Grp D,BDM,Badminton,CPL,27/7/2024 22:00,27/7/2024 23:00
Men -73 kg Elimination Round of 32,JUD,Judo,CDM,29/7/2024 10:24,29/7/2024 10:30
Men's Singles Round of 64,TTE,Table Tennis,SP,28/7/2024 21:00,28/7/2024 22:00
Women +78 kg Elimination Round of 16,JUD,Judo,CDM,2/8/2024 11:24,2/8/2024 11:30
MFS 125kg 1/8 Finals,WRE,Wrestling,CDM,9/8/2024 11:49,9/8/2024 11:56
Women's Park Qualification,BMF,Cycling BMX Freestyle,LC,30/7/2024 13:25,30/7/2024 14:41
Men's Doubles First Round,TEN,Tennis,RGA,29/7/2024 12:00,29/7/2024 18:00
Women +78 kg Elimination Round of 32,JUD,Judo,CDM,2/8/2024 10:00,2/8/2024 10:06
Women -57kg Round of 16,TKW,Taekwondo,GRP,8/8/2024 10:22,8/8/2024 10:35
Men's Singles Group Play Stage - Grp I,BDM,Badminton,CPL,31/7/2024 15:40,31/7/2024 16:20
"Women's Sprint, Semifinals",CTR,Cycling Track,VE1,11/8/2024 12:18,11/8/2024 12:25
Men's Épée Individual Table of 32,FEN,Fencing,GRP,28/7/2024 12:50,28/7/2024 13:15
Men +100 kg Repechage,JUD,Judo,CDM,2/8/2024 16:30,2/8/2024 16:36
Women's 60kg - Semifinals,BOX,Boxing,NPA,3/8/2024 17:38,3/8/2024 17:49
Women's 1500m Repechage Round,ATH,Athletics,STA,7/8/2024 12:45,7/8/2024 13:02
B-Boys Round Robin - Group D,BKG,Breaking,LC,10/8/2024 16:35,10/8/2024 16:41
Men's Classification 5th-8th,WPO,Water Polo,DEF,9/8/2024 18:00,9/8/2024 19:25
WFS 62kg 1/8 Finals,WRE,Wrestling,CDM,9/8/2024 11:35,9/8/2024 11:42
Men's Sabre Team Finals,FEN,Fencing,GRP,31/7/2024 19:30,31/7/2024 20:20
"Men's Sprint, Qualifying",CTR,Cycling Track,VE1,7/8/2024 12:45,7/8/2024 13:26
Women's 54kg - Semifinals,BOX,Boxing,NPA,4/8/2024 12:04,4/8/2024 12:15
Women's Singles Round of 64,TTE,Table Tennis,SP,27/7/2024 20:45,27/7/2024 21:30
WFS 50kg Semifinals,WRE,Wrestling,CDM,6/8/2024 18:50,6/8/2024 18:57
Men's Team Round of 16,TTE,Table Tennis,SP,5/8/2024 20:00,5/8/2024 23:00
Men -58kg Round of 16,TKW,Taekwondo,GRP,7/8/2024 10:10,7/8/2024 10:22
Men's 4 x 200m Freestyle Relay Final,SWM,Swimming,DEF,30/7/2024 22:15,30/7/2024 22:28
Women -57 kg Elimination Round of 16,JUD,Judo,CDM,29/7/2024 11:54,29/7/2024 12:00
Men's 63.5kg - Prelims - Round of 16,BOX,Boxing,NPA,29/7/2024 21:04,29/7/2024 21:15
Women's Classification 5th-8th,WPO,Water Polo,DEF,8/8/2024 13:00,8/8/2024 14:25
Women's Quarter-finals,RU7,Rugby Sevens,STA,29/7/2024 22:00,29/7/2024 22:16
Men's Classification 5th-8th,WPO,Water Polo,DEF,9/8/2024 13:00,9/8/2024 14:25
MFS 74kg Repechage,WRE,Wrestling,CDM,10/8/2024 11:42,10/8/2024 11:49
Men -81 kg Elimination Round of 16,JUD,Judo,CDM,30/7/2024 11:48,30/7/2024 11:54
Women -70 kg Elimination Round of 16,JUD,Judo,CDM,31/7/2024 11:30,31/7/2024 11:36
"Women's Sprint, Finals",CTR,Cycling Track,VE1,11/8/2024 13:15,11/8/2024 13:23
Men +80kg Semifinals,TKW,Taekwondo,GRP,10/8/2024 16:36,10/8/2024 16:49
Men's Preliminary Round - Group B,WPO,Water Polo,AQC,1/8/2024 21:05,1/8/2024 22:30
Women's Singles Round of 64,TTE,Table Tennis,SP,29/7/2024 13:00,29/7/2024 14:00
Men -90 kg Elimination Round of 32,JUD,Judo,CDM,31/7/2024 10:24,31/7/2024 10:30
Women's Group A,FBL,Football,LYO,25/7/2024 21:00,25/7/2024 22:45
Men's Kite Semifinals,SAL,Sailing,MAM,8/8/2024 15:28,8/8/2024 15:34
Men -60 kg Elimination Round of 16,JUD,Judo,CDM,27/7/2024 11:36,27/7/2024 11:42
Mixed Multihull Opening Series,SAL,Sailing,MAM,6/8/2024 12:57,6/8/2024 13:32
"Women, Semifinals",BMX,Cycling BMX Racing,VE2,2/8/2024 20:45,2/8/2024 20:55
Men's Pool Round,BK3,3x3 Basketball,LC,31/7/2024 22:35,31/7/2024 23:00
Women -48 kg Elimination Round of 32,JUD,Judo,CDM,27/7/2024 11:00,27/7/2024 11:06
"Men's Sprint, Finals",CTR,Cycling Track,VE1,9/8/2024 19:02,9/8/2024 19:10
"Men's Sprint, Semifinals",CTR,Cycling Track,VE1,9/8/2024 14:41,9/8/2024 14:48
Men -81 kg Elimination Round of 32,JUD,Judo,CDM,30/7/2024 11:18,30/7/2024 11:24
Men's Windsurfing Opening Series,SAL,Sailing,MAM,1/8/2024 18:59,1/8/2024 19:20
Women -78 kg Elimination Round of 16,JUD,Judo,CDM,1/8/2024 10:42,1/8/2024 10:48
Men's 100m Preliminary Round,ATH,Athletics,STA,3/8/2024 10:35,3/8/2024 11:00
Men's Quarter-finals,FBL,Football,MRS,2/8/2024 19:00,2/8/2024 20:45
Women's 66kg - Prelims - Round of 16,BOX,Boxing,NPA,1/8/2024 16:50,1/8/2024 17:01
MGR 60kg Qualifications,WRE,Wrestling,CDM,5/8/2024 15:00,5/8/2024 15:07
Men's Canoe Double 500m Quarterfinals,CSP,Canoe Sprint,VN,6/8/2024 13:50,6/8/2024 14:07
Men's Round 2,SRF,Surfing,TAH,29/7/2024 1:10,29/7/2024 1:40
Men's Individual 1/32 Elimination Round,ARC,Archery,INV,1/8/2024 18:19,1/8/2024 18:32
Women's Singles Group Play Stage - Grp I,BDM,Badminton,CPL,30/7/2024 20:20,30/7/2024 21:00
Women's Pool Round,BK3,3x3 Basketball,LC,30/7/2024 21:00,30/7/2024 21:25
Women's Singles Round of 16,TTE,Table Tennis,SP,31/7/2024 16:00,31/7/2024 17:00
Men +100 kg Quarterfinals,JUD,Judo,CDM,2/8/2024 11:30,2/8/2024 11:36
Women's Singles Group Play Stage - Grp G,BDM,Badminton,CPL,28/7/2024 14:50,28/7/2024 15:30
Men's 3000m Steeplechase Final,ATH,Athletics,STA,7/8/2024 21:43,7/8/2024 21:52
Women's Doubles Semi-finals,TEN,Tennis,RGA,2/8/2024 12:00,2/8/2024 13:30
Women's Singles Round of 32,TTE,Table Tennis,SP,29/7/2024 20:00,29/7/2024 21:00
Women -57 kg Elimination Round of 32,JUD,Judo,CDM,29/7/2024 11:06,29/7/2024 11:12
Team Final,SWA,Artistic Swimming,AQC,7/8/2024 19:30,7/8/2024 20:29
Women +67kg Quarterfinals,TKW,Taekwondo,GRP,10/8/2024 14:30,10/8/2024 14:40
Men's Pool B,HOC,Hockey,YDM,1/8/2024 10:00,1/8/2024 11:30
Women -70 kg Elimination Round of 32,JUD,Judo,CDM,31/7/2024 10:24,31/7/2024 10:30
MFS 65kg 1/8 Finals,WRE,Wrestling,CDM,10/8/2024 12:03,10/8/2024 12:10
Men's Singles First Round,TEN,Tennis,RGA,28/7/2024 12:00,28/7/2024 13:30
Men's Preliminary Round - Group A,WPO,Water Polo,AQC,30/7/2024 12:05,30/7/2024 13:30
Eventing Individual Jumping,EQU,Equestrian,VER,29/7/2024 11:00,29/7/2024 13:40
Women's Preliminary Round Group B,HBL,Handball,SP,3/8/2024 14:00,3/8/2024 15:30
Women -52 kg Elimination Round of 16,JUD,Judo,CDM,28/7/2024 11:00,28/7/2024 11:06
Men -100 kg Elimination Round of 32,JUD,Judo,CDM,1/8/2024 10:06,1/8/2024 10:12
Men's Épée Individual Table of 8,FEN,Fencing,GRP,28/7/2024 16:25,28/7/2024 16:50
Women's Singles First Round,TEN,Tennis,RGA,28/7/2024 12:00,28/7/2024 13:30
Women -49kg Repechages,TKW,Taekwondo,GRP,7/8/2024 19:30,7/8/2024 19:40
MFS 97kg Semifinals,WRE,Wrestling,CDM,10/8/2024 18:35,10/8/2024 18:45
Men's +92kg - Quarterfinals,BOX,Boxing,NPA,2/8/2024 17:54,2/8/2024 18:05
Men's 1500m Repechage Round,ATH,Athletics,STA,3/8/2024 19:15,3/8/2024 19:30
Men -66 kg Elimination Round of 32,JUD,Judo,CDM,28/7/2024 10:48,28/7/2024 10:54
Women's Singles Semi-finals,TEN,Tennis,RGA,1/8/2024 12:00,1/8/2024 13:30
Women -52 kg Elimination Round of 32,JUD,Judo,CDM,28/7/2024 10:48,28/7/2024 10:54
Men's Singles Round of 16,TTE,Table Tennis,SP,31/7/2024 20:00,31/7/2024 21:00
Men's Canoe Single 1000m Finals,CSP,Canoe Sprint,VN,9/8/2024 13:40,9/8/2024 13:47
Men's Sabre Individual Semifinals,FEN,Fencing,GRP,27/7/2024 19:50,27/7/2024 20:15
Men's Pool Round,BK3,3x3 Basketball,LC,2/8/2024 22:05,2/8/2024 22:30
"Men's Team Pursuit, Finals",CTR,Cycling Track,VE1,7/8/2024 18:33,7/8/2024 18:42
Men's Foil Team Semifinals,FEN,Fencing,GRP,4/8/2024 14:50,4/8/2024 16:00
Women's Doubles Second Round,TEN,Tennis,RGA,31/7/2024 13:30,31/7/2024 16:30
Men's Singles Quarterfinals,TTE,Table Tennis,SP,1/8/2024 15:00,1/8/2024 16:00
Men -58kg Gold Medal Contest,TKW,Taekwondo,GRP,7/8/2024 21:37,7/8/2024 21:52
Women +78 kg Contests for Bronze Medals,JUD,Judo,CDM,2/8/2024 16:48,2/8/2024 16:54
Men's Singles Round of 16,BDM,Badminton,CPL,1/8/2024 15:20,1/8/2024 16:30
Women's Doubles Finals,BDM,Badminton,CPL,3/8/2024 15:00,3/8/2024 16:00
Men's Foil Individual Table of 32,FEN,Fencing,GRP,29/7/2024 12:35,29/7/2024 13:05
Men's Sabre Team Table of 8,FEN,Fencing,GRP,31/7/2024 13:30,31/7/2024 14:20
Men's Pool B,RU7,Rugby Sevens,STA,24/7/2024 19:30,24/7/2024 19:46
Women's Singles First Round,TEN,Tennis,RGA,28/7/2024 12:00,28/7/2024 18:00
Women's 100m Backstroke - Heats,SWM,Swimming,DEF,29/7/2024 11:13,29/7/2024 11:27
Mixed Doubles First Round,TEN,Tennis,RGA,30/7/2024 13:30,30/7/2024 18:00
Women's Épée Individual Semifinals,FEN,Fencing,GRP,27/7/2024 19:00,27/7/2024 19:25
Men -73 kg Elimination Round of 32,JUD,Judo,CDM,29/7/2024 10:48,29/7/2024 10:54
Men's 92kg - Quarterfinals,BOX,Boxing,NPA,1/8/2024 17:54,1/8/2024 18:05
Women's Doubles Second Round,TEN,Tennis,RGA,31/7/2024 13:30,31/7/2024 18:00
Women's Finals,WPO,Water Polo,DEF,10/8/2024 15:35,10/8/2024 17:00
Women's 60kg - Semifinals,BOX,Boxing,NPA,3/8/2024 22:08,3/8/2024 22:19
Women's Quarter-finals,HOC,Hockey,YDM,5/8/2024 20:00,5/8/2024 21:45
Women's 66kg - Prelims - Round of 16,BOX,Boxing,NPA,1/8/2024 12:04,1/8/2024 12:15
Women's 50m Freestyle - Heats,SWM,Swimming,DEF,3/8/2024 11:00,3/8/2024 11:27
"Men's 10,000m Final",ATH,Athletics,STA,2/8/2024 21:20,2/8/2024 21:50
Men -58kg Semifinals,TKW,Taekwondo,GRP,7/8/2024 17:02,7/8/2024 17:15
Men's 1500m Final,ATH,Athletics,STA,6/8/2024 20:50,6/8/2024 20:54
Women's Quarterfinals,SRF,Surfing,TAH,2/8/2024 4:00,2/8/2024 4:30
MFS 57kg 1/4 Finals,WRE,Wrestling,CDM,8/8/2024 12:17,8/8/2024 12:24
Men +100 kg Semifinals,JUD,Judo,CDM,2/8/2024 16:36,2/8/2024 16:42
Men's 100m Semi-Final,ATH,Athletics,STA,4/8/2024 20:05,4/8/2024 20:22
Women's Singles First Round,TEN,Tennis,RGA,28/7/2024 12:00,28/7/2024 19:30
Women's Skiff Opening Series,SAL,Sailing,MAM,29/7/2024 12:15,29/7/2024 12:50
Women's Sabre Individual Table of 64,FEN,Fencing,GRP,29/7/2024 9:00,29/7/2024 9:25
Men's Individual 1/32 Elimination Round,ARC,Archery,INV,31/7/2024 13:31,31/7/2024 13:44
Women's 75kg - Prelims - Round of 16,BOX,Boxing,NPA,31/7/2024 21:52,31/7/2024 22:03
Women's Preliminary Round - Group A,WPO,Water Polo,AQC,4/8/2024 14:00,4/8/2024 15:25
Women -48 kg Elimination Round of 32,JUD,Judo,CDM,27/7/2024 11:24,27/7/2024 11:30
Women's Kite Opening Series,SAL,Sailing,MAM,5/8/2024 12:03,5/8/2024 12:20
Men's Pair Finals,ROW,Rowing,VN,2/8/2024 11:30,2/8/2024 11:37
Men's Finals,BK3,3x3 Basketball,LC,5/8/2024 21:30,5/8/2024 21:55
Men's Team Final,GAR,Artistic Gymnastics,BCY,29/7/2024 17:30,29/7/2024 20:00
Men's 200m Breaststroke Final,SWM,Swimming,DEF,31/7/2024 22:31,31/7/2024 22:39
Men's Windsurfing Opening Series,SAL,Sailing,MAM,30/7/2024 12:44,30/7/2024 13:05
Women's Foil Individual Table of 64,FEN,Fencing,GRP,28/7/2024 9:30,28/7/2024 10:00
Women +78 kg Elimination Round of 16,JUD,Judo,CDM,2/8/2024 11:42,2/8/2024 11:48
Women's Doubles Quarter-finals,TEN,Tennis,RGA,1/8/2024 13:00,1/8/2024 14:30
Women's Canoe Double 500m Heats,CSP,Canoe Sprint,VN,6/8/2024 11:00,6/8/2024 11:17
"Women's Sprint, Finals",CTR,Cycling Track,VE1,11/8/2024 12:25,11/8/2024 12:29
Men's Kite Semifinals,SAL,Sailing,MAM,8/8/2024 14:56,8/8/2024 15:02
Men's Singles Round of 32,TTE,Table Tennis,SP,29/7/2024 22:00,29/7/2024 23:00
Men's Pool C,RU7,Rugby Sevens,STA,24/7/2024 17:00,24/7/2024 17:16
Men's Windsurfing Opening Series,SAL,Sailing,MAM,30/7/2024 13:15,30/7/2024 13:36
Men's Singles Group Play Stage - Grp D,BDM,Badminton,CPL,31/7/2024 14:50,31/7/2024 15:30
Women -63 kg Elimination Round of 16,JUD,Judo,CDM,30/7/2024 11:30,30/7/2024 11:36
MGR 67kg Repechage,WRE,Wrestling,CDM,8/8/2024 11:07,8/8/2024 11:14
Women's Preliminary Round Group B,HBL,Handball,SP,1/8/2024 14:00,1/8/2024 15:30
Women's Preliminary - Pool E - Matches,VBV,Beach Volleyball,EIF,30/7/2024 22:00,30/7/2024 22:50
Men's Épée Individual Table of 32,FEN,Fencing,GRP,28/7/2024 13:15,28/7/2024 13:40
MGR 130kg Repechage,WRE,Wrestling,CDM,6/8/2024 11:00,6/8/2024 11:07
Women's Sabre Individual Table of 8,FEN,Fencing,GRP,29/7/2024 15:55,29/7/2024 16:20
Men's Horizontal Bar Final,GAR,Artistic Gymnastics,BCY,5/8/2024 13:33,5/8/2024 14:08
Mixed Team Quarterfinals,ARC,Archery,INV,2/8/2024 14:53,2/8/2024 15:12
Men -81 kg Final,JUD,Judo,CDM,30/7/2024 17:00,30/7/2024 17:06
Men's Round 1,SRF,Surfing,TAH,27/7/2024 20:48,27/7/2024 21:18
Women's 100m Butterfly Final,SWM,Swimming,DEF,28/7/2024 20:40,28/7/2024 20:46
Men's 400m Semi-Final,ATH,Athletics,STA,6/8/2024 19:35,6/8/2024 19:50
Women -48 kg Elimination Round of 32,JUD,Judo,CDM,27/7/2024 10:24,27/7/2024 10:30
Women's Individual Final,MPN,Modern Pentathlon,VER,11/8/2024 11:00,11/8/2024 11:35
Men's Single Sculls Semifinals,ROW,Rowing,VN,1/8/2024 10:00,1/8/2024 10:07
WFS 68kg Final,WRE,Wrestling,CDM,6/8/2024 19:53,6/8/2024 20:00
Men's 57kg - Quarterfinals,BOX,Boxing,NPA,3/8/2024 15:30,3/8/2024 15:41
Men's Canoe Double 500m Heats,CSP,Canoe Sprint,VN,6/8/2024 10:30,6/8/2024 10:47
Women's Quad. Sculls Heats,ROW,Rowing,VN,27/7/2024 12:50,27/7/2024 13:07
Women's Singles Group Play Stage - Grp E,BDM,Badminton,CPL,31/7/2024 14:50,31/7/2024 15:30
Women's Sabre Team Finals,FEN,Fencing,GRP,3/8/2024 16:10,3/8/2024 17:00
MFS 97kg 1/8 Finals,WRE,Wrestling,CDM,10/8/2024 11:49,10/8/2024 11:56
Women -57 kg Quarterfinals,JUD,Judo,CDM,29/7/2024 12:18,29/7/2024 12:24
Men's Singles Round of 16,TTE,Table Tennis,SP,31/7/2024 16:00,31/7/2024 17:00
Women's Épée Individual Semifinals,FEN,Fencing,GRP,27/7/2024 19:25,27/7/2024 19:50
Men's Kayak Single Heats 1st and 2nd Run,CSL,Canoe Slalom,VN,30/7/2024 17:30,30/7/2024 18:10
Women -48 kg Elimination Round of 16,JUD,Judo,CDM,27/7/2024 11:42,27/7/2024 11:48
Women's Individual Semifinals,ARC,Archery,INV,3/8/2024 13:52,3/8/2024 14:05
Women's Group B,FBL,Football,STE,31/7/2024 19:00,31/7/2024 20:45
Women's Windsurfing Opening Series,SAL,Sailing,MAM,29/7/2024 12:37,29/7/2024 12:46
Men's Singles Round of 64,TTE,Table Tennis,SP,28/7/2024 10:00,28/7/2024 10:45
Men's Foil Individual Table of 32,FEN,Fencing,GRP,29/7/2024 12:35,29/7/2024 13:05
Women's Pool Round,BK3,3x3 Basketball,LC,1/8/2024 22:00,1/8/2024 22:25
Men -100 kg Elimination Round of 16,JUD,Judo,CDM,1/8/2024 11:12,1/8/2024 11:18
Men +100 kg Elimination Round of 32,JUD,Judo,CDM,2/8/2024 10:24,2/8/2024 10:30
Men's Singles Group Play Stage - Grp L,BDM,Badminton,CPL,27/7/2024 16:30,27/7/2024 17:30
Women's 60kg - Quarterfinals,BOX,Boxing,NPA,31/7/2024 22:08,31/7/2024 22:19
Men's Singles Round of 16,BDM,Badminton,CPL,1/8/2024 14:10,1/8/2024 15:00
Men's Preliminary Round Group A,HBL,Handball,SP,4/8/2024 9:00,4/8/2024 10:30
WFS 53kg Semifinals,WRE,Wrestling,CDM,7/8/2024 18:50,7/8/2024 18:57
Women's 100m Breaststroke Final,SWM,Swimming,DEF,29/7/2024 21:34,29/7/2024 21:41
Men's High Jump Final,ATH,Athletics,STA,10/8/2024 19:00,10/8/2024 20:53
Men's Single Sculls Semifinals,ROW,Rowing,VN,29/7/2024 9:30,29/7/2024 9:37
Men's Individual Semifinals,ARC,Archery,INV,4/8/2024 14:05,4/8/2024 14:18
Men's 80kg - Prelims - Round of 16,BOX,Boxing,NPA,30/7/2024 12:04,30/7/2024 12:15
Women -48 kg Repechage,JUD,Judo,CDM,27/7/2024 16:00,27/7/2024 16:06
Mixed Doubles Group Play Stage - Grp D,BDM,Badminton,CPL,29/7/2024 11:00,29/7/2024 12:00
Women's Individual 1/8 Elimination Round,ARC,Archery,INV,3/8/2024 10:35,3/8/2024 10:48
Men's 400m Freestyle - Heats,SWM,Swimming,DEF,27/7/2024 11:45,27/7/2024 12:14
Women's Foil Individual Table of 32,FEN,Fencing,GRP,28/7/2024 10:55,28/7/2024 11:25
Men's Group A,FBL,Football,NIC,27/7/2024 21:00,27/7/2024 22:45
Women's Doubles Group Play Stage - Grp A,BDM,Badminton,CPL,27/7/2024 10:10,27/7/2024 10:50
"Men's Keirin, Finals",CTR,Cycling Track,VE1,11/8/2024 13:23,11/8/2024 13:32
Women's 54kg - Prelims - Round of 16,BOX,Boxing,NPA,30/7/2024 17:06,30/7/2024 17:17
Men's Finals,BKB,Basketball,BCY,10/8/2024 21:30,10/8/2024 23:15
Men's Pool A,HOC,Hockey,YDM,28/7/2024 19:45,28/7/2024 21:15
Women's Singles First Round,TEN,Tennis,RGA,28/7/2024 12:00,28/7/2024 15:00
Dressage Individual Grand Prix,EQU,Equestrian,VER,30/7/2024 11:00,30/7/2024 16:30
Men's Singles Round of 16,TTE,Table Tennis,SP,31/7/2024 17:00,31/7/2024 18:00
Men -81 kg Elimination Round of 32,JUD,Judo,CDM,30/7/2024 11:00,30/7/2024 11:06
Men's Sabre Individual Table of 32,FEN,Fencing,GRP,27/7/2024 13:45,27/7/2024 14:10
Men -60 kg Elimination Round of 16,JUD,Judo,CDM,27/7/2024 11:18,27/7/2024 11:24
B-Boys Round Robin - Group C,BKG,Breaking,LC,10/8/2024 16:29,10/8/2024 16:35
Men's 51kg - Prelims - Round of 16,BOX,Boxing,NPA,30/7/2024 15:30,30/7/2024 15:41
Women's Épée Individual Table of 16,FEN,Fencing,GRP,27/7/2024 14:10,27/7/2024 14:35
Mixed Team 1/8 Elimination Round,ARC,Archery,INV,2/8/2024 11:24,2/8/2024 11:43
"Women's Team Sprint, Finals",CTR,Cycling Track,VE1,5/8/2024 19:46,5/8/2024 19:50
Men's Single Sculls Semifinals,ROW,Rowing,VN,31/7/2024 9:54,31/7/2024 10:01
Women's 57kg - Prelims - Round of 32,BOX,Boxing,NPA,30/7/2024 22:08,30/7/2024 22:19
Women's Quarterfinals,SRF,Surfing,TAH,2/8/2024 2:12,2/8/2024 2:42
Men's 200m Butterfly - Heats,SWM,Swimming,DEF,30/7/2024 11:00,30/7/2024 11:16
Men's Sabre Individual Table of 16,FEN,Fencing,GRP,27/7/2024 15:00,27/7/2024 15:25
Men's Round 2,SRF,Surfing,TAH,29/7/2024 1:46,29/7/2024 2:16
MGR 97kg Semifinals,WRE,Wrestling,CDM,6/8/2024 18:29,6/8/2024 18:36
Men's Singles Second Round,TEN,Tennis,RGA,29/7/2024 12:00,29/7/2024 15:00
Women -57kg Quarterfinals,TKW,Taekwondo,GRP,8/8/2024 15:45,8/8/2024 15:58
Women -52 kg Elimination Round of 16,JUD,Judo,CDM,28/7/2024 11:36,28/7/2024 11:42
Women's Four Finals,ROW,Rowing,VN,1/8/2024 10:54,1/8/2024 11:01
Women's Kayak Single 500m Semifinals,CSP,Canoe Sprint,VN,10/8/2024 11:00,10/8/2024 11:07
Women's 60kg - Quarterfinals,BOX,Boxing,NPA,31/7/2024 17:54,31/7/2024 18:05
Women's Pool A,HOC,Hockey,YDM,3/8/2024 19:45,3/8/2024 21:15
B-Girls Round Robin - Group A,BKG,Breaking,LC,9/8/2024 16:49,9/8/2024 16:56
Women's Double Sculls Finals,ROW,Rowing,VN,1/8/2024 11:18,1/8/2024 11:25
Women -63 kg Final,JUD,Judo,CDM,30/7/2024 17:18,30/7/2024 17:24
Men's Single Sculls Semifinals,ROW,Rowing,VN,31/7/2024 10:04,31/7/2024 10:11
Women's Round 2,SRF,Surfing,TAH,28/7/2024 21:24,28/7/2024 21:54
MFS 97kg 1/8 Finals,WRE,Wrestling,CDM,10/8/2024 11:21,10/8/2024 11:28
Mixed Doubles Group Play Stage - Grp B,BDM,Badminton,CPL,28/7/2024 19:30,28/7/2024 20:10
Women's Round 3,SRF,Surfing,TAH,1/8/2024 19:36,1/8/2024 20:06
Men's Team Round of 16,TTE,Table Tennis,SP,5/8/2024 15:00,5/8/2024 18:00
Men's Kite Semifinals,SAL,Sailing,MAM,8/8/2024 13:57,8/8/2024 14:03
MFS 125kg 1/4 Finals,WRE,Wrestling,CDM,9/8/2024 12:17,9/8/2024 12:24
Men's Singles Round of 32,TTE,Table Tennis,SP,31/7/2024 10:00,31/7/2024 11:00
Women's Singles Third Round,TEN,Tennis,RGA,30/7/2024 12:00,30/7/2024 16:30
Men's Kite Final,SAL,Sailing,MAM,9/8/2024 12:13,9/8/2024 12:19
Women's Windsurfing Opening Series,SAL,Sailing,MAM,1/8/2024 13:25,1/8/2024 13:46
Men's Singles Second Round,TEN,Tennis,RGA,30/7/2024 12:00,30/7/2024 15:00
Women's Doubles Group Play Stage - Grp A,BDM,Badminton,CPL,30/7/2024 10:10,30/7/2024 10:50
Men -73 kg Repechage,JUD,Judo,CDM,29/7/2024 16:24,29/7/2024 16:30
Women's Quarterfinals,BKB,Basketball,BCY,7/8/2024 11:00,7/8/2024 12:45
WFS 68kg Repechage,WRE,Wrestling,CDM,6/8/2024 11:07,6/8/2024 11:14
Mixed Doubles Semifinals,TTE,Table Tennis,SP,29/7/2024 17:00,29/7/2024 18:00
Women -78 kg Elimination Round of 32,JUD,Judo,CDM,1/8/2024 10:00,1/8/2024 10:06
Mixed Doubles Finals,BDM,Badminton,CPL,2/8/2024 16:10,2/8/2024 17:10
Men -90 kg Elimination Round of 16,JUD,Judo,CDM,31/7/2024 11:30,31/7/2024 11:36
Men's Pool Round,BK3,3x3 Basketball,LC,1/8/2024 19:05,1/8/2024 19:30
Men's Individual 1/32 Elimination Round,ARC,Archery,INV,1/8/2024 18:06,1/8/2024 18:19
Men's Pool Round,BK3,3x3 Basketball,LC,1/8/2024 10:35,1/8/2024 11:00
B-Boys Round Robin - Group A,BKG,Breaking,LC,10/8/2024 17:38,10/8/2024 17:44
Women's Singles First Round,TEN,Tennis,RGA,28/7/2024 12:00,28/7/2024 13:30
Men -60 kg Elimination Round of 32,JUD,Judo,CDM,27/7/2024 10:36,27/7/2024 10:42
Women's Speed Final,CLB,Sport Climbing,LBO,7/8/2024 12:54,7/8/2024 12:57
Women's Cross-country,MTB,Cycling Mountain Bike,ELA,28/7/2024 14:10,28/7/2024 15:40
Women's Sabre Individual Table of 32,FEN,Fencing,GRP,29/7/2024 11:15,29/7/2024 11:40
Men's 92kg - Quarterfinals,BOX,Boxing,NPA,1/8/2024 21:52,1/8/2024 22:03
MFS 74kg 1/4 Finals,WRE,Wrestling,CDM,9/8/2024 12:17,9/8/2024 12:24
10m Air Rifle Mixed Team Training,SHO,Shooting,CTX,26/7/2024 9:00,26/7/2024 9:30
Mixed Team Repechage,JUD,Judo,CDM,3/8/2024 12:54,3/8/2024 13:15
Women's Doubles Group Play Stage - Grp D,BDM,Badminton,CPL,29/7/2024 14:50,29/7/2024 15:30
"Women's Sprint, Finals",CTR,Cycling Track,VE1,11/8/2024 12:45,11/8/2024 12:53
Women -48 kg Elimination Round of 32,JUD,Judo,CDM,27/7/2024 11:12,27/7/2024 11:18
MFS 97kg 1/8 Finals,WRE,Wrestling,CDM,10/8/2024 11:35,10/8/2024 11:42
Women's Group A,FBL,Football,STE,25/7/2024 17:00,25/7/2024 18:45
MGR 60kg 1/4 Finals,WRE,Wrestling,CDM,5/8/2024 16:17,5/8/2024 16:24
Women's Speed Quarterfinals,CLB,Sport Climbing,LBO,7/8/2024 12:35,7/8/2024 12:41
Men's Singles First Round,TEN,Tennis,RGA,28/7/2024 19:00,28/7/2024 22:00
Mixed Team 1/8 Elimination Round,ARC,Archery,INV,2/8/2024 10:08,2/8/2024 10:27
Women's 57kg - Prelims - Round of 32,BOX,Boxing,NPA,30/7/2024 13:08,30/7/2024 13:19
Women's Singles Second Round,TEN,Tennis,RGA,29/7/2024 12:00,29/7/2024 16:30
Women -57 kg Elimination Round of 32,JUD,Judo,CDM,29/7/2024 10:00,29/7/2024 10:06
Women +67kg Quarterfinals,TKW,Taekwondo,GRP,10/8/2024 15:45,10/8/2024 15:58
MFS 65kg Semifinals,WRE,Wrestling,CDM,10/8/2024 18:15,10/8/2024 18:25
WFS 76kg Bronze Medal Matches,WRE,Wrestling,CDM,11/8/2024 13:30,11/8/2024 13:40
Men's +92kg - Prelims - Round of 16,BOX,Boxing,NPA,29/7/2024 12:36,29/7/2024 12:47
MGR 77kg Repechage,WRE,Wrestling,CDM,7/8/2024 11:07,7/8/2024 11:14
Women's Preliminary - Pool C - Matches,VBV,Beach Volleyball,EIF,28/7/2024 22:00,28/7/2024 22:50
Women's Épée Individual Table of 64,FEN,Fencing,GRP,27/7/2024 10:00,27/7/2024 10:25
Men's Synchronised 10m Platform,DIV,Diving,AQC,29/7/2024 11:00,29/7/2024 11:56
Men -73 kg Elimination Round of 16,JUD,Judo,CDM,29/7/2024 12:06,29/7/2024 12:12
Women's Canoe Single 200m Finals,CSP,Canoe Sprint,VN,10/8/2024 13:50,10/8/2024 13:57
Women's Singles Group Play Stage - Grp G,BDM,Badminton,CPL,31/7/2024 15:40,31/7/2024 16:20
Women's Doubles Group Play Stage - Grp D,BDM,Badminton,CPL,27/7/2024 20:20,27/7/2024 21:00
Men's 57kg - Prelims - Round of 16,BOX,Boxing,NPA,31/7/2024 20:16,31/7/2024 20:27
"Men's Keirin, Semifinals",CTR,Cycling Track,VE1,11/8/2024 12:29,11/8/2024 12:45
Men's Doubles Group Play Stage - Grp B,BDM,Badminton,CPL,30/7/2024 15:40,30/7/2024 16:20
Women's Skiff Opening Series,SAL,Sailing,MAM,31/7/2024 16:35,31/7/2024 17:10
Women's Pool Round,BK3,3x3 Basketball,LC,2/8/2024 13:00,2/8/2024 13:25
Men -90 kg Quarterfinals,JUD,Judo,CDM,31/7/2024 12:06,31/7/2024 12:12
Men's Individual 1/32 Elimination Round,ARC,Archery,INV,30/7/2024 19:16,30/7/2024 19:29
Men's Foil Individual Table of 8,FEN,Fencing,GRP,29/7/2024 16:20,29/7/2024 16:50
Men's Individual 1/32 Elimination Round,ARC,Archery,INV,1/8/2024 15:30,1/8/2024 15:43
MGR 87kg 1/8 Finals,WRE,Wrestling,CDM,7/8/2024 11:35,7/8/2024 11:42
Women's Preliminary Round - Group B,WPO,Water Polo,AQC,2/8/2024 15:35,2/8/2024 17:00
Mixed Doubles Round of 16,TTE,Table Tennis,SP,27/7/2024 17:15,27/7/2024 18:00
Women's Quarterfinals,BKB,Basketball,BCY,7/8/2024 18:00,7/8/2024 19:45
Women's Sabre Individual Finals,FEN,Fencing,GRP,29/7/2024 20:50,29/7/2024 21:15
Men's Semi-finals,FBL,Football,MRS,5/8/2024 18:00,5/8/2024 19:45
Men's Team Quarterfinals,TTE,Table Tennis,SP,7/8/2024 10:00,7/8/2024 13:00
MGR 67kg 1/4 Finals,WRE,Wrestling,CDM,7/8/2024 12:10,7/8/2024 12:17
Women's Singles Group Play Stage - Grp G,BDM,Badminton,CPL,30/7/2024 11:00,30/7/2024 12:00
Men's Quarterfinals,WPO,Water Polo,DEF,7/8/2024 20:35,7/8/2024 22:00
Men's Épée Individual Table of 16,FEN,Fencing,GRP,28/7/2024 15:05,28/7/2024 15:30
Women's Semifinals,SRF,Surfing,TAH,6/8/2024 0:18,6/8/2024 0:48
Women's Singles Round of 32,TTE,Table Tennis,SP,29/7/2024 20:00,29/7/2024 21:00
Men's Singles First Round,TEN,Tennis,RGA,27/7/2024 12:00,27/7/2024 15:00
Men's Four Heats,ROW,Rowing,VN,28/7/2024 12:50,28/7/2024 13:07
Men's 71kg - Prelims - Round of 32,BOX,Boxing,NPA,28/7/2024 11:16,28/7/2024 11:27
B-Boys Round Robin - Group C,BKG,Breaking,LC,10/8/2024 17:13,10/8/2024 17:19
Women's 400m Individual Medley - Heats,SWM,Swimming,DEF,29/7/2024 11:00,29/7/2024 11:12
Women's Pair Semifinals,ROW,Rowing,VN,31/7/2024 11:04,31/7/2024 11:11
Women's Épée Individual Table of 64,FEN,Fencing,GRP,27/7/2024 10:00,27/7/2024 10:25
Women -63 kg Elimination Round of 16,JUD,Judo,CDM,30/7/2024 11:48,30/7/2024 11:54
Women's Skiff Opening Series,SAL,Sailing,MAM,30/7/2024 13:25,30/7/2024 14:00
Women's 400m Round 1,ATH,Athletics,STA,5/8/2024 11:55,5/8/2024 12:36
MFS 125kg 1/4 Finals,WRE,Wrestling,CDM,9/8/2024 12:10,9/8/2024 12:17
MGR 97kg Repechage,WRE,Wrestling,CDM,7/8/2024 11:07,7/8/2024 11:14
Men -73 kg Elimination Round of 32,JUD,Judo,CDM,29/7/2024 10:36,29/7/2024 10:42
Women's Singles Third Round,TEN,Tennis,RGA,30/7/2024 19:00,30/7/2024 20:30
Women's Pool B,HOC,Hockey,YDM,1/8/2024 17:30,1/8/2024 19:00
Women's Doubles Second Round,TEN,Tennis,RGA,30/7/2024 13:30,30/7/2024 16:30
"Men's Sprint, Quarterfinals",CTR,Cycling Track,VE1,8/8/2024 19:18,8/8/2024 19:27
Women's Kite Opening Series,SAL,Sailing,MAM,7/8/2024 14:03,7/8/2024 14:20
Women's Épée Team Table of 8,FEN,Fencing,GRP,30/7/2024 13:30,30/7/2024 14:20
Women's Kayak Single Semifinal,CSL,Canoe Slalom,VN,28/7/2024 15:30,28/7/2024 16:36
Men -60 kg Elimination Round of 16,JUD,Judo,CDM,27/7/2024 11:30,27/7/2024 11:36
Men's Épée Team Finals,FEN,Fencing,GRP,2/8/2024 20:30,2/8/2024 21:20
Men -81 kg Semifinals,JUD,Judo,CDM,30/7/2024 16:12,30/7/2024 16:18
Women -57 kg Elimination Round of 16,JUD,Judo,CDM,29/7/2024 11:12,29/7/2024 11:18
Women's Pool Round,BK3,3x3 Basketball,LC,1/8/2024 21:30,1/8/2024 21:55
Men's Épée Team Classifications 5-8,FEN,Fencing,GRP,2/8/2024 15:00,2/8/2024 15:50
Women's Group Phase - Group A,BKB,Basketball,LIL,28/7/2024 13:30,28/7/2024 15:15
Men's Sabre Individual Table of 16,FEN,Fencing,GRP,27/7/2024 15:00,27/7/2024 15:25
Women's Pool B,HOC,Hockey,YDM,29/7/2024 17:30,29/7/2024 19:00
MFS 65kg 1/8 Finals,WRE,Wrestling,CDM,10/8/2024 11:49,10/8/2024 11:56
Women's Singles Preliminary Round,TTE,Table Tennis,SP,27/7/2024 15:00,27/7/2024 15:45
Women's Kite Final,SAL,Sailing,MAM,8/8/2024 17:22,8/8/2024 17:28
Women's Preliminary Round Group B,HBL,Handball,SP,25/7/2024 19:00,25/7/2024 20:30
Men's Foil Individual Semifinals,FEN,Fencing,GRP,29/7/2024 20:20,29/7/2024 20:50
B-Girls Quarterfinals,BKG,Breaking,LC,9/8/2024 20:00,9/8/2024 20:07
Women's Singles First Round,TEN,Tennis,RGA,28/7/2024 12:00,28/7/2024 13:30
WFS 68kg 1/8 Finals,WRE,Wrestling,CDM,5/8/2024 15:21,5/8/2024 15:28
Men's Preliminary Round - Group A,WPO,Water Polo,AQC,3/8/2024 16:35,3/8/2024 18:00
Men's Speed Qualification,CLB,Sport Climbing,LBO,6/8/2024 13:35,6/8/2024 13:55
Men's Finals,SRF,Surfing,TAH,6/8/2024 2:16,6/8/2024 2:51
Eventing Individual Dressage,EQU,Equestrian,VER,27/7/2024 9:30,27/7/2024 18:30
Women's Preliminary Round Group A,HBL,Handball,SP,3/8/2024 19:00,3/8/2024 20:30
Men -73 kg Elimination Round of 32,JUD,Judo,CDM,29/7/2024 10:54,29/7/2024 11:00
Men's Preliminary - Pool D - Matches,VBV,Beach Volleyball,EIF,27/7/2024 19:00,27/7/2024 19:50
Women's Singles Round of 64,TTE,Table Tennis,SP,29/7/2024 10:00,29/7/2024 11:00
Men's Preliminary Round - Group A,WPO,Water Polo,AQC,30/7/2024 19:30,30/7/2024 20:55
"Men's Sprint, 1/16 Finals Repechages",CTR,Cycling Track,VE1,7/8/2024 18:42,7/8/2024 18:57
MGR 60kg 1/4 Finals,WRE,Wrestling,CDM,5/8/2024 16:10,5/8/2024 16:17
Men's 51kg - Prelims - Round of 16,BOX,Boxing,NPA,30/7/2024 15:46,30/7/2024 15:57
Women's 1500m Final,ATH,Athletics,STA,10/8/2024 20:15,10/8/2024 20:19
Mixed Multihull Opening Series,SAL,Sailing,MAM,3/8/2024 13:05,3/8/2024 13:40
Women's Preliminary Round - Group B,WPO,Water Polo,AQC,4/8/2024 20:05,4/8/2024 21:30
Women's Doubles Second Round,TEN,Tennis,RGA,30/7/2024 13:00,30/7/2024 19:00
Men's Dinghy Opening Series,SAL,Sailing,MAM,3/8/2024 12:20,3/8/2024 13:11
Men +100 kg Elimination Round of 32,JUD,Judo,CDM,2/8/2024 10:30,2/8/2024 10:36
Men's Finals,VVO,Volleyball,SP,10/8/2024 13:00,10/8/2024 15:15
Women's 4 x 100m Freestyle Relay - Heats,SWM,Swimming,DEF,27/7/2024 12:15,27/7/2024 12:26
Women's Foil Individual Table of 32,FEN,Fencing,GRP,28/7/2024 11:55,28/7/2024 12:25
"Women's Sprint, 1/8 Finals Repechages",CTR,Cycling Track,VE1,10/8/2024 17:50,10/8/2024 17:59
Men -80kg Quarterfinals,TKW,Taekwondo,GRP,9/8/2024 14:40,9/8/2024 14:53
Men's Preliminary Round Group A,HBL,Handball,SP,2/8/2024 19:00,2/8/2024 20:30
Women +78 kg Quarterfinals,JUD,Judo,CDM,2/8/2024 12:00,2/8/2024 12:06
Women -57 kg Final,JUD,Judo,CDM,29/7/2024 17:00,29/7/2024 17:06
Men's Dinghy Opening Series,SAL,Sailing,MAM,4/8/2024 12:05,4/8/2024 12:56
Women's Individual Stroke Play,GLF,Golf,LGN,9/8/2024 9:00,9/8/2024 18:00
Women's +81kg,WLF,Weightlifting,SP,11/8/2024 11:30,11/8/2024 14:00
Men's Finals,BKB,Basketball,BCY,10/8/2024 11:00,10/8/2024 12:45
Men's Park Qualification,BMF,Cycling BMX Freestyle,LC,30/7/2024 15:11,30/7/2024 16:27
Men's Kayak Double 500m Semifinals,CSP,Canoe Sprint,VN,9/8/2024 11:20,9/8/2024 11:27
Men -90 kg Final,JUD,Judo,CDM,31/7/2024 17:18,31/7/2024 17:24
Men's Round 1,SRF,Surfing,TAH,27/7/2024 20:12,27/7/2024 20:42
Women -70 kg Quarterfinals,JUD,Judo,CDM,31/7/2024 11:48,31/7/2024 11:54
Men -81 kg Elimination Round of 32,JUD,Judo,CDM,30/7/2024 10:48,30/7/2024 10:54
Men's Individual Semi-finals,MPN,Modern Pentathlon,VER,9/8/2024 14:10,9/8/2024 14:25
Men's Individual 1/32 Elimination Round,ARC,Archery,INV,1/8/2024 17:01,1/8/2024 17:14
Men's Pool Round,BK3,3x3 Basketball,LC,30/7/2024 22:35,30/7/2024 23:00
Women's Preliminary - Pool A - Matches,VBV,Beach Volleyball,EIF,30/7/2024 11:00,30/7/2024 11:50
Women's Épée Team Finals,FEN,Fencing,GRP,30/7/2024 16:40,30/7/2024 17:30
Men's Group D,FBL,Football,PDP,27/7/2024 19:00,27/7/2024 20:45
Women -52 kg Elimination Round of 16,JUD,Judo,CDM,28/7/2024 11:18,28/7/2024 11:24
Men's 200m Breaststroke Semifinals,SWM,Swimming,DEF,30/7/2024 21:59,30/7/2024 22:15
Men's 4 x 100m Relay Round 1,ATH,Athletics,STA,8/8/2024 11:35,8/8/2024 11:45
Men's Singles Second Round,TEN,Tennis,RGA,29/7/2024 12:00,29/7/2024 15:00
Women's Individual Ranking Round,MPN,Modern Pentathlon,NPA,8/8/2024 14:30,8/8/2024 17:30
WFS 57kg Bronze Medal Matches,WRE,Wrestling,CDM,9/8/2024 20:15,9/8/2024 20:25
Women -52 kg Semifinals,JUD,Judo,CDM,28/7/2024 16:42,28/7/2024 16:48
Women +67kg Semifinals,TKW,Taekwondo,GRP,10/8/2024 16:21,10/8/2024 16:36
Women's 57kg - Prelims - Round of 16,BOX,Boxing,NPA,2/8/2024 16:18,2/8/2024 16:29
Women's Heptathlon Shot Put,ATH,Athletics,STA,8/8/2024 19:35,8/8/2024 20:17
Women -49kg Round of 16,TKW,Taekwondo,GRP,7/8/2024 12:00,7/8/2024 12:13
Women's Semifinals,HBL,Handball,LIL,8/8/2024 21:30,8/8/2024 23:30
Women's Quarter-finals,RU7,Rugby Sevens,STA,29/7/2024 21:00,29/7/2024 21:16
Women's Singles Round of 32,TTE,Table Tennis,SP,31/7/2024 11:00,31/7/2024 12:00
Men's Singles Group Play Stage - Grp P,BDM,Badminton,CPL,29/7/2024 22:00,29/7/2024 23:00
Men's Boulder & Lead Semifinals,CLB,Sport Climbing,LBO,5/8/2024 10:00,5/8/2024 12:17
Women's Group Phase - Group C,BKB,Basketball,LIL,1/8/2024 21:00,1/8/2024 22:45
Mixed Team Semifinals,ARC,Archery,INV,2/8/2024 15:31,2/8/2024 15:50
Women's Team Quarterfinals,ARC,Archery,INV,28/7/2024 15:24,28/7/2024 15:47
MGR 97kg 1/8 Finals,WRE,Wrestling,CDM,6/8/2024 11:21,6/8/2024 11:28
Men's Canoe Double 500m Semifinals,CSP,Canoe Sprint,VN,8/8/2024 11:20,8/8/2024 11:27
Women -78 kg Elimination Round of 32,JUD,Judo,CDM,1/8/2024 10:12,1/8/2024 10:18
MFS 65kg Bronze Medal Matches,WRE,Wrestling,CDM,11/8/2024 12:00,11/8/2024 12:10
Women's Finals,BK3,3x3 Basketball,LC,5/8/2024 21:00,5/8/2024 21:25
WFS 62kg Semifinals,WRE,Wrestling,CDM,9/8/2024 18:55,9/8/2024 19:05
Women's Single Sculls Finals,ROW,Rowing,VN,2/8/2024 10:06,2/8/2024 10:13
Women's Épée Individual Table of 8,FEN,Fencing,GRP,27/7/2024 15:50,27/7/2024 16:15
Men's Preliminary - Pool F - Matches,VBV,Beach Volleyball,EIF,30/7/2024 17:00,30/7/2024 17:50
Men's Group D,FBL,Football,NAN,30/7/2024 21:00,30/7/2024 22:45
Men's Épée Team Finals,FEN,Fencing,GRP,2/8/2024 16:40,2/8/2024 17:30
B-Boys Quarterfinals,BKG,Breaking,LC,10/8/2024 20:00,10/8/2024 20:07
,CER,Opening Ceremony,,26/7/2024 20:00,
Men's 63.5kg - Semifinals,BOX,Boxing,NPA,4/8/2024 12:36,4/8/2024 12:47
Women's Heptathlon High Jump,ATH,Athletics,STA,8/8/2024 11:05,8/8/2024 12:49
Men's Dinghy Opening Series,SAL,Sailing,MAM,4/8/2024 13:13,4/8/2024 14:04
Men's 100m Backstroke Semifinals,SWM,Swimming,DEF,28/7/2024 21:32,28/7/2024 21:44
Women's Quarterfinals,VVO,Volleyball,SP,6/8/2024 13:00,6/8/2024 15:15
WFS 53kg 1/8 Finals,WRE,Wrestling,CDM,7/8/2024 11:28,7/8/2024 11:35
Men's 80kg - Prelims - Round of 16,BOX,Boxing,NPA,30/7/2024 21:04,30/7/2024 21:15
Women's Preliminary Round Group A,HBL,Handball,SP,3/8/2024 21:00,3/8/2024 22:30
Men's 80kg - Quarterfinals,BOX,Boxing,NPA,2/8/2024 21:36,2/8/2024 21:47
MFS 125kg 1/8 Finals,WRE,Wrestling,CDM,9/8/2024 11:21,9/8/2024 11:28
Women's Singles Round of 64,TTE,Table Tennis,SP,28/7/2024 13:00,28/7/2024 14:00
Men's 51kg - Quarterfinals,BOX,Boxing,NPA,2/8/2024 21:20,2/8/2024 21:31
Women's 50kg - Prelims - Round of 16,BOX,Boxing,NPA,1/8/2024 11:00,1/8/2024 11:11
Women -52 kg Elimination Round of 16,JUD,Judo,CDM,28/7/2024 11:42,28/7/2024 11:48
Women's Round of 16,VBV,Beach Volleyball,EIF,5/8/2024 18:00,5/8/2024 18:50
Women's Singles Quarterfinals,BDM,Badminton,CPL,3/8/2024 10:50,3/8/2024 11:50
Men -60 kg Elimination Round of 32,JUD,Judo,CDM,27/7/2024 10:30,27/7/2024 10:36
Women's Singles Group Play Stage - Grp E,BDM,Badminton,CPL,28/7/2024 9:20,28/7/2024 10:00
Men's Team Semifinals,TTE,Table Tennis,SP,8/8/2024 10:00,8/8/2024 13:00
Men's Preliminary Round Group B,HBL,Handball,SP,27/7/2024 11:00,27/7/2024 12:30
Men's Pool A,HOC,Hockey,YDM,28/7/2024 20:15,28/7/2024 21:45
Women's Foil Individual Table of 32,FEN,Fencing,GRP,28/7/2024 10:55,28/7/2024 11:25
Mixed Dinghy Opening Series,SAL,Sailing,MAM,6/8/2024 15:36,6/8/2024 16:26
Men's Singles Round of 32,TTE,Table Tennis,SP,30/7/2024 10:00,30/7/2024 11:00
10m Air Pistol Men's Final,SHO,Shooting,CTX,28/7/2024 9:30,28/7/2024 10:15
Mixed Doubles Round of 16,TTE,Table Tennis,SP,27/7/2024 16:30,27/7/2024 17:15
Men's 100m Freestyle - Heats,SWM,Swimming,DEF,30/7/2024 11:17,30/7/2024 11:48
Men's Épée Individual Table of 32,FEN,Fencing,GRP,28/7/2024 12:25,28/7/2024 12:50
Men -68kg Bronze Medal Contests,TKW,Taekwondo,GRP,8/8/2024 20:19,8/8/2024 20:34
Men +80kg Semifinals,TKW,Taekwondo,GRP,10/8/2024 17:02,10/8/2024 17:15
Women's 60kg - Final,BOX,Boxing,RGA,6/8/2024 23:06,6/8/2024 23:17
WFS 62kg 1/8 Finals,WRE,Wrestling,CDM,9/8/2024 11:14,9/8/2024 11:21
WFS 62kg 1/4 Finals,WRE,Wrestling,CDM,9/8/2024 12:31,9/8/2024 12:38
Men's Doubles Group Play Stage - Grp C,BDM,Badminton,CPL,27/7/2024 16:30,27/7/2024 17:30
Men's Kayak Single 1000m Quarterfinals,CSP,Canoe Sprint,VN,7/8/2024 14:10,7/8/2024 14:37
MFS 86kg 1/4 Finals,WRE,Wrestling,CDM,8/8/2024 12:17,8/8/2024 12:24
Women -70 kg Elimination Round of 16,JUD,Judo,CDM,31/7/2024 11:24,31/7/2024 11:30
Women's Team 1/8 Elimination Round,ARC,Archery,INV,28/7/2024 9:53,28/7/2024 10:16
Dressage Individual Grand Prix,EQU,Equestrian,VER,31/7/2024 10:00,31/7/2024 15:30
Women's Singles Round of 64,TTE,Table Tennis,SP,27/7/2024 20:45,27/7/2024 21:30
"Men, Semifinals",BMX,Cycling BMX Racing,VE2,2/8/2024 20:00,2/8/2024 20:10
Women's Doubles First Round,TEN,Tennis,RGA,29/7/2024 12:00,29/7/2024 16:30
Men's Singles Group Play Stage - Grp P,BDM,Badminton,CPL,31/7/2024 9:20,31/7/2024 10:00
Women's Pair Heats,ROW,Rowing,VN,28/7/2024 10:30,28/7/2024 10:57
Women's 200m Individual Medley - Heats,SWM,Swimming,DEF,2/8/2024 11:17,2/8/2024 11:39
WFS 68kg 1/4 Finals,WRE,Wrestling,CDM,5/8/2024 16:17,5/8/2024 16:24
B-Boys Round Robin - Group D,BKG,Breaking,LC,10/8/2024 18:20,10/8/2024 18:26
Women's Doubles Second Round,TEN,Tennis,RGA,31/7/2024 12:00,31/7/2024 19:30
Men's Singles First Round,TEN,Tennis,RGA,28/7/2024 12:00,28/7/2024 15:00
B-Girls Round Robin - Group B,BKG,Breaking,LC,9/8/2024 17:03,9/8/2024 17:09
Men's Finals,HOC,Hockey,YDM,8/8/2024 14:00,8/8/2024 15:45
B-Girls Round Robin - Group D,BKG,Breaking,LC,9/8/2024 18:15,9/8/2024 18:21
Men's Finals,FBL,Football,PDP,9/8/2024 18:00,9/8/2024 19:45
Men -100 kg Elimination Round of 16,JUD,Judo,CDM,1/8/2024 11:30,1/8/2024 11:36
Men's Pool Round,BK3,3x3 Basketball,LC,1/8/2024 23:35,1/8/2024 23:50
50m Rifle 3 Pos. Women's Training,SHO,Shooting,CTX,31/7/2024 17:45,31/7/2024 19:15
MFS 65kg 1/4 Finals,WRE,Wrestling,CDM,10/8/2024 12:38,10/8/2024 12:45
Women -52 kg Elimination Round of 32,JUD,Judo,CDM,28/7/2024 10:06,28/7/2024 10:12
Men's Kayak Single Final,CSL,Canoe Slalom,VN,1/8/2024 17:30,1/8/2024 18:14
Women's Group Phase - Group C,BKB,Basketball,LIL,29/7/2024 13:30,29/7/2024 15:15
Men's Park Final,SKB,Skateboarding,LC,7/8/2024 17:30,7/8/2024 18:14
Men's Singles Finals,TTE,Table Tennis,SP,4/8/2024 13:30,4/8/2024 14:30
Women -63 kg Elimination Round of 32,JUD,Judo,CDM,30/7/2024 10:54,30/7/2024 11:00
Women's Singles Group Play Stage - Grp I,BDM,Badminton,CPL,29/7/2024 11:00,29/7/2024 12:00
Men's Speed Quarterfinals,CLB,Sport Climbing,LBO,8/8/2024 12:35,8/8/2024 12:41
Men's 57kg - Semifinals,BOX,Boxing,RGA,8/8/2024 21:46,8/8/2024 21:57
Women -70 kg Elimination Round of 32,JUD,Judo,CDM,31/7/2024 10:42,31/7/2024 10:48
Men -73 kg Elimination Round of 32,JUD,Judo,CDM,29/7/2024 10:12,29/7/2024 10:18
"Women, Semifinals",BMX,Cycling BMX Racing,VE2,2/8/2024 21:15,2/8/2024 21:25
Men +100 kg Elimination Round of 32,JUD,Judo,CDM,2/8/2024 10:18,2/8/2024 10:24
Women's Kayak Single Hts 1st and 2nd Run,CSL,Canoe Slalom,VN,27/7/2024 16:00,27/7/2024 17:02
Men's Pool C,RU7,Rugby Sevens,STA,24/7/2024 20:30,24/7/2024 20:46
Women's Kite Opening Series,SAL,Sailing,MAM,6/8/2024 12:23,6/8/2024 12:40
Men's Semifinals,SRF,Surfing,TAH,5/8/2024 22:30,5/8/2024 23:00
Men -81 kg Repechage,JUD,Judo,CDM,30/7/2024 16:06,30/7/2024 16:12
Women's Windsurfing Opening Series,SAL,Sailing,MAM,1/8/2024 18:40,1/8/2024 19:01
Women's Singles Round of 32,TTE,Table Tennis,SP,31/7/2024 11:00,31/7/2024 12:00
Men's Windsurfing Opening Series,SAL,Sailing,MAM,1/8/2024 13:05,1/8/2024 13:26
Women's 50kg - Prelims - Round of 32,BOX,Boxing,NPA,28/7/2024 21:20,28/7/2024 21:31
Mixed Doubles Group Play Stage - Grp D,BDM,Badminton,CPL,28/7/2024 8:30,28/7/2024 9:10
Women's Kite Semifinals,SAL,Sailing,MAM,8/8/2024 15:39,8/8/2024 15:45
Women's Singles Second Round,TEN,Tennis,RGA,29/7/2024 12:00,29/7/2024 15:00
Men's Doubles First Round,TEN,Tennis,RGA,28/7/2024 12:00,28/7/2024 21:00
Women's Singles Round of 16,TTE,Table Tennis,SP,31/7/2024 15:00,31/7/2024 16:00
Men's Singles Group Play Stage - Grp N,BDM,Badminton,CPL,28/7/2024 11:00,28/7/2024 12:00
Mixed Team Matches for Bronze Medals,JUD,Judo,CDM,3/8/2024 16:00,3/8/2024 16:28
Men's Group A,FBL,Football,MRS,30/7/2024 19:00,30/7/2024 20:45
Men's Semifinals,SRF,Surfing,TAH,5/8/2024 23:06,5/8/2024 23:36
Men +80kg Quarterfinals,TKW,Taekwondo,GRP,10/8/2024 15:06,10/8/2024 15:19
Women's Kite Semifinals,SAL,Sailing,MAM,8/8/2024 15:21,8/8/2024 15:27
Men's Foil Individual Table of 64,FEN,Fencing,GRP,29/7/2024 9:25,29/7/2024 9:55
Men's Shot Put Qualification,ATH,Athletics,STA,2/8/2024 20:10,2/8/2024 20:58
Women's Preliminary Round - Pool A,VVO,Volleyball,SP,31/7/2024 17:00,31/7/2024 19:15
Women's 66kg - Prelims - Round of 16,BOX,Boxing,NPA,1/8/2024 16:18,1/8/2024 16:29
Women's Preliminary - Pool A - Matches,VBV,Beach Volleyball,EIF,1/8/2024 20:00,1/8/2024 20:50
Women's Heptathlon Javelin Throw,ATH,Athletics,STA,9/8/2024 12:32,9/8/2024 13:14
Women's Group Phase - Group C,BKB,Basketball,LIL,1/8/2024 11:00,1/8/2024 12:45
Men -90 kg Elimination Round of 16,JUD,Judo,CDM,31/7/2024 11:54,31/7/2024 12:00
Women's Doubles Group Play Stage - Grp A,BDM,Badminton,CPL,28/7/2024 8:30,28/7/2024 9:10
Women's Semifinals,VBV,Beach Volleyball,EIF,8/8/2024 17:00,8/8/2024 17:50
MFS 74kg Qualifications,WRE,Wrestling,CDM,9/8/2024 11:07,9/8/2024 11:14
Men's Foil Team Table of 8,FEN,Fencing,GRP,4/8/2024 11:50,4/8/2024 13:00
Women's Group Phase - Group A,BKB,Basketball,LIL,3/8/2024 13:30,3/8/2024 15:15
Women's 100m Freestyle Semifinals,SWM,Swimming,DEF,30/7/2024 21:33,30/7/2024 21:47
Women +78 kg Elimination Round of 32,JUD,Judo,CDM,2/8/2024 10:42,2/8/2024 10:48
Men -68kg Quarterfinals,TKW,Taekwondo,GRP,8/8/2024 15:58,8/8/2024 16:11
Women's Singles First Round,TEN,Tennis,RGA,28/7/2024 12:00,28/7/2024 15:00
10m Air Pistol Mixed Team Qualification,SHO,Shooting,CTX,29/7/2024 9:15,29/7/2024 9:45
Women's Hammer Throw Qualification,ATH,Athletics,STA,4/8/2024 11:45,4/8/2024 12:41
Mixed Doubles Group Play Stage - Grp A,BDM,Badminton,CPL,27/7/2024 15:40,27/7/2024 16:20
WFS 50kg Semifinals,WRE,Wrestling,CDM,6/8/2024 18:43,6/8/2024 18:50
Men's Preliminary Round - Group A,WPO,Water Polo,DEF,5/8/2024 15:10,5/8/2024 16:35
Women -48 kg Contests for Bronze Medals,JUD,Judo,CDM,27/7/2024 16:54,27/7/2024 17:00
Women's Pool A,HOC,Hockey,YDM,1/8/2024 19:45,1/8/2024 21:15
Men's 110m Hurdles Repechage Round,ATH,Athletics,STA,6/8/2024 10:50,6/8/2024 11:07
Women's Sabre Individual Table of 16,FEN,Fencing,GRP,29/7/2024 14:05,29/7/2024 14:30
Women's Foil Team Finals,FEN,Fencing,GRP,1/8/2024 16:00,1/8/2024 17:10
MFS 57kg Repechage,WRE,Wrestling,CDM,9/8/2024 11:00,9/8/2024 11:07
Women's Pool C,RU7,Rugby Sevens,STA,29/7/2024 15:00,29/7/2024 15:16
Women's Épée Individual Table of 32,FEN,Fencing,GRP,27/7/2024 11:15,27/7/2024 11:40
Men's Singles Round of 64,TTE,Table Tennis,SP,27/7/2024 20:45,27/7/2024 21:30
Men's Team Finals,ARC,Archery,INV,29/7/2024 16:48,29/7/2024 17:11
Men's Épée Individual Table of 16,FEN,Fencing,GRP,28/7/2024 15:30,28/7/2024 15:55
Trap Men's Training,SHO,Shooting,CTX,28/7/2024 9:00,28/7/2024 15:00
Women's Preliminary - Pool E - Matches,VBV,Beach Volleyball,EIF,30/7/2024 16:00,30/7/2024 16:50
"Men's Team Pursuit, Finals",CTR,Cycling Track,VE1,7/8/2024 18:13,7/8/2024 18:22
Men +100 kg Contests for Bronze Medals,JUD,Judo,CDM,2/8/2024 17:12,2/8/2024 17:18
MFS 74kg 1/8 Finals,WRE,Wrestling,CDM,9/8/2024 12:03,9/8/2024 12:10
Women -52 kg Elimination Round of 32,JUD,Judo,CDM,28/7/2024 10:36,28/7/2024 10:42
Women's 400m Final,ATH,Athletics,STA,9/8/2024 20:00,9/8/2024 20:01
Women's Heptathlon 100m Hurdles,ATH,Athletics,STA,8/8/2024 10:05,8/8/2024 10:22
Mixed Doubles Quarterfinals,TTE,Table Tennis,SP,28/7/2024 16:00,28/7/2024 17:00
Women's Singles Group Play Stage - Grp M,BDM,Badminton,CPL,28/7/2024 9:20,28/7/2024 10:00
Men -66 kg Elimination Round of 16,JUD,Judo,CDM,28/7/2024 11:36,28/7/2024 11:42
Women's 100m Preliminary Round,ATH,Athletics,STA,2/8/2024 10:35,2/8/2024 10:57
Women's High Jump Final,ATH,Athletics,STA,4/8/2024 19:55,4/8/2024 21:40
MFS 86kg 1/8 Finals,WRE,Wrestling,CDM,8/8/2024 11:28,8/8/2024 11:35
Men's Preliminary Round Group A,HBL,Handball,SP,27/7/2024 9:00,27/7/2024 10:30
Men's Windsurfing Quarterfinal,SAL,Sailing,MAM,3/8/2024 12:33,3/8/2024 12:38
Women -49kg Round of 16,TKW,Taekwondo,GRP,7/8/2024 11:36,7/8/2024 11:48
Men's 63.5kg - Prelims - Round of 16,BOX,Boxing,NPA,29/7/2024 12:20,29/7/2024 12:31
Women's Kayak Four 500m Heats,CSP,Canoe Sprint,VN,6/8/2024 10:00,6/8/2024 10:17
Mixed Doubles Quarterfinals,BDM,Badminton,CPL,31/7/2024 21:10,31/7/2024 22:10
Men -73 kg Elimination Round of 32,JUD,Judo,CDM,29/7/2024 10:06,29/7/2024 10:12
Men's Single Sculls Finals,ROW,Rowing,VN,3/8/2024 11:30,3/8/2024 11:37
Men's Group Phase - Group B,BKB,Basketball,LIL,30/7/2024 17:15,30/7/2024 19:00
Men -81 kg Elimination Round of 16,JUD,Judo,CDM,30/7/2024 12:00,30/7/2024 12:06
MFS 125kg 1/8 Finals,WRE,Wrestling,CDM,9/8/2024 11:14,9/8/2024 11:21
Men's Sabre Team Finals,FEN,Fencing,GRP,31/7/2024 16:40,31/7/2024 17:30
Men's Épée Individual Semifinals,FEN,Fencing,GRP,28/7/2024 20:00,28/7/2024 20:25
Women's Doubles First Round,TEN,Tennis,RGA,29/7/2024 12:00,29/7/2024 16:30
Women's Singles Round of 16,BDM,Badminton,CPL,1/8/2024 19:30,1/8/2024 20:20
Men's Individual 1/8 Elimination Round,ARC,Archery,INV,4/8/2024 10:48,4/8/2024 11:01
Men's Pool C,RU7,Rugby Sevens,STA,24/7/2024 16:30,24/7/2024 16:46
Women's Preliminary - Pool F - Matches,VBV,Beach Volleyball,EIF,29/7/2024 12:00,29/7/2024 12:50
Men -58kg Quarterfinals,TKW,Taekwondo,GRP,7/8/2024 15:06,7/8/2024 15:19
Men's Individual 1/32 Elimination Round,ARC,Archery,INV,30/7/2024 13:18,30/7/2024 13:31
Women's Individual 1/16 Elimination Rnd,ARC,Archery,INV,30/7/2024 20:08,30/7/2024 20:21
Men -100 kg Elimination Round of 16,JUD,Judo,CDM,1/8/2024 11:06,1/8/2024 11:12
Men's Individual 1/32 Elimination Round,ARC,Archery,INV,31/7/2024 12:00,31/7/2024 12:13
Women's Kite Opening Series,SAL,Sailing,MAM,7/8/2024 16:00,7/8/2024 16:17
Men's Épée Individual Table of 32,FEN,Fencing,GRP,28/7/2024 12:50,28/7/2024 13:15
Men's +92kg - Quarterfinals,BOX,Boxing,NPA,2/8/2024 22:24,2/8/2024 22:35
WFS 68kg 1/8 Finals,WRE,Wrestling,CDM,5/8/2024 15:07,5/8/2024 15:14
Men's 71kg - Semifinals,BOX,Boxing,RGA,6/8/2024 21:46,6/8/2024 21:57
Men -60 kg Quarterfinals,JUD,Judo,CDM,27/7/2024 11:54,27/7/2024 12:00
Women's 81kg,WLF,Weightlifting,SP,10/8/2024 16:00,10/8/2024 18:30
Women's Group C,FBL,Football,BOR,31/7/2024 17:00,31/7/2024 18:45
Women's Skiff Opening Series,SAL,Sailing,MAM,28/7/2024 13:55,28/7/2024 14:30
"Women's Sprint, Semifinals",CTR,Cycling Track,VE1,11/8/2024 11:22,11/8/2024 11:29
Women's Kite Opening Series,SAL,Sailing,MAM,4/8/2024 13:23,4/8/2024 13:40
Jumping Individual Finals,EQU,Equestrian,VER,6/8/2024 11:53,6/8/2024 11:59
WFS 50kg 1/8 Finals,WRE,Wrestling,CDM,6/8/2024 11:56,6/8/2024 12:03
Men's Singles Second Round,TEN,Tennis,RGA,29/7/2024 12:00,29/7/2024 16:30
Men's Group B,FBL,Football,LYO,24/7/2024 19:00,24/7/2024 20:45
Women's 4 x 100m Relay Round 1,ATH,Athletics,STA,8/8/2024 11:10,8/8/2024 11:20
Mixed Multihull Opening Series,SAL,Sailing,MAM,5/8/2024 13:49,5/8/2024 14:24
10m Air Pistol Men's Qualification,SHO,Shooting,CTX,27/7/2024 10:30,27/7/2024 11:45
Men's Doubles Finals,BDM,Badminton,CPL,4/8/2024 16:10,4/8/2024 17:30
WFS 53kg 1/4 Finals,WRE,Wrestling,CDM,7/8/2024 12:24,7/8/2024 12:31
Men's Eight Finals,ROW,Rowing,VN,3/8/2024 11:10,3/8/2024 11:17
Men's Round 3,SRF,Surfing,TAH,29/7/2024 22:00,29/7/2024 22:30
Men -73 kg Semifinals,JUD,Judo,CDM,29/7/2024 16:42,29/7/2024 16:48
Men's Pool B,RU7,Rugby Sevens,STA,24/7/2024 16:00,24/7/2024 16:16
Men's Individual 1/32 Elimination Round,ARC,Archery,INV,1/8/2024 15:43,1/8/2024 15:56
Women's Quarter-finals,FBL,Football,MRS,3/8/2024 19:00,3/8/2024 20:45
Women's Sabre Individual Table of 32,FEN,Fencing,GRP,29/7/2024 11:40,29/7/2024 12:05
MGR 77kg Final,WRE,Wrestling,CDM,7/8/2024 19:11,7/8/2024 19:18
Women's Singles Second Round,TEN,Tennis,RGA,29/7/2024 12:00,29/7/2024 13:30
WFS 53kg 1/4 Finals,WRE,Wrestling,CDM,7/8/2024 12:03,7/8/2024 12:10
Women's Balance Beam Final,GAR,Artistic Gymnastics,BCY,5/8/2024 12:38,5/8/2024 13:19
Women's Group Phase - Group B,BKB,Basketball,LIL,4/8/2024 13:30,4/8/2024 15:15
Men's Individual 1/16 Elimination Round,ARC,Archery,INV,31/7/2024 14:10,31/7/2024 14:23
25m Pistol Women's Final,SHO,Shooting,CTX,3/8/2024 9:30,3/8/2024 10:30
Men's Singles Second Round,TEN,Tennis,RGA,30/7/2024 12:00,30/7/2024 16:30
Women's Quarterfinals,VBV,Beach Volleyball,EIF,7/8/2024 17:00,7/8/2024 17:50
Women's Individual Ranking Round,ARC,Archery,INV,25/7/2024 9:30,25/7/2024 12:30
Men's 1500m Round 1,ATH,Athletics,STA,2/8/2024 11:10,2/8/2024 11:36
Women's 54kg - Quarterfinals,BOX,Boxing,NPA,1/8/2024 17:22,1/8/2024 17:33
Women's 3m Springboard Preliminary,DIV,Diving,AQC,7/8/2024 15:00,7/8/2024 16:57
Women's Individual 1/32 Elimination Rnd,ARC,Archery,INV,1/8/2024 11:27,1/8/2024 11:40
Men's Preliminary Round - Group A,WPO,Water Polo,AQC,1/8/2024 10:30,1/8/2024 11:55
Women -48 kg Elimination Round of 16,JUD,Judo,CDM,27/7/2024 12:12,27/7/2024 12:18
Women's Doubles Group Play Stage - Grp D,BDM,Badminton,CPL,27/7/2024 22:00,27/7/2024 23:00
Women's 75kg - Quarterfinals,BOX,Boxing,NPA,4/8/2024 16:18,4/8/2024 16:29
Women's 71kg,WLF,Weightlifting,SP,9/8/2024 19:30,9/8/2024 22:00
Women -70 kg Elimination Round of 32,JUD,Judo,CDM,31/7/2024 10:36,31/7/2024 10:42
Men's Speed Final,CLB,Sport Climbing,LBO,8/8/2024 12:54,8/8/2024 12:57
Men's Épée Team Table of 8,FEN,Fencing,GRP,2/8/2024 13:30,2/8/2024 14:20
Women's Preliminary - Pool D - Matches,VBV,Beach Volleyball,EIF,31/7/2024 21:30,31/7/2024 21:50
Men's Preliminary - Pool E - Matches,VBV,Beach Volleyball,EIF,31/7/2024 20:30,31/7/2024 20:50
Men's Foil Team Finals,FEN,Fencing,GRP,4/8/2024 20:30,4/8/2024 21:40
Women's Finals,VVO,Volleyball,SP,11/8/2024 13:00,11/8/2024 15:15
Men's Quarterfinals,WPO,Water Polo,DEF,7/8/2024 14:00,7/8/2024 15:25
WFS 57kg 1/8 Finals,WRE,Wrestling,CDM,8/8/2024 11:49,8/8/2024 11:56
Women's Épée Team Finals,FEN,Fencing,GRP,30/7/2024 20:30,30/7/2024 21:20
Women -57 kg Elimination Round of 16,JUD,Judo,CDM,29/7/2024 11:24,29/7/2024 11:30
Men -73 kg Elimination Round of 16,JUD,Judo,CDM,29/7/2024 11:48,29/7/2024 11:54
Men's Singles Group Play Stage - Grp L,BDM,Badminton,CPL,31/7/2024 9:20,31/7/2024 9:20
Men's Singles Group Play Stage - Grp D,BDM,Badminton,CPL,29/7/2024 15:40,29/7/2024 17:30
Men -66 kg Elimination Round of 32,JUD,Judo,CDM,28/7/2024 10:00,28/7/2024 10:06
Men's Épée Individual Table of 8,FEN,Fencing,GRP,28/7/2024 16:25,28/7/2024 16:50
Men's Finals,WPO,Water Polo,DEF,11/8/2024 10:35,11/8/2024 12:00
Men's Quarterfinals,WPO,Water Polo,DEF,7/8/2024 19:00,7/8/2024 20:25
Men's Preliminary Round Group B,HBL,Handball,SP,29/7/2024 19:00,29/7/2024 20:30
Women's Street Final,SKB,Skateboarding,LC,28/7/2024 17:00,28/7/2024 18:30
Women's 60kg - Prelims - Round of 32,BOX,Boxing,NPA,27/7/2024 16:50,27/7/2024 17:01
Men -90 kg Semifinals,JUD,Judo,CDM,31/7/2024 16:42,31/7/2024 16:48
Women's Singles Round of 16,TTE,Table Tennis,SP,31/7/2024 16:00,31/7/2024 17:00
Women's Pool Round,BK3,3x3 Basketball,LC,1/8/2024 9:30,1/8/2024 9:55
Men's Singles Group Play Stage - Grp K,BDM,Badminton,CPL,31/7/2024 19:30,31/7/2024 20:10
Women's 60kg - Prelims - Round of 32,BOX,Boxing,NPA,27/7/2024 21:20,27/7/2024 21:31
Men's Singles Second Round,TEN,Tennis,RGA,30/7/2024 19:00,30/7/2024 22:00
Men's Placing 9-12,RU7,Rugby Sevens,STA,25/7/2024 20:30,25/7/2024 20:46
Men's Sabre Team Classifications 5-8,FEN,Fencing,GRP,31/7/2024 15:00,31/7/2024 15:50
Women +67kg Bronze Medal Contests,TKW,Taekwondo,GRP,10/8/2024 20:34,10/8/2024 20:49
Men -73 kg Elimination Round of 16,JUD,Judo,CDM,29/7/2024 12:00,29/7/2024 12:06
WFS 62kg 1/8 Finals,WRE,Wrestling,CDM,9/8/2024 11:42,9/8/2024 11:49
Men's Kayak Cross Semifinal,CSL,Canoe Slalom,VN,5/8/2024 16:28,5/8/2024 16:38
Men's 10m Platform Semifinal,DIV,Diving,AQC,10/8/2024 10:00,10/8/2024 11:54
Women's Quarterfinals,VVO,Volleyball,SP,6/8/2024 9:00,6/8/2024 11:15
Men's Kite Semifinals,SAL,Sailing,MAM,8/8/2024 13:12,8/8/2024 13:18
Men's Semifinals,HBL,Handball,LIL,9/8/2024 21:30,9/8/2024 23:30
Men's Skiff Opening Series,SAL,Sailing,MAM,30/7/2024 15:27,30/7/2024 16:02
Mixed Team Semifinals,JUD,Judo,CDM,3/8/2024 13:36,3/8/2024 14:00
WFS 76kg 1/8 Finals,WRE,Wrestling,CDM,10/8/2024 11:21,10/8/2024 11:28
Mixed Doubles Group Play Stage - Grp B,BDM,Badminton,CPL,28/7/2024 21:10,28/7/2024 23:00
Men's Preliminary Round Group A,HBL,Handball,SP,2/8/2024 14:00,2/8/2024 15:30
Women's Individual 1/16 Elimination Rnd,ARC,Archery,INV,30/7/2024 18:50,30/7/2024 19:03
Men -73 kg Elimination Round of 32,JUD,Judo,CDM,29/7/2024 11:00,29/7/2024 11:06
Men's Team Quarterfinals,ARC,Archery,INV,29/7/2024 15:24,29/7/2024 15:47
Men -60 kg Elimination Round of 16,JUD,Judo,CDM,27/7/2024 11:00,27/7/2024 11:06
Mixed Doubles Quarterfinals,TTE,Table Tennis,SP,28/7/2024 17:00,28/7/2024 18:00
Men -66 kg Elimination Round of 32,JUD,Judo,CDM,28/7/2024 10:24,28/7/2024 10:30
Men -100 kg Elimination Round of 32,JUD,Judo,CDM,1/8/2024 10:18,1/8/2024 10:24
Men's Épée Individual Table of 32,FEN,Fencing,GRP,28/7/2024 13:40,28/7/2024 14:05
Men -100 kg Quarterfinals,JUD,Judo,CDM,1/8/2024 11:48,1/8/2024 11:54
Men's Individual 1/8 Elimination Round,ARC,Archery,INV,4/8/2024 11:01,4/8/2024 11:14
Men's Preliminary - Pool A - Matches,VBV,Beach Volleyball,EIF,29/7/2024 20:00,29/7/2024 20:50
Women's 54kg - Semifinals,BOX,Boxing,NPA,4/8/2024 16:34,4/8/2024 16:45
Men's Preliminary Round Group B,HBL,Handball,SP,27/7/2024 21:00,27/7/2024 22:30
Women's Singles Quarterfinals,BDM,Badminton,CPL,3/8/2024 9:40,3/8/2024 10:40
Men -81 kg Elimination Round of 32,JUD,Judo,CDM,30/7/2024 10:18,30/7/2024 10:24
Women's Finals,SRF,Surfing,TAH,6/8/2024 1:35,6/8/2024 2:10
B-Boys Finals,BKG,Breaking,LC,10/8/2024 21:19,10/8/2024 21:28
Men's Individual Final,MPN,Modern Pentathlon,VER,10/8/2024 18:40,10/8/2024 18:55
MFS 74kg Repechage,WRE,Wrestling,CDM,10/8/2024 11:07,10/8/2024 11:14
Men's Épée Individual Table of 32,FEN,Fencing,GRP,28/7/2024 12:50,28/7/2024 13:15
Women's Preliminary - Pool A - Matches,VBV,Beach Volleyball,EIF,1/8/2024 11:00,1/8/2024 11:50
Women's 60kg - Prelims - Round of 16,BOX,Boxing,NPA,29/7/2024 20:00,29/7/2024 20:11
Women -48 kg Contests for Bronze Medals,JUD,Judo,CDM,27/7/2024 16:48,27/7/2024 16:54
Men's Doubles Group Play Stage - Grp B,BDM,Badminton,CPL,27/7/2024 19:30,27/7/2024 20:10
WFS 62kg Bronze Medal Matches,WRE,Wrestling,CDM,10/8/2024 20:25,10/8/2024 20:35
Men's Kite Semifinals,SAL,Sailing,MAM,8/8/2024 15:15,8/8/2024 15:21
Men's Preliminary - Pool A - Matches,VBV,Beach Volleyball,EIF,1/8/2024 17:00,1/8/2024 17:50
Women's Finals,VBV,Beach Volleyball,EIF,9/8/2024 21:00,9/8/2024 21:50
Men's Preliminary Round Group B,HBL,Handball,SP,2/8/2024 11:00,2/8/2024 12:30
B-Boys Round Robin - Group C,BKG,Breaking,LC,10/8/2024 16:23,10/8/2024 16:29
Women's High Jump Qualification,ATH,Athletics,STA,2/8/2024 10:15,2/8/2024 12:25
Women's 5000m Round 1,ATH,Athletics,STA,2/8/2024 18:10,2/8/2024 18:54
Women's 800m Repechage Round,ATH,Athletics,STA,3/8/2024 11:20,3/8/2024 11:46
"Women's Sprint, Finals",CTR,Cycling Track,VE1,11/8/2024 13:44,11/8/2024 13:44
Women's 20km Race Walk Final,ATH,Athletics,TRO,1/8/2024 9:50,1/8/2024 11:35
Men's Single Sculls Finals,ROW,Rowing,VN,2/8/2024 10:18,2/8/2024 10:25
Women's Doubles First Round,TEN,Tennis,RGA,30/7/2024 13:30,30/7/2024 15:00
MGR 77kg 1/8 Finals,WRE,Wrestling,CDM,6/8/2024 11:56,6/8/2024 12:03
B-Boys Quarterfinals,BKG,Breaking,LC,10/8/2024 20:15,10/8/2024 20:22
Women's Kite Final,SAL,Sailing,MAM,8/8/2024 16:55,8/8/2024 17:01
Women's Pool Round,BK3,3x3 Basketball,LC,30/7/2024 17:30,30/7/2024 17:55
Men's Windsurfing Opening Series,SAL,Sailing,MAM,29/7/2024 12:23,29/7/2024 12:32
Men's Épée Individual Table of 32,FEN,Fencing,GRP,28/7/2024 13:15,28/7/2024 13:40
Women's 54kg - Prelims - Round of 16,BOX,Boxing,NPA,30/7/2024 16:50,30/7/2024 17:01
Women's Pool Round,BK3,3x3 Basketball,LC,1/8/2024 12:30,1/8/2024 12:55
Men -80kg Semifinals,TKW,Taekwondo,GRP,9/8/2024 16:24,9/8/2024 16:37
Men's 80kg - Prelims - Round of 32,BOX,Boxing,NPA,27/7/2024 22:08,27/7/2024 22:19
Women's Pool Round,BK3,3x3 Basketball,LC,31/7/2024 21:00,31/7/2024 21:25
Women's Sabre Team Semifinals,FEN,Fencing,GRP,3/8/2024 15:20,3/8/2024 16:10
Women's Singles Group Play Stage - Grp L,BDM,Badminton,CPL,28/7/2024 19:30,28/7/2024 20:10
Men's Foil Individual Table of 32,FEN,Fencing,GRP,29/7/2024 13:05,29/7/2024 13:35
B-Girls Round Robin - Group D,BKG,Breaking,LC,9/8/2024 17:27,9/8/2024 17:33
Women's 57kg - Semifinals,BOX,Boxing,RGA,7/8/2024 21:46,7/8/2024 21:57
Mixed Doubles Quarterfinals,TTE,Table Tennis,SP,28/7/2024 17:00,28/7/2024 18:00
Men's Skiff Opening Series,SAL,Sailing,MAM,29/7/2024 12:05,29/7/2024 12:40
Men's Preliminary Round Group B,HBL,Handball,SP,4/8/2024 19:00,4/8/2024 20:30
WFS 76kg 1/8 Finals,WRE,Wrestling,CDM,10/8/2024 11:28,10/8/2024 11:35
Men's Long Jump Qualification,ATH,Athletics,STA,4/8/2024 11:00,4/8/2024 11:56
Mixed Doubles Group Play Stage - Grp D,BDM,Badminton,CPL,27/7/2024 9:20,27/7/2024 10:00
Men's Foil Individual Table of 16,FEN,Fencing,GRP,29/7/2024 14:55,29/7/2024 15:25
Men's Semifinals,VVO,Volleyball,SP,7/8/2024 20:00,7/8/2024 22:15
Women's Sabre Individual Table of 16,FEN,Fencing,GRP,29/7/2024 14:05,29/7/2024 14:30
Men's Pool A,RU7,Rugby Sevens,STA,24/7/2024 17:30,24/7/2024 17:46
Men's Preliminary Round Group A,HBL,Handball,SP,29/7/2024 9:00,29/7/2024 10:30
"Men's Omnium, Elimination Race 3/4",CTR,Cycling Track,VE1,8/8/2024 18:25,8/8/2024 18:47
Women's Preliminary - Pool A - Matches,VBV,Beach Volleyball,EIF,30/7/2024 21:00,30/7/2024 21:50
Men's Team Round of 16,TTE,Table Tennis,SP,6/8/2024 10:00,6/8/2024 13:00
Women -57kg Semifinals,TKW,Taekwondo,GRP,8/8/2024 16:37,8/8/2024 16:50
Mixed Doubles Group Play Stage - Grp B,BDM,Badminton,CPL,29/7/2024 14:50,29/7/2024 15:30
Men's Group D,FBL,Football,BOR,27/7/2024 21:00,27/7/2024 22:45
MGR 60kg Bronze Medal Matches,WRE,Wrestling,CDM,6/8/2024 19:04,6/8/2024 19:11
Women -70 kg Elimination Round of 16,JUD,Judo,CDM,31/7/2024 10:54,31/7/2024 11:00
Men's Kite Opening Series,SAL,Sailing,MAM,7/8/2024 12:48,7/8/2024 13:05
"Men's Sprint, Finals",CTR,Cycling Track,VE1,9/8/2024 19:38,9/8/2024 19:46
Women's Singles Round of 16,BDM,Badminton,CPL,1/8/2024 19:30,1/8/2024 20:20
Men's Pool B,HOC,Hockey,YDM,28/7/2024 17:30,28/7/2024 19:00
25m Pistol Women's Training,SHO,Shooting,CTX,1/8/2024 9:00,1/8/2024 14:00
Women's Individual Finals,ARC,Archery,INV,3/8/2024 14:33,3/8/2024 14:46
Women's Preliminary Round Group A,HBL,Handball,SP,28/7/2024 14:00,28/7/2024 15:30
Men -66 kg Elimination Round of 32,JUD,Judo,CDM,28/7/2024 10:36,28/7/2024 10:42
Men's Preliminary - Pool C - Matches,VBV,Beach Volleyball,EIF,30/7/2024 9:00,30/7/2024 9:50
Men's Quarterfinals,VVO,Volleyball,SP,5/8/2024 13:00,5/8/2024 15:15
MGR 60kg Semifinals,WRE,Wrestling,CDM,5/8/2024 21:07,5/8/2024 21:14
MGR 87kg 1/8 Finals,WRE,Wrestling,CDM,7/8/2024 11:49,7/8/2024 11:56
Women's Windsurfing Opening Series,SAL,Sailing,MAM,1/8/2024 17:38,1/8/2024 17:59
Men -66 kg Quarterfinals,JUD,Judo,CDM,28/7/2024 12:06,28/7/2024 12:12
Women -48 kg Quarterfinals,JUD,Judo,CDM,27/7/2024 12:36,27/7/2024 12:42
Women's 100m Hurdles Final,ATH,Athletics,STA,10/8/2024 19:35,10/8/2024 19:36
Women -57 kg Semifinals,JUD,Judo,CDM,29/7/2024 16:12,29/7/2024 16:18
Women's 57kg - Prelims - Round of 32,BOX,Boxing,NPA,30/7/2024 17:38,30/7/2024 17:49
"Men's Keirin, Repechages",CTR,Cycling Track,VE1,10/8/2024 19:21,10/8/2024 19:49
Women's Singles Round of 64,TTE,Table Tennis,SP,29/7/2024 12:00,29/7/2024 13:00
Women's Skiff Opening Series,SAL,Sailing,MAM,28/7/2024 13:15,28/7/2024 13:50
Women's Preliminary Round - Group A,WPO,Water Polo,AQC,29/7/2024 18:30,29/7/2024 19:55
WFS 68kg 1/8 Finals,WRE,Wrestling,CDM,5/8/2024 15:14,5/8/2024 15:21
Women's Épée Individual Table of 16,FEN,Fencing,GRP,27/7/2024 14:35,27/7/2024 15:00
Women +78 kg Elimination Round of 16,JUD,Judo,CDM,2/8/2024 11:00,2/8/2024 11:06
MFS 86kg 1/8 Finals,WRE,Wrestling,CDM,8/8/2024 11:21,8/8/2024 11:28
MGR 130kg 1/8 Finals,WRE,Wrestling,CDM,5/8/2024 15:21,5/8/2024 15:28
Women's 50kg - Quarterfinals,BOX,Boxing,NPA,3/8/2024 21:20,3/8/2024 21:31
Women's Individual Quarterfinals,ARC,Archery,INV,3/8/2024 13:13,3/8/2024 13:26
Mixed Dinghy Opening Series,SAL,Sailing,MAM,6/8/2024 13:22,6/8/2024 14:12
Men -58kg Semifinals,TKW,Taekwondo,GRP,7/8/2024 16:36,7/8/2024 16:49
Men's Doubles Semi-finals,TEN,Tennis,RGA,1/8/2024 13:00,1/8/2024 16:00
Women's Skiff Opening Series,SAL,Sailing,MAM,31/7/2024 15:15,31/7/2024 15:50
Men's Pool A,RU7,Rugby Sevens,STA,25/7/2024 16:30,25/7/2024 16:46
Men's Preliminary - Pool E - Matches,VBV,Beach Volleyball,EIF,28/7/2024 17:00,28/7/2024 17:50
Men's Singles Group Play Stage - Grp E,BDM,Badminton,CPL,29/7/2024 20:20,29/7/2024 21:00
Women's Team Semifinals,TTE,Table Tennis,SP,8/8/2024 20:00,8/8/2024 23:00
Women's Singles First Round,TEN,Tennis,RGA,27/7/2024 19:00,27/7/2024 22:00
Women's Pool Round,BK3,3x3 Basketball,LC,2/8/2024 9:00,2/8/2024 9:25
Men -100 kg Elimination Round of 32,JUD,Judo,CDM,1/8/2024 10:12,1/8/2024 10:18
Women's Pool B,HOC,Hockey,YDM,28/7/2024 13:15,28/7/2024 14:45
Women's Singles Group Play Stage - Grp D,BDM,Badminton,CPL,30/7/2024 20:20,30/7/2024 21:00
Women's 57kg - Prelims - Round of 16,BOX,Boxing,NPA,2/8/2024 20:32,2/8/2024 20:43
WFS 57kg 1/4 Finals,WRE,Wrestling,CDM,8/8/2024 12:24,8/8/2024 12:31
MFS 74kg 1/4 Finals,WRE,Wrestling,CDM,9/8/2024 12:24,9/8/2024 12:31
Women +78 kg Elimination Round of 32,JUD,Judo,CDM,2/8/2024 10:36,2/8/2024 10:42
Women's Singles Group Play Stage - Grp J,BDM,Badminton,CPL,28/7/2024 11:00,28/7/2024 12:00
Women -70 kg Repechage,JUD,Judo,CDM,31/7/2024 16:00,31/7/2024 16:06
Men -80kg Bronze Medal Contests,TKW,Taekwondo,GRP,9/8/2024 20:34,9/8/2024 20:49
Men's Foil Team Finals,FEN,Fencing,GRP,4/8/2024 16:00,4/8/2024 17:10
Mixed Dinghy Opening Series,SAL,Sailing,MAM,2/8/2024 12:05,2/8/2024 12:55
Men's Singles Group Play Stage - Grp L,BDM,Badminton,CPL,27/7/2024 15:40,27/7/2024 16:20
Men +100 kg Quarterfinals,JUD,Judo,CDM,2/8/2024 11:42,2/8/2024 11:48
Women's Quarter-finals,HOC,Hockey,YDM,5/8/2024 12:30,5/8/2024 14:15
Individual All-Around Qualification,GRY,Rhythmic Gymnastics,CPL,8/8/2024 10:00,8/8/2024 13:00
Women's Foil Individual Table of 16,FEN,Fencing,GRP,28/7/2024 14:05,28/7/2024 14:35
Women's 66kg - Prelims - Round of 16,BOX,Boxing,NPA,1/8/2024 11:48,1/8/2024 11:59
Skeet Men's Training,SHO,Shooting,CTX,1/8/2024 9:00,1/8/2024 14:00
Women's 800m Final,ATH,Athletics,STA,5/8/2024 21:47,5/8/2024 21:49
Men's Pair Finals,ROW,Rowing,VN,2/8/2024 10:42,2/8/2024 10:49
Women's 66kg - Prelims - Round of 32,BOX,Boxing,NPA,28/7/2024 17:22,28/7/2024 17:33
Women's Doubles First Round,TEN,Tennis,RGA,30/7/2024 13:30,30/7/2024 19:30
Men's Sabre Individual Table of 64,FEN,Fencing,GRP,27/7/2024 10:25,27/7/2024 10:50
Men +100 kg Elimination Round of 16,JUD,Judo,CDM,2/8/2024 11:00,2/8/2024 11:06
Men -60 kg Elimination Round of 16,JUD,Judo,CDM,27/7/2024 11:12,27/7/2024 11:18
Men's Preliminary - Pool A - Matches,VBV,Beach Volleyball,EIF,29/7/2024 9:00,29/7/2024 9:50
Men's Pair Heats,ROW,Rowing,VN,28/7/2024 11:00,28/7/2024 11:27
Men's Kayak Single 1000m Finals,CSP,Canoe Sprint,VN,10/8/2024 13:10,10/8/2024 13:17
Men's Foil Individual Table of 32,FEN,Fencing,GRP,29/7/2024 12:05,29/7/2024 12:35
Women's Épée Individual Table of 16,FEN,Fencing,GRP,27/7/2024 14:35,27/7/2024 15:00
Men's Windsurfing Opening Series,SAL,Sailing,MAM,1/8/2024 18:28,1/8/2024 18:49
MFS 125kg 1/4 Finals,WRE,Wrestling,CDM,9/8/2024 12:31,9/8/2024 12:38
B-Boys Round Robin - Group B,BKG,Breaking,LC,10/8/2024 16:11,10/8/2024 16:17
Women's Singles Round of 32,TTE,Table Tennis,SP,31/7/2024 12:00,31/7/2024 13:00
Men's 80kg - Quarterfinals,BOX,Boxing,NPA,2/8/2024 21:52,2/8/2024 22:03
Women's Skiff Medal Race,SAL,Sailing,MAM,2/8/2024 12:13,2/8/2024 12:38
Mixed Team Finals,ARC,Archery,INV,2/8/2024 16:43,2/8/2024 17:02
Women -57 kg Quarterfinals,JUD,Judo,CDM,29/7/2024 12:00,29/7/2024 12:06
Men's Preliminary Round - Group A,WPO,Water Polo,AQC,28/7/2024 16:35,28/7/2024 18:00
Men's Singles Quarterfinals,BDM,Badminton,CPL,2/8/2024 17:35,2/8/2024 18:35
Mixed Team Finals,ARC,Archery,INV,2/8/2024 16:24,2/8/2024 16:43
Women +78 kg Elimination Round of 32,JUD,Judo,CDM,2/8/2024 10:54,2/8/2024 11:00
Men -58kg Round of 16,TKW,Taekwondo,GRP,7/8/2024 11:24,7/8/2024 11:36
Women's Team Round of 16,TTE,Table Tennis,SP,6/8/2024 10:00,6/8/2024 13:00
Men's Finals,WPO,Water Polo,DEF,11/8/2024 9:00,11/8/2024 10:25
Men's Foil Individual Table of 32,FEN,Fencing,GRP,29/7/2024 12:35,29/7/2024 13:05
Men's Pool Round,BK3,3x3 Basketball,LC,1/8/2024 19:35,1/8/2024 20:00
Men's 800m Freestyle - Heats,SWM,Swimming,DEF,29/7/2024 11:28,29/7/2024 12:07
Men's Pool Round,BK3,3x3 Basketball,LC,30/7/2024 22:05,30/7/2024 22:30
Men's Quarterfinals,VVO,Volleyball,SP,5/8/2024 9:00,5/8/2024 11:15
Women's Singles Group Play Stage - Grp P,BDM,Badminton,CPL,31/7/2024 19:30,31/7/2024 20:10
Women's Individual 1/32 Elimination Rnd,ARC,Archery,INV,30/7/2024 19:42,30/7/2024 19:55
Men's 100m Backstroke Final,SWM,Swimming,DEF,29/7/2024 21:27,29/7/2024 21:34
Women's Single Sculls Finals,ROW,Rowing,VN,3/8/2024 10:18,3/8/2024 10:25
Women -52 kg Elimination Round of 32,JUD,Judo,CDM,28/7/2024 10:24,28/7/2024 10:30
Men's Singles Quarter-finals,TEN,Tennis,RGA,1/8/2024 12:00,1/8/2024 15:00
Women's 60kg - Prelims - Round of 32,BOX,Boxing,NPA,27/7/2024 20:48,27/7/2024 20:59
Men's Preliminary - Pool A - Matches,VBV,Beach Volleyball,EIF,27/7/2024 15:00,27/7/2024 15:50
Men's Singles Round of 32,TTE,Table Tennis,SP,31/7/2024 12:00,31/7/2024 13:00
"Women's Team Sprint, Finals",CTR,Cycling Track,VE1,5/8/2024 19:50,5/8/2024 19:54
Men's Dinghy Medal Race,SAL,Sailing,MAM,7/8/2024 13:13,7/8/2024 13:33
Men's Singles Preliminary Round,TTE,Table Tennis,SP,27/7/2024 15:00,27/7/2024 15:45
Women's 50kg - Prelims - Round of 32,BOX,Boxing,NPA,28/7/2024 17:06,28/7/2024 17:17
Men's Windsurfing Final,SAL,Sailing,MAM,3/8/2024 14:03,3/8/2024 14:08
Women's Individual Semi-finals,MPN,Modern Pentathlon,VER,10/8/2024 10:54,10/8/2024 11:09
Women's Kayak Double 500m Semifinals,CSP,Canoe Sprint,VN,9/8/2024 10:50,9/8/2024 10:57
Women's Kite Opening Series,SAL,Sailing,MAM,4/8/2024 12:58,4/8/2024 13:15
Men's Cross-country,MTB,Cycling Mountain Bike,ELA,29/7/2024 14:10,29/7/2024 15:40
Women's Individual 1/32 Elimination Rnd,ARC,Archery,INV,1/8/2024 17:14,1/8/2024 17:27
Men's Quarterfinals,HBL,Handball,LIL,7/8/2024 9:30,7/8/2024 11:30
Women's Singles Quarter-finals,TEN,Tennis,RGA,31/7/2024 12:00,31/7/2024 15:00
Men's Individual 1/16 Elimination Round,ARC,Archery,INV,1/8/2024 16:22,1/8/2024 16:35
Women's Individual Finals,ARC,Archery,INV,3/8/2024 14:46,3/8/2024 14:59
WFS 76kg 1/8 Finals,WRE,Wrestling,CDM,10/8/2024 11:56,10/8/2024 12:03
Women's Doubles Group Play Stage - Grp B,BDM,Badminton,CPL,27/7/2024 14:00,27/7/2024 14:40
Women's Individual 1/8 Elimination Round,ARC,Archery,INV,3/8/2024 10:09,3/8/2024 10:22
10m Air Pistol Mixed Team Training,SHO,Shooting,CTX,28/7/2024 14:00,28/7/2024 14:30
Women's Sabre Individual Table of 64,FEN,Fencing,GRP,29/7/2024 9:00,29/7/2024 9:25
Women's 4 x 100m Medley Relay Final,SWM,Swimming,DEF,4/8/2024 19:32,4/8/2024 19:42
Women's Heptathlon Javelin Throw,ATH,Athletics,STA,9/8/2024 11:23,9/8/2024 12:05
Women -78 kg Elimination Round of 16,JUD,Judo,CDM,1/8/2024 11:00,1/8/2024 11:06
"Women's Team Sprint, Finals",CTR,Cycling Track,VE1,5/8/2024 19:54,5/8/2024 19:58
Women's Windsurfing Opening Series,SAL,Sailing,MAM,1/8/2024 13:56,1/8/2024 14:17
Women's 4 x 400m Relay Round 1,ATH,Athletics,STA,9/8/2024 10:40,9/8/2024 10:56
Men's 57kg - Prelims - Round of 16,BOX,Boxing,NPA,31/7/2024 11:16,31/7/2024 11:27
Women's 75kg - Semifinals,BOX,Boxing,RGA,8/8/2024 22:02,8/8/2024 22:13
Women's Sabre Individual Table of 32,FEN,Fencing,GRP,29/7/2024 10:25,29/7/2024 10:50
Men's Épée Team Table of 8,FEN,Fencing,GRP,2/8/2024 13:30,2/8/2024 14:20
MGR 77kg 1/8 Finals,WRE,Wrestling,CDM,6/8/2024 11:42,6/8/2024 11:49
Men's Kayak Double 500m Quarterfinals,CSP,Canoe Sprint,VN,6/8/2024 14:30,6/8/2024 14:47
Women's 50m Freestyle Semifinals,SWM,Swimming,DEF,3/8/2024 20:39,3/8/2024 20:52
Men's Foil Individual Table of 64,FEN,Fencing,GRP,29/7/2024 9:25,29/7/2024 9:55
Men's Quarterfinals,VVO,Volleyball,SP,5/8/2024 21:00,5/8/2024 23:15
Men's Singles Round of 32,TTE,Table Tennis,SP,31/7/2024 10:00,31/7/2024 11:00
MFS 125kg 1/8 Finals,WRE,Wrestling,CDM,9/8/2024 11:42,9/8/2024 11:49
Men -68kg Round of 16,TKW,Taekwondo,GRP,8/8/2024 9:46,8/8/2024 9:58
Men's Canoe Double 500m Semifinals,CSP,Canoe Sprint,VN,8/8/2024 11:30,8/8/2024 11:37
Men's Kite Semifinals,SAL,Sailing,MAM,8/8/2024 15:00,8/8/2024 15:06
Men's 110m Hurdles Round 1,ATH,Athletics,STA,4/8/2024 11:50,4/8/2024 12:23
WFS 62kg Bronze Medal Matches,WRE,Wrestling,CDM,10/8/2024 20:15,10/8/2024 20:25
Women's Preliminary Round Group A,HBL,Handball,SP,1/8/2024 11:00,1/8/2024 12:30
Women's Individual 1/32 Elimination Rnd,ARC,Archery,INV,1/8/2024 9:56,1/8/2024 10:09
Women -67kg Round of 16,TKW,Taekwondo,GRP,9/8/2024 9:09,9/8/2024 9:21
Women -70 kg Quarterfinals,JUD,Judo,CDM,31/7/2024 11:54,31/7/2024 12:00
Women's Pool Round,BK3,3x3 Basketball,LC,30/7/2024 21:30,30/7/2024 21:55
Men's 80kg - Prelims - Round of 16,BOX,Boxing,NPA,30/7/2024 16:18,30/7/2024 16:29
Women's Singles First Round,TEN,Tennis,RGA,28/7/2024 12:00,28/7/2024 18:00
Men's Kayak Four 500m Finals,CSP,Canoe Sprint,VN,8/8/2024 13:50,8/8/2024 13:57
Women's Preliminary Round Group B,HBL,Handball,SP,28/7/2024 19:00,28/7/2024 20:30
Women's Single Sculls Semifinals,ROW,Rowing,VN,31/7/2024 10:24,31/7/2024 10:31
Women's Windsurfing Opening Series,SAL,Sailing,MAM,31/7/2024 15:44,31/7/2024 15:53
Women's Finals,WPO,Water Polo,DEF,10/8/2024 10:35,10/8/2024 12:00
Men's Preliminary - Pool E - Matches,VBV,Beach Volleyball,EIF,31/7/2024 9:00,31/7/2024 9:50
Women's Canoe Single Hts 1st and 2nd Run,CSL,Canoe Slalom,VN,30/7/2024 15:00,30/7/2024 15:42
Men's Individual 1/32 Elimination Round,ARC,Archery,INV,31/7/2024 14:36,31/7/2024 14:49
Men's Singles Quarterfinals,TTE,Table Tennis,SP,1/8/2024 11:00,1/8/2024 12:00
Men's Hammer Throw Final,ATH,Athletics,STA,4/8/2024 20:30,4/8/2024 21:40
Men's 4 x 100m Medley Relay - Heats,SWM,Swimming,DEF,3/8/2024 12:40,3/8/2024 12:52
Men -68kg Repechages,TKW,Taekwondo,GRP,8/8/2024 19:30,8/8/2024 19:40
Men's Pool A,HOC,Hockey,YDM,31/7/2024 19:45,31/7/2024 21:15
MGR 87kg Bronze Medal Matches,WRE,Wrestling,CDM,8/8/2024 19:25,8/8/2024 19:32
Men's Singles Round of 64,TTE,Table Tennis,SP,29/7/2024 12:00,29/7/2024 13:00
Women -52 kg Elimination Round of 32,JUD,Judo,CDM,28/7/2024 10:12,28/7/2024 10:18
Men's 100m Breaststroke Final,SWM,Swimming,DEF,28/7/2024 21:44,28/7/2024 21:50
Men's Individual 1/32 Elimination Round,ARC,Archery,INV,1/8/2024 12:06,1/8/2024 12:19
Men's Individual,TRI,Triathlon,ALX,31/7/2024 10:45,31/7/2024 12:45
Men's Team Round of 16,TTE,Table Tennis,SP,5/8/2024 15:00,5/8/2024 18:00
Women's Kayak Four 500m Semifinals,CSP,Canoe Sprint,VN,8/8/2024 11:40,8/8/2024 11:47
Men's Singles Quarterfinals,TTE,Table Tennis,SP,1/8/2024 17:00,1/8/2024 18:00
Women's Individual 1/16 Elimination Rnd,ARC,Archery,INV,1/8/2024 16:35,1/8/2024 16:48
Men's +92kg - Final,BOX,Boxing,RGA,10/8/2024 22:51,10/8/2024 23:02
Men's Singles Second Round,TEN,Tennis,RGA,29/7/2024 12:00,29/7/2024 18:00
Men's Kite Final,SAL,Sailing,MAM,9/8/2024 12:31,9/8/2024 12:37
Men's 200m Freestyle Final,SWM,Swimming,DEF,29/7/2024 20:41,29/7/2024 20:49
Women's Shot Put Qualification,ATH,Athletics,STA,8/8/2024 10:25,8/8/2024 11:21
Women -49kg Bronze Medal Contests,TKW,Taekwondo,GRP,7/8/2024 20:19,7/8/2024 20:34
Men -58kg Quarterfinals,TKW,Taekwondo,GRP,7/8/2024 15:32,7/8/2024 15:45
Men's Singles Round of 16,TTE,Table Tennis,SP,31/7/2024 21:00,31/7/2024 22:00
Men's Preliminary Round - Group B,WPO,Water Polo,AQC,3/8/2024 19:30,3/8/2024 20:55
MFS 74kg Semifinals,WRE,Wrestling,CDM,9/8/2024 18:15,9/8/2024 18:25
Women's Foil Individual Table of 16,FEN,Fencing,GRP,28/7/2024 14:35,28/7/2024 15:05
Women's Foil Individual Table of 8,FEN,Fencing,GRP,28/7/2024 15:55,28/7/2024 16:25
Women's Foil Individual Table of 8,FEN,Fencing,GRP,28/7/2024 15:55,28/7/2024 16:25
Men's Individual 1/16 Elimination Round,ARC,Archery,INV,30/7/2024 15:28,30/7/2024 15:41
Women's 10m Platform Semifinal,DIV,Diving,AQC,5/8/2024 15:00,5/8/2024 16:35
Men -60 kg Elimination Round of 16,JUD,Judo,CDM,27/7/2024 11:24,27/7/2024 11:30
Men's 100m Butterfly Final,SWM,Swimming,DEF,3/8/2024 20:30,3/8/2024 20:37
Women's Épée Individual Table of 32,FEN,Fencing,GRP,27/7/2024 11:40,27/7/2024 12:05
Men's Singles Round of 64,TTE,Table Tennis,SP,29/7/2024 13:00,29/7/2024 14:00
MFS 125kg Repechage,WRE,Wrestling,CDM,10/8/2024 11:00,10/8/2024 11:07
MFS 86kg Bronze Medal Matches,WRE,Wrestling,CDM,9/8/2024 19:55,9/8/2024 20:05
Men's Singles Group Play Stage - Grp M,BDM,Badminton,CPL,30/7/2024 19:30,30/7/2024 20:10
Women's Singles Group Play Stage - Grp M,BDM,Badminton,CPL,31/7/2024 9:20,31/7/2024 10:00
Women -67kg Round of 16,TKW,Taekwondo,GRP,9/8/2024 10:22,9/8/2024 10:35
Men's Épée Individual Table of 16,FEN,Fencing,GRP,28/7/2024 15:30,28/7/2024 15:55
Women -63 kg Elimination Round of 32,JUD,Judo,CDM,30/7/2024 11:12,30/7/2024 11:18
Men's Individual Stroke Play,GLF,Golf,LGN,1/8/2024 9:00,1/8/2024 18:00
Men's Pool Round,BK3,3x3 Basketball,LC,4/8/2024 19:05,4/8/2024 19:30
MFS 65kg 1/4 Finals,WRE,Wrestling,CDM,10/8/2024 12:17,10/8/2024 12:24
MGR 97kg 1/8 Finals,WRE,Wrestling,CDM,6/8/2024 11:42,6/8/2024 11:49
Men's Foil Individual Table of 32,FEN,Fencing,GRP,29/7/2024 13:35,29/7/2024 14:05
Men's Windsurfing Opening Series,SAL,Sailing,MAM,31/7/2024 13:43,31/7/2024 13:52
Women's 54kg - Prelims - Round of 32,BOX,Boxing,NPA,27/7/2024 15:46,27/7/2024 15:57
Men's Kite Final,SAL,Sailing,MAM,9/8/2024 12:40,9/8/2024 12:46
Women's 57kg - Final,BOX,Boxing,RGA,10/8/2024 21:30,10/8/2024 21:41
Women's Round 2,SRF,Surfing,TAH,28/7/2024 19:36,28/7/2024 20:06
Women -57 kg Semifinals,JUD,Judo,CDM,29/7/2024 16:18,29/7/2024 16:24
Men's Quarterfinals,VBV,Beach Volleyball,EIF,6/8/2024 17:00,6/8/2024 17:50
Women's Single Sculls Quarterfinals,ROW,Rowing,VN,30/7/2024 9:30,30/7/2024 10:07
B-Girls Round Robin - Group D,BKG,Breaking,LC,9/8/2024 16:31,9/8/2024 16:37
Men's Pool Round,BK3,3x3 Basketball,LC,2/8/2024 18:35,2/8/2024 19:00
MGR 130kg Semifinals,WRE,Wrestling,CDM,5/8/2024 21:21,5/8/2024 21:28
Women's Pool A,RU7,Rugby Sevens,STA,28/7/2024 18:00,28/7/2024 18:16
Men's Épée Individual Table of 32,FEN,Fencing,GRP,28/7/2024 12:25,28/7/2024 12:50
Women's Semifinals,VBV,Beach Volleyball,EIF,8/8/2024 21:00,8/8/2024 21:50
WFS 53kg 1/8 Finals,WRE,Wrestling,CDM,7/8/2024 11:56,7/8/2024 12:03
Men's Singles Third Round,TEN,Tennis,RGA,31/7/2024 12:00,31/7/2024 16:30
Women's Pool B,RU7,Rugby Sevens,STA,28/7/2024 15:30,28/7/2024 15:46
Men's Quarterfinals,SRF,Surfing,TAH,2/8/2024 0:24,2/8/2024 0:54
Women's 60kg - Quarterfinals,BOX,Boxing,NPA,31/7/2024 17:38,31/7/2024 17:49
Men's Kayak Cross Final,CSL,Canoe Slalom,VN,5/8/2024 17:00,5/8/2024 17:05
Women's Singles Group Play Stage - Grp H,BDM,Badminton,CPL,31/7/2024 8:30,31/7/2024 9:10
Women's 200m Semi-Final,ATH,Athletics,STA,5/8/2024 20:45,5/8/2024 21:00
B-Boys Quarterfinals,BKG,Breaking,LC,10/8/2024 20:07,10/8/2024 20:14
Men's Park Prelims,SKB,Skateboarding,LC,7/8/2024 12:30,7/8/2024 15:31
Men's Sabre Individual Table of 32,FEN,Fencing,GRP,27/7/2024 13:20,27/7/2024 13:45
MGR 67kg 1/8 Finals,WRE,Wrestling,CDM,7/8/2024 11:28,7/8/2024 11:35
Men -60 kg Quarterfinals,JUD,Judo,CDM,27/7/2024 11:48,27/7/2024 11:54
Women -57kg Round of 16,TKW,Taekwondo,GRP,8/8/2024 11:11,8/8/2024 11:24
Men's Preliminary - Pool C - Matches,VBV,Beach Volleyball,EIF,1/8/2024 21:00,1/8/2024 21:50
Men -90 kg Elimination Round of 32,JUD,Judo,CDM,31/7/2024 11:00,31/7/2024 11:06
Men's Windsurfing Opening Series,SAL,Sailing,MAM,30/7/2024 14:17,30/7/2024 14:38
Men -90 kg Elimination Round of 32,JUD,Judo,CDM,31/7/2024 10:48,31/7/2024 10:54
Men's Individual Time Trial,CRD,Cycling Road,ALX,27/7/2024 16:32,27/7/2024 17:57
Women's Épée Individual Table of 64,FEN,Fencing,GRP,27/7/2024 10:00,27/7/2024 10:25
MFS 97kg 1/8 Finals,WRE,Wrestling,CDM,10/8/2024 11:14,10/8/2024 11:21
Men's 200m Individual Medley - Heats,SWM,Swimming,DEF,1/8/2024 11:47,1/8/2024 12:04
MFS 57kg 1/4 Finals,WRE,Wrestling,CDM,8/8/2024 12:10,8/8/2024 12:17
Women's Windsurfing Semifinal,SAL,Sailing,MAM,3/8/2024 12:53,3/8/2024 12:58
Women's Kite Opening Series,SAL,Sailing,MAM,7/8/2024 14:43,7/8/2024 15:00
WFS 53kg Bronze Medal Matches,WRE,Wrestling,CDM,8/8/2024 19:39,8/8/2024 19:46
Women's 60kg - Prelims - Round of 16,BOX,Boxing,NPA,29/7/2024 11:16,29/7/2024 11:27
MFS 86kg Bronze Medal Matches,WRE,Wrestling,CDM,9/8/2024 19:45,9/8/2024 19:55
Women's Pool B,HOC,Hockey,YDM,29/7/2024 13:15,29/7/2024 14:45
Men's Pool A,RU7,Rugby Sevens,STA,24/7/2024 21:30,24/7/2024 21:46
Men's Team Finals,TTE,Table Tennis,SP,9/8/2024 10:00,9/8/2024 13:00
Men's Singles Third Round,TEN,Tennis,RGA,31/7/2024 12:00,31/7/2024 13:30
MFS 57kg Semifinals,WRE,Wrestling,CDM,8/8/2024 18:22,8/8/2024 18:29
Men's 92kg - Prelims - Round of 16,BOX,Boxing,NPA,28/7/2024 16:02,28/7/2024 16:13
Men's Singles Round of 64,TTE,Table Tennis,SP,28/7/2024 11:30,28/7/2024 12:15
Women's 75kg - Prelims - Round of 16,BOX,Boxing,NPA,31/7/2024 21:36,31/7/2024 21:47
Men's Sabre Individual Table of 32,FEN,Fencing,GRP,27/7/2024 12:55,27/7/2024 13:20
Men's 100m Butterfly - Heats,SWM,Swimming,DEF,2/8/2024 11:00,2/8/2024 11:15
Men -100 kg Quarterfinals,JUD,Judo,CDM,1/8/2024 12:00,1/8/2024 12:06
MFS 57kg 1/4 Finals,WRE,Wrestling,CDM,8/8/2024 12:24,8/8/2024 12:31
Women's Preliminary Round Group B,HBL,Handball,SP,1/8/2024 9:00,1/8/2024 10:30
Women's Preliminary - Pool D - Matches,VBV,Beach Volleyball,EIF,3/8/2024 17:00,3/8/2024 17:50
MFS 57kg Semifinals,WRE,Wrestling,CDM,8/8/2024 18:15,8/8/2024 18:22
Women's 200m Freestyle - Heats,SWM,Swimming,DEF,28/7/2024 12:00,28/7/2024 12:16
Women's Pool B,RU7,Rugby Sevens,STA,28/7/2024 16:00,28/7/2024 16:16
Women's 50m Freestyle Final,SWM,Swimming,DEF,4/8/2024 18:30,4/8/2024 18:37
"Women's Sprint, Quarterfinals",CTR,Cycling Track,VE1,10/8/2024 20:14,10/8/2024 20:14
Men's Doubles Group Play Stage - Grp C,BDM,Badminton,CPL,30/7/2024 14:50,30/7/2024 14:50
Men -80kg Round of 16,TKW,Taekwondo,GRP,9/8/2024 11:48,9/8/2024 12:00
Men -66 kg Elimination Round of 32,JUD,Judo,CDM,28/7/2024 10:54,28/7/2024 11:00
Women's Windsurfing Opening Series,SAL,Sailing,MAM,30/7/2024 14:06,30/7/2024 14:27
B-Girls Round Robin - Group D,BKG,Breaking,LC,9/8/2024 16:37,9/8/2024 16:43
Women -67kg Repechages,TKW,Taekwondo,GRP,9/8/2024 19:30,9/8/2024 19:40
Men's Sabre Individual Table of 32,FEN,Fencing,GRP,27/7/2024 13:45,27/7/2024 14:10
Mixed Team Quarterfinals,ARC,Archery,INV,2/8/2024 15:12,2/8/2024 15:31
Men's Sabre Individual Table of 32,FEN,Fencing,GRP,27/7/2024 13:20,27/7/2024 13:45
Men's Singles Second Round,TEN,Tennis,RGA,29/7/2024 12:00,29/7/2024 16:30
Women's Sabre Team Finals,FEN,Fencing,GRP,3/8/2024 19:00,3/8/2024 19:50
Men's Group D,FBL,Football,BOR,24/7/2024 19:00,24/7/2024 20:45
Men's Preliminary Round - Group A,WPO,Water Polo,AQC,30/7/2024 16:35,30/7/2024 18:00
Women's Group C,FBL,Football,BOR,25/7/2024 19:00,25/7/2024 20:45
MGR 67kg Repechage,WRE,Wrestling,CDM,8/8/2024 11:00,8/8/2024 11:07
WFS 57kg 1/4 Finals,WRE,Wrestling,CDM,8/8/2024 12:10,8/8/2024 12:17
Men's Pool B,RU7,Rugby Sevens,STA,24/7/2024 19:00,24/7/2024 19:16
Men's Sabre Team Semifinals,FEN,Fencing,GRP,31/7/2024 15:50,31/7/2024 16:40
Men's Doubles Finals,TEN,Tennis,RGA,3/8/2024 12:00,3/8/2024 13:30
Men's 4 x 100m Freestyle Relay - Heats,SWM,Swimming,DEF,27/7/2024 12:26,27/7/2024 12:36
Men's Preliminary Round Group A,HBL,Handball,SP,2/8/2024 16:00,2/8/2024 17:30
Women's Kayak Single 500m Quarterfinals,CSP,Canoe Sprint,VN,7/8/2024 13:30,7/8/2024 14:07
Men's Doubles First Round,TEN,Tennis,RGA,28/7/2024 12:00,28/7/2024 21:00
Women's 200m Breaststroke Final,SWM,Swimming,DEF,1/8/2024 21:11,1/8/2024 21:19
Individual All-Around Qualification,GRY,Rhythmic Gymnastics,CPL,8/8/2024 15:00,8/8/2024 18:00
Men's Kite Semifinals,SAL,Sailing,MAM,8/8/2024 13:03,8/8/2024 13:09
Women -48 kg Elimination Round of 32,JUD,Judo,CDM,27/7/2024 10:42,27/7/2024 10:48
Women's Preliminary Round - Pool C,VVO,Volleyball,SP,29/7/2024 9:00,29/7/2024 11:15
Women's 5000m Final,ATH,Athletics,STA,5/8/2024 21:15,5/8/2024 21:32
Men's Group C,FBL,Football,PDP,24/7/2024 15:00,24/7/2024 16:45
WFS 53kg Repechage,WRE,Wrestling,CDM,8/8/2024 11:07,8/8/2024 11:14
Men's Individual 1/32 Elimination Round,ARC,Archery,INV,1/8/2024 11:01,1/8/2024 11:14
Men -81 kg Elimination Round of 32,JUD,Judo,CDM,30/7/2024 10:36,30/7/2024 10:42
B-Boys Round Robin - Group A,BKG,Breaking,LC,10/8/2024 16:00,10/8/2024 16:05
Women's Pool B,RU7,Rugby Sevens,STA,29/7/2024 14:30,29/7/2024 14:46
Women's Single Sculls Finals,ROW,Rowing,VN,3/8/2024 9:30,3/8/2024 9:37
Women's Semi-finals,FBL,Football,LYO,6/8/2024 18:00,6/8/2024 19:45
Women's Qualification,GAR,Artistic Gymnastics,BCY,28/7/2024 11:40,28/7/2024 13:18
Men's Round 3,SRF,Surfing,TAH,29/7/2024 20:12,29/7/2024 20:42
Men's Finals,HBL,Handball,LIL,11/8/2024 9:00,11/8/2024 11:00
Women's Singles First Round,TEN,Tennis,RGA,28/7/2024 12:00,28/7/2024 13:30
Men's Foil Team Table of 8,FEN,Fencing,GRP,4/8/2024 11:50,4/8/2024 13:00
Men -73 kg Repechage,JUD,Judo,CDM,29/7/2024 16:30,29/7/2024 16:36
Women's 59kg,WLF,Weightlifting,SP,8/8/2024 15:00,8/8/2024 17:30
Women's Floor Exercise Final,GAR,Artistic Gymnastics,BCY,5/8/2024 14:23,5/8/2024 15:03
Women's Individual 1/32 Elimination Rnd,ARC,Archery,INV,30/7/2024 15:02,30/7/2024 15:15
Men's 100m Freestyle Semifinals,SWM,Swimming,DEF,30/7/2024 20:30,30/7/2024 20:44
Men's Pool Round,BK3,3x3 Basketball,LC,2/8/2024 10:35,2/8/2024 11:00
Men's Preliminary Round - Pool A,VVO,Volleyball,SP,30/7/2024 21:00,30/7/2024 23:15
Women's Pool C,RU7,Rugby Sevens,STA,29/7/2024 15:30,29/7/2024 15:46
Men's Canoe Single Heats 1st and 2nd Run,CSL,Canoe Slalom,VN,27/7/2024 17:10,27/7/2024 18:02
Women's 200m Freestyle Final,SWM,Swimming,DEF,29/7/2024 21:53,29/7/2024 22:01
Men's Windsurfing Opening Series,SAL,Sailing,MAM,1/8/2024 13:36,1/8/2024 13:57
Women -57kg Repechages,TKW,Taekwondo,GRP,8/8/2024 20:06,8/8/2024 20:19
Men's Singles Group Play Stage - Grp L,BDM,Badminton,CPL,29/7/2024 14:00,29/7/2024 14:00
Women's 100m Backstroke Semifinals,SWM,Swimming,DEF,29/7/2024 21:01,29/7/2024 21:15
Men -73 kg Semifinals,JUD,Judo,CDM,29/7/2024 16:36,29/7/2024 16:42
Men's Preliminary Round - Pool A,VVO,Volleyball,SP,2/8/2024 17:00,2/8/2024 19:15
WFS 76kg 1/8 Finals,WRE,Wrestling,CDM,10/8/2024 11:49,10/8/2024 11:56
Women's Foil Individual Table of 32,FEN,Fencing,GRP,28/7/2024 11:55,28/7/2024 12:25
Men -68kg Semifinals,TKW,Taekwondo,GRP,8/8/2024 16:24,8/8/2024 16:37
Women's Team Semifinals,TTE,Table Tennis,SP,8/8/2024 15:00,8/8/2024 18:00
Women's Round 3,SRF,Surfing,TAH,1/8/2024 20:12,1/8/2024 20:42
Women -67kg Bronze Medal Contests,TKW,Taekwondo,GRP,9/8/2024 20:49,9/8/2024 21:04
WFS 68kg 1/8 Finals,WRE,Wrestling,CDM,5/8/2024 15:49,5/8/2024 15:56
Women's Foil Individual Table of 32,FEN,Fencing,GRP,28/7/2024 11:25,28/7/2024 11:55
Women's Doubles Quarter-finals,TEN,Tennis,RGA,1/8/2024 13:00,1/8/2024 17:30
25m Rapid Fire Pistol Men's Qual.,SHO,Shooting,CTX,4/8/2024 9:00,4/8/2024 12:30
Men's Semifinals,VBV,Beach Volleyball,EIF,8/8/2024 22:00,8/8/2024 22:50
Men -90 kg Contests for Bronze Medals,JUD,Judo,CDM,31/7/2024 17:06,31/7/2024 17:12
Women -70 kg Semifinals,JUD,Judo,CDM,31/7/2024 16:18,31/7/2024 16:24
Women's Foil Individual Table of 32,FEN,Fencing,GRP,28/7/2024 10:25,28/7/2024 10:55
Women's Quarter-finals,FBL,Football,PDP,3/8/2024 15:00,3/8/2024 16:45
Men's 110m Hurdles Final,ATH,Athletics,STA,8/8/2024 21:45,8/8/2024 21:46
Women's Qualification,GAR,Artistic Gymnastics,BCY,28/7/2024 21:10,28/7/2024 22:49
"Men's Team Pursuit, Qualifying",CTR,Cycling Track,VE1,5/8/2024 17:27,5/8/2024 18:55
Men's Épée Individual Table of 64,FEN,Fencing,GRP,28/7/2024 10:00,28/7/2024 10:25
Mixed Dinghy Opening Series,SAL,Sailing,MAM,6/8/2024 12:15,6/8/2024 13:05
Men's Singles Round of 64,TTE,Table Tennis,SP,28/7/2024 10:00,28/7/2024 10:45
Men's Foil Individual Table of 64,FEN,Fencing,GRP,29/7/2024 9:25,29/7/2024 9:55
B-Boys Semifinals,BKG,Breaking,LC,10/8/2024 20:55,10/8/2024 21:02
Men's Preliminary - Pool E - Matches,VBV,Beach Volleyball,EIF,2/8/2024 11:00,2/8/2024 11:50
Men's Sabre Individual Table of 8,FEN,Fencing,GRP,27/7/2024 16:15,27/7/2024 16:40
Men's Pool A,HOC,Hockey,YDM,31/7/2024 17:30,31/7/2024 19:00
Women's Pool Round,BK3,3x3 Basketball,LC,31/7/2024 18:00,31/7/2024 18:25
"Men's Sprint, Semifinals",CTR,Cycling Track,VE1,9/8/2024 15:52,9/8/2024 15:52
Men's Speed Qualification,CLB,Sport Climbing,LBO,6/8/2024 13:00,6/8/2024 13:25
Men -60 kg Elimination Round of 32,JUD,Judo,CDM,27/7/2024 10:06,27/7/2024 10:12
Women's Dinghy Opening Series,SAL,Sailing,MAM,2/8/2024 12:05,2/8/2024 12:56
Men's Decathlon Pole Vault,ATH,Athletics,STA,3/8/2024 13:40,3/8/2024 15:56
Men +100 kg Elimination Round of 16,JUD,Judo,CDM,2/8/2024 10:42,2/8/2024 10:48
Women's Pool Round,BK3,3x3 Basketball,LC,30/7/2024 18:00,30/7/2024 18:25
Women -57 kg Elimination Round of 32,JUD,Judo,CDM,29/7/2024 10:18,29/7/2024 10:24
Men's Singles First Round,TEN,Tennis,RGA,28/7/2024 12:00,28/7/2024 15:00
Men's Singles First Round,TEN,Tennis,RGA,28/7/2024 12:00,28/7/2024 15:00
Men's Kite Opening Series,SAL,Sailing,MAM,4/8/2024 12:38,4/8/2024 12:55
Women's Doubles First Round,TEN,Tennis,RGA,29/7/2024 12:00,29/7/2024 16:30
Men -100 kg Repechage,JUD,Judo,CDM,1/8/2024 16:06,1/8/2024 16:12
Women's 54kg - Prelims - Round of 32,BOX,Boxing,NPA,27/7/2024 20:00,27/7/2024 20:11
Women -52 kg Elimination Round of 32,JUD,Judo,CDM,28/7/2024 10:42,28/7/2024 10:48
Women's Singles Round of 32,TTE,Table Tennis,SP,30/7/2024 11:00,30/7/2024 12:00
Women -67kg Round of 16,TKW,Taekwondo,GRP,9/8/2024 10:47,9/8/2024 10:59
Men's 4 x 100m Relay Final,ATH,Athletics,STA,9/8/2024 19:47,9/8/2024 19:48
Men's Doubles Semifinals,BDM,Badminton,CPL,2/8/2024 10:50,2/8/2024 11:50
WFS 50kg 1/8 Finals,WRE,Wrestling,CDM,6/8/2024 11:21,6/8/2024 11:28
Men's Singles Semifinals,BDM,Badminton,CPL,4/8/2024 10:50,4/8/2024 11:50
Women's 100m Backstroke Final,SWM,Swimming,DEF,30/7/2024 21:00,30/7/2024 21:07
MGR 60kg 1/8 Finals,WRE,Wrestling,CDM,5/8/2024 15:35,5/8/2024 15:42
Men -81 kg Elimination Round of 32,JUD,Judo,CDM,30/7/2024 11:36,30/7/2024 11:42
Women -57kg Bronze Medal Contests,TKW,Taekwondo,GRP,8/8/2024 20:34,8/8/2024 20:49
Men's Doubles Group Play Stage - Grp D,BDM,Badminton,CPL,28/7/2024 20:20,28/7/2024 21:00
Men's 80kg - Final,BOX,Boxing,RGA,7/8/2024 22:51,7/8/2024 23:02
MFS 125kg Final,WRE,Wrestling,CDM,10/8/2024 20:05,10/8/2024 20:15
Men's Individual Ranking Round,ARC,Archery,INV,25/7/2024 14:15,25/7/2024 17:15
B-Girls Quarterfinals,BKG,Breaking,LC,9/8/2024 20:23,9/8/2024 20:30
Mixed Multihull Opening Series,SAL,Sailing,MAM,5/8/2024 12:57,5/8/2024 13:32
WFS 53kg Repechage,WRE,Wrestling,CDM,8/8/2024 11:00,8/8/2024 11:07
MGR 77kg 1/4 Finals,WRE,Wrestling,CDM,6/8/2024 12:17,6/8/2024 12:24
"Men's Sprint, 1/32 Finals",CTR,Cycling Track,VE1,7/8/2024 14:30,7/8/2024 15:10
Women's Singles Group Play Stage - Grp N,BDM,Badminton,CPL,27/7/2024 8:30,27/7/2024 9:10
Women's Kite Semifinals,SAL,Sailing,MAM,8/8/2024 13:33,8/8/2024 13:39
MGR 87kg 1/8 Finals,WRE,Wrestling,CDM,7/8/2024 11:14,7/8/2024 11:21
Men's 200m Backstroke Semifinals,SWM,Swimming,DEF,31/7/2024 21:47,31/7/2024 22:03
Men's Preliminary - Pool B - Matches,VBV,Beach Volleyball,EIF,28/7/2024 21:00,28/7/2024 21:50
Men's Preliminary Round Group B,HBL,Handball,SP,29/7/2024 21:00,29/7/2024 22:30
Women +67kg Quarterfinals,TKW,Taekwondo,GRP,10/8/2024 15:19,10/8/2024 15:32
Men's Dinghy Opening Series,SAL,Sailing,MAM,1/8/2024 12:15,1/8/2024 13:06
Women's 57kg - Quarterfinals,BOX,Boxing,NPA,4/8/2024 11:16,4/8/2024 11:27
Men -68kg Repechages,TKW,Taekwondo,GRP,8/8/2024 19:53,8/8/2024 20:06
Men's Singles Round of 64,TTE,Table Tennis,SP,28/7/2024 20:00,28/7/2024 21:00
Women's Canoe Double 500m Finals,CSP,Canoe Sprint,VN,9/8/2024 12:50,9/8/2024 12:57
Women -63 kg Elimination Round of 32,JUD,Judo,CDM,30/7/2024 11:00,30/7/2024 11:06
"Women's Omnium, Scratch Race 1/4",CTR,Cycling Track,VE1,11/8/2024 11:00,11/8/2024 11:22
Men's Pool Round,BK3,3x3 Basketball,LC,2/8/2024 14:05,2/8/2024 14:30
Men's Doubles Group Play Stage - Grp D,BDM,Badminton,CPL,30/7/2024 15:40,30/7/2024 16:20
MFS 57kg 1/4 Finals,WRE,Wrestling,CDM,8/8/2024 12:31,8/8/2024 12:38
Women's Synchronised 3m Springboard,DIV,Diving,AQC,27/7/2024 11:00,27/7/2024 11:46
Men's 800m Freestyle Final,SWM,Swimming,DEF,30/7/2024 21:07,30/7/2024 21:21
Women's 54kg - Quarterfinals,BOX,Boxing,NPA,1/8/2024 12:36,1/8/2024 12:47
Men's Round 1,SRF,Surfing,TAH,27/7/2024 21:24,27/7/2024 21:54
Women's Preliminary - Pool B - Matches,VBV,Beach Volleyball,EIF,29/7/2024 22:00,29/7/2024 22:50
Women -48 kg Final,JUD,Judo,CDM,27/7/2024 17:00,27/7/2024 17:06
Women's Pool A,HOC,Hockey,YDM,31/7/2024 12:45,31/7/2024 14:15
Men's Singles Group Play Stage - Grp L,BDM,Badminton,CPL,29/7/2024 14:00,29/7/2024 14:40
Women's Group B,FBL,Football,NIC,25/7/2024 21:00,25/7/2024 22:45
Men's Kayak Cross Round 1,CSL,Canoe Slalom,VN,3/8/2024 16:40,3/8/2024 17:35
Women -48 kg Elimination Round of 16,JUD,Judo,CDM,27/7/2024 11:30,27/7/2024 11:36
Men -80kg Quarterfinals,TKW,Taekwondo,GRP,9/8/2024 15:58,9/8/2024 16:11
Men's 3m Springboard Preliminary,DIV,Diving,AQC,6/8/2024 10:00,6/8/2024 12:09
WFS 68kg 1/8 Finals,WRE,Wrestling,CDM,5/8/2024 15:28,5/8/2024 15:35
4 x 400m Relay Mixed Round 1,ATH,Athletics,STA,2/8/2024 19:10,2/8/2024 19:26
Women's Pool B,HOC,Hockey,YDM,3/8/2024 12:45,3/8/2024 14:15
Men's Kite Opening Series,SAL,Sailing,MAM,6/8/2024 12:03,6/8/2024 12:20
Women's Preliminary Round Group A,HBL,Handball,SP,1/8/2024 21:00,1/8/2024 22:30
Women's Sabre Team Table of 8,FEN,Fencing,GRP,3/8/2024 13:00,3/8/2024 13:50
MFS 74kg 1/8 Finals,WRE,Wrestling,CDM,9/8/2024 11:28,9/8/2024 11:35
Women's Singles Round of 64,TTE,Table Tennis,SP,28/7/2024 13:00,28/7/2024 14:00
Men's 57kg - Prelims - Round of 16,BOX,Boxing,NPA,31/7/2024 16:02,31/7/2024 16:13
Men's Pool B,HOC,Hockey,YDM,2/8/2024 17:30,2/8/2024 19:00
Men's 80kg - Prelims - Round of 16,BOX,Boxing,NPA,30/7/2024 20:48,30/7/2024 20:59
LWT Men's Double Sculls Heats,ROW,Rowing,VN,28/7/2024 12:00,28/7/2024 12:27
Women's Individual 1/32 Elimination Rnd,ARC,Archery,INV,31/7/2024 18:24,31/7/2024 18:37
Men's Singles Round of 64,TTE,Table Tennis,SP,27/7/2024 20:00,27/7/2024 20:45
Men's Kayak Double 500m Heats,CSP,Canoe Sprint,VN,6/8/2024 11:30,6/8/2024 12:07
Men's Épée Individual Table of 32,FEN,Fencing,GRP,28/7/2024 13:40,28/7/2024 14:05
Men -73 kg Contests for Bronze Medals,JUD,Judo,CDM,29/7/2024 17:06,29/7/2024 17:12
Men's Double Sculls Semifinals,ROW,Rowing,VN,30/7/2024 11:10,30/7/2024 11:17
Women's Semifinals,HBL,Handball,LIL,8/8/2024 16:30,8/8/2024 18:30
Men's Épée Individual Table of 8,FEN,Fencing,GRP,28/7/2024 16:25,28/7/2024 16:50
MFS 65kg Bronze Medal Matches,WRE,Wrestling,CDM,11/8/2024 12:10,11/8/2024 12:20
Women -48 kg Elimination Round of 32,JUD,Judo,CDM,27/7/2024 10:30,27/7/2024 10:36
Men -60 kg Repechage,JUD,Judo,CDM,27/7/2024 16:24,27/7/2024 16:30
Women's Épée Team Finals,FEN,Fencing,GRP,30/7/2024 16:40,30/7/2024 17:30
Women -57 kg Elimination Round of 32,JUD,Judo,CDM,29/7/2024 10:24,29/7/2024 10:30
Men's Individual 1/8 Elimination Round,ARC,Archery,INV,4/8/2024 10:22,4/8/2024 10:35
Women's 54kg - Prelims - Round of 32,BOX,Boxing,NPA,27/7/2024 16:02,27/7/2024 16:13
Men's Round 3,SRF,Surfing,TAH,29/7/2024 21:24,29/7/2024 21:54
Mixed Team Quarterfinals,JUD,Judo,CDM,3/8/2024 12:54,3/8/2024 12:54
Men's Skiff Opening Series,SAL,Sailing,MAM,28/7/2024 14:07,28/7/2024 14:42
Women +67kg Round of 16,TKW,Taekwondo,GRP,10/8/2024 10:22,10/8/2024 10:35
MGR 77kg 1/8 Finals,WRE,Wrestling,CDM,6/8/2024 11:49,6/8/2024 11:56
MGR 67kg 1/8 Finals,WRE,Wrestling,CDM,7/8/2024 11:49,7/8/2024 11:56
Men -66 kg Quarterfinals,JUD,Judo,CDM,28/7/2024 12:12,28/7/2024 12:18
Women -48 kg Elimination Round of 16,JUD,Judo,CDM,27/7/2024 11:48,27/7/2024 11:54
Men's Singles Round of 32,TTE,Table Tennis,SP,30/7/2024 11:00,30/7/2024 12:00
Men -58kg Round of 16,TKW,Taekwondo,GRP,7/8/2024 10:59,7/8/2024 11:11
Women's Windsurfing Opening Series,SAL,Sailing,MAM,30/7/2024 13:35,30/7/2024 13:56
Men's Sabre Individual Table of 32,FEN,Fencing,GRP,27/7/2024 13:20,27/7/2024 13:45
Men's Kayak Single Semifinal,CSL,Canoe Slalom,VN,1/8/2024 15:30,1/8/2024 16:30
Women's Round 2,SRF,Surfing,TAH,28/7/2024 22:00,28/7/2024 22:30
Women's 75kg - Semifinals,BOX,Boxing,RGA,8/8/2024 22:18,8/8/2024 22:29
Women's Uneven Bars Final,GAR,Artistic Gymnastics,BCY,4/8/2024 15:40,4/8/2024 16:21
MGR 77kg 1/8 Finals,WRE,Wrestling,CDM,6/8/2024 11:21,6/8/2024 11:28
Men's Pool Round,BK3,3x3 Basketball,LC,1/8/2024 10:05,1/8/2024 10:30
Women's 200m Backstroke Semifinals,SWM,Swimming,DEF,1/8/2024 21:19,1/8/2024 21:35
MGR 87kg 1/4 Finals,WRE,Wrestling,CDM,7/8/2024 12:24,7/8/2024 12:31
Duet Final,SWA,Artistic Swimming,AQC,9/8/2024 19:30,9/8/2024 21:13
LWT Men's Double Sculls Semifinals,ROW,Rowing,VN,31/7/2024 11:24,31/7/2024 11:31
Men's 200m Individual Medley Final,SWM,Swimming,DEF,2/8/2024 20:45,2/8/2024 20:53
Women's Individual 1/32 Elimination Rnd,ARC,Archery,INV,1/8/2024 12:32,1/8/2024 12:45
Men's Singles Round of 64,TTE,Table Tennis,SP,27/7/2024 21:30,27/7/2024 22:15
Women's Épée Individual Table of 32,FEN,Fencing,GRP,27/7/2024 10:50,27/7/2024 11:15
Men's Singles Round of 16,BDM,Badminton,CPL,1/8/2024 9:40,1/8/2024 11:00
Women's Windsurfing Opening Series,SAL,Sailing,MAM,31/7/2024 12:13,31/7/2024 12:22
Women's Épée Individual Table of 32,FEN,Fencing,GRP,27/7/2024 11:15,27/7/2024 11:40
Men's Foil Team Classifications 5-8,FEN,Fencing,GRP,4/8/2024 13:40,4/8/2024 14:50
Women's Preliminary Round - Pool A,VVO,Volleyball,SP,4/8/2024 17:00,4/8/2024 19:15
Women +78 kg Elimination Round of 32,JUD,Judo,CDM,2/8/2024 10:12,2/8/2024 10:18
Men's Preliminary Round - Group B,WPO,Water Polo,AQC,3/8/2024 10:30,3/8/2024 11:55
Mixed Team 1/8 Elimination Round,ARC,Archery,INV,2/8/2024 10:46,2/8/2024 11:05
Women's Individual,TRI,Triathlon,ALX,31/7/2024 8:00,31/7/2024 10:05
Men's 61kg,WLF,Weightlifting,SP,7/8/2024 15:00,7/8/2024 17:30
Men's Singles Group Play Stage - Grp H,BDM,Badminton,CPL,28/7/2024 14:00,28/7/2024 14:40
WFS 62kg 1/8 Finals,WRE,Wrestling,CDM,9/8/2024 12:03,9/8/2024 12:10
Men's Triple Jump Final,ATH,Athletics,STA,9/8/2024 20:13,9/8/2024 21:38
Women's 54kg - Prelims - Round of 32,BOX,Boxing,NPA,27/7/2024 15:30,27/7/2024 15:41
Women's Round 1,SRF,Surfing,TAH,28/7/2024 4:00,28/7/2024 4:30
"Women's Keirin, Repechages",CTR,Cycling Track,VE1,7/8/2024 15:10,7/8/2024 15:30
Men's Finals,VBV,Beach Volleyball,EIF,10/8/2024 22:30,10/8/2024 23:20
Women -78 kg Quarterfinals,JUD,Judo,CDM,1/8/2024 11:24,1/8/2024 11:30
WFS 57kg Repechage,WRE,Wrestling,CDM,9/8/2024 11:07,9/8/2024 11:14
Women's Team Finals,ARC,Archery,INV,28/7/2024 16:48,28/7/2024 17:11
Women -48 kg Elimination Round of 16,JUD,Judo,CDM,27/7/2024 11:54,27/7/2024 12:00
Women's Kayak Single Final,CSL,Canoe Slalom,VN,28/7/2024 17:45,28/7/2024 18:29
Men's Pool B,RU7,Rugby Sevens,STA,24/7/2024 15:30,24/7/2024 15:46
Men's Doubles Group Play Stage - Grp A,BDM,Badminton,CPL,27/7/2024 9:20,27/7/2024 10:00
Women's Singles Quarterfinals,BDM,Badminton,CPL,3/8/2024 8:30,3/8/2024 9:30
Women's Dinghy Opening Series,SAL,Sailing,MAM,2/8/2024 13:13,2/8/2024 14:04
Women -63 kg Elimination Round of 32,JUD,Judo,CDM,30/7/2024 10:24,30/7/2024 10:30
Women -57 kg Contests for Bronze Medals,JUD,Judo,CDM,29/7/2024 16:54,29/7/2024 17:00
Women +78 kg Elimination Round of 32,JUD,Judo,CDM,2/8/2024 10:30,2/8/2024 10:36
LWT Women's Double Sculls Semifinals,ROW,Rowing,VN,31/7/2024 11:34,31/7/2024 11:41
Men -58kg Qualification Contest,TKW,Taekwondo,GRP,7/8/2024 9:21,7/8/2024 9:33
Men -100 kg Repechage,JUD,Judo,CDM,1/8/2024 16:00,1/8/2024 16:06
Women's Windsurfing Opening Series,SAL,Sailing,MAM,1/8/2024 12:54,1/8/2024 13:15
Women's Singles Group Play Stage - Grp J,BDM,Badminton,CPL,30/7/2024 9:20,30/7/2024 10:00
Mixed Team Elimination Round of 16,JUD,Judo,CDM,3/8/2024 10:06,3/8/2024 10:15
Women's Eight Repechages,ROW,Rowing,VN,1/8/2024 10:10,1/8/2024 10:17
Women's 50kg - Prelims - Round of 16,BOX,Boxing,NPA,1/8/2024 16:02,1/8/2024 16:13
Men's Round of 16,VBV,Beach Volleyball,EIF,4/8/2024 10:00,4/8/2024 10:50
Men's Pool Round,BK3,3x3 Basketball,LC,1/8/2024 22:35,1/8/2024 23:00
Women's Doubles Semifinals,BDM,Badminton,CPL,2/8/2024 8:30,2/8/2024 9:30
Men's Pool A,RU7,Rugby Sevens,STA,24/7/2024 18:00,24/7/2024 18:16
Women's Sabre Individual Table of 32,FEN,Fencing,GRP,29/7/2024 10:25,29/7/2024 10:50
Men's Kayak Double 500m Finals,CSP,Canoe Sprint,VN,9/8/2024 13:20,9/8/2024 13:27
Women's Quarter-finals,HOC,Hockey,YDM,5/8/2024 17:30,5/8/2024 19:15
LWT Women's Double Sculls Finals,ROW,Rowing,VN,2/8/2024 12:22,2/8/2024 12:29
Women's Windsurfing Opening Series,SAL,Sailing,MAM,30/7/2024 12:33,30/7/2024 12:54
Trap Men's Qualification,SHO,Shooting,CTX,30/7/2024 9:00,30/7/2024 12:00
Men's Quarter-finals,RU7,Rugby Sevens,STA,25/7/2024 21:30,25/7/2024 21:46
Men -73 kg Quarterfinals,JUD,Judo,CDM,29/7/2024 12:18,29/7/2024 12:24
Men's Team Finals,TTE,Table Tennis,SP,9/8/2024 15:00,9/8/2024 18:00
Men -66 kg Quarterfinals,JUD,Judo,CDM,28/7/2024 12:00,28/7/2024 12:06
Men's Team Semifinals,TTE,Table Tennis,SP,7/8/2024 20:00,7/8/2024 23:00
Men's Preliminary Round - Group A,WPO,Water Polo,DEF,5/8/2024 21:40,5/8/2024 23:05
Women's Round 1,SRF,Surfing,TAH,28/7/2024 2:12,28/7/2024 2:42
Men's Team Quarterfinals,ARC,Archery,INV,29/7/2024 14:15,29/7/2024 14:38
Women's Team Round of 16,TTE,Table Tennis,SP,5/8/2024 15:00,5/8/2024 18:00
Women -57 kg Elimination Round of 32,JUD,Judo,CDM,29/7/2024 10:30,29/7/2024 10:36
MFS 57kg 1/8 Finals,WRE,Wrestling,CDM,8/8/2024 11:28,8/8/2024 11:35
Women -63 kg Contests for Bronze Medals,JUD,Judo,CDM,30/7/2024 17:12,30/7/2024 17:18
Women's 3m Springboard Semifinal,DIV,Diving,AQC,8/8/2024 10:00,8/8/2024 11:35
Women +67kg Repechages,TKW,Taekwondo,GRP,10/8/2024 19:40,10/8/2024 19:53
Dressage Individual Grand Prix Freestyle,EQU,Equestrian,VER,4/8/2024 10:00,4/8/2024 13:30
Women +67kg Gold Medal Contest,TKW,Taekwondo,GRP,10/8/2024 21:37,10/8/2024 21:52
Men's Canoe Single 1000m Quarterfinals,CSP,Canoe Sprint,VN,7/8/2024 14:40,7/8/2024 15:07
MFS 57kg Bronze Medal Matches,WRE,Wrestling,CDM,9/8/2024 19:25,9/8/2024 19:35
Men's Singles First Round,TEN,Tennis,RGA,28/7/2024 12:00,28/7/2024 16:30
Men -73 kg Elimination Round of 16,JUD,Judo,CDM,29/7/2024 11:42,29/7/2024 11:48
Mixed Multihull Opening Series,SAL,Sailing,MAM,6/8/2024 13:49,6/8/2024 14:24
Women's Épée Individual Table of 16,FEN,Fencing,GRP,27/7/2024 14:10,27/7/2024 14:35
Women's Singles First Round,TEN,Tennis,RGA,28/7/2024 12:00,28/7/2024 16:30
Men's Kite Opening Series,SAL,Sailing,MAM,6/8/2024 12:28,6/8/2024 12:45
Women's Kayak Cross Repechage,CSL,Canoe Slalom,VN,3/8/2024 18:05,3/8/2024 18:30
Men's Doubles Second Round,TEN,Tennis,RGA,30/7/2024 12:00,30/7/2024 18:00
Men -58kg Round of 16,TKW,Taekwondo,GRP,7/8/2024 12:37,7/8/2024 12:49
Women -48 kg Elimination Round of 32,JUD,Judo,CDM,27/7/2024 10:06,27/7/2024 10:12
Women's 66kg - Prelims - Round of 32,BOX,Boxing,NPA,28/7/2024 12:52,28/7/2024 13:03
Men's 51kg - Prelims - Round of 16,BOX,Boxing,NPA,30/7/2024 16:02,30/7/2024 16:13
Men's Group Phase - Group B,BKB,Basketball,LIL,2/8/2024 21:00,2/8/2024 22:45
Women's Group Phase - Group C,BKB,Basketball,LIL,4/8/2024 17:15,4/8/2024 19:00
Men's Kite Opening Series,SAL,Sailing,MAM,4/8/2024 13:28,4/8/2024 13:45
Men -81 kg Quarterfinals,JUD,Judo,CDM,30/7/2024 12:36,30/7/2024 12:42
Men's Kayak Double 500m Semifinals,CSP,Canoe Sprint,VN,9/8/2024 11:10,9/8/2024 11:17
Men's Decathlon High Jump,ATH,Athletics,STA,2/8/2024 18:00,2/8/2024 20:10
Women's Individual 1/32 Elimination Rnd,ARC,Archery,INV,31/7/2024 13:57,31/7/2024 14:10
Men +100 kg Elimination Round of 16,JUD,Judo,CDM,2/8/2024 11:12,2/8/2024 11:18
Skeet Men's Qualification,SHO,Shooting,CTX,2/8/2024 9:30,2/8/2024 14:00
Men's Foil Individual Table of 16,FEN,Fencing,GRP,29/7/2024 14:55,29/7/2024 15:25
Mixed Doubles Round of 16,TTE,Table Tennis,SP,27/7/2024 17:15,27/7/2024 18:00
MGR 97kg 1/4 Finals,WRE,Wrestling,CDM,6/8/2024 12:10,6/8/2024 12:17
"Men's Sprint, Finals",CTR,Cycling Track,VE1,8/8/2024 20:04,8/8/2024 20:09
Men -60 kg Elimination Round of 16,JUD,Judo,CDM,27/7/2024 10:54,27/7/2024 11:00
Men's Pool A,HOC,Hockey,YDM,27/7/2024 10:00,27/7/2024 11:30
Women's Semifinals,WPO,Water Polo,DEF,8/8/2024 14:35,8/8/2024 16:00
Women's 1500m Round 1,ATH,Athletics,STA,6/8/2024 10:05,6/8/2024 10:34
Women's Pool B,HOC,Hockey,YDM,31/7/2024 13:15,31/7/2024 14:45
Women -52 kg Elimination Round of 32,JUD,Judo,CDM,28/7/2024 10:00,28/7/2024 10:06
Men's Single Sculls Finals,ROW,Rowing,VN,3/8/2024 10:06,3/8/2024 10:13
Men's Shot Put Final,ATH,Athletics,STA,3/8/2024 19:35,3/8/2024 20:45
Women's Doubles Group Play Stage - Grp B,BDM,Badminton,CPL,30/7/2024 9:20,30/7/2024 10:00
Women's 57kg - Prelims - Round of 32,BOX,Boxing,NPA,30/7/2024 17:54,30/7/2024 18:05
Men's Singles Round of 64,TTE,Table Tennis,SP,27/7/2024 22:15,27/7/2024 23:00
LWT Women's Double Sculls Heats,ROW,Rowing,VN,28/7/2024 11:30,28/7/2024 11:57
MFS 86kg 1/4 Finals,WRE,Wrestling,CDM,8/8/2024 12:24,8/8/2024 12:31
Women's Épée Team Semifinals,FEN,Fencing,GRP,30/7/2024 15:50,30/7/2024 16:40
Women's Singles Round of 64,TTE,Table Tennis,SP,28/7/2024 20:00,28/7/2024 21:00
WFS 57kg Semifinals,WRE,Wrestling,CDM,8/8/2024 18:50,8/8/2024 18:57
Women's Foil Team Semifinals,FEN,Fencing,GRP,1/8/2024 14:50,1/8/2024 16:00
LWT Women's Double Sculls Finals,ROW,Rowing,VN,31/7/2024 9:42,31/7/2024 9:49
Men's Singles Round of 64,TTE,Table Tennis,SP,29/7/2024 11:00,29/7/2024 12:00
Women's Foil Individual Table of 16,FEN,Fencing,GRP,28/7/2024 14:05,28/7/2024 14:35
Women's Preliminary Round - Group B,WPO,Water Polo,AQC,27/7/2024 15:35,27/7/2024 17:00
Women's Singles Round of 32,TTE,Table Tennis,SP,29/7/2024 21:00,29/7/2024 22:00
Women's Doubles Quarter-finals,TEN,Tennis,RGA,1/8/2024 14:00,1/8/2024 17:00
Mixed Dinghy Opening Series,SAL,Sailing,MAM,3/8/2024 15:45,3/8/2024 16:35
Men's Singles First Round,TEN,Tennis,RGA,28/7/2024 12:00,28/7/2024 16:30
Women's Preliminary Round Group A,HBL,Handball,SP,30/7/2024 9:00,30/7/2024 10:30
Mixed Team Quarterfinals,JUD,Judo,CDM,3/8/2024 12:12,3/8/2024 12:30
Women -78 kg Elimination Round of 16,JUD,Judo,CDM,1/8/2024 10:36,1/8/2024 10:42
Women's Preliminary - Pool B - Matches,VBV,Beach Volleyball,EIF,27/7/2024 18:00,27/7/2024 18:50
MFS 74kg 1/8 Finals,WRE,Wrestling,CDM,9/8/2024 12:10,9/8/2024 12:17
Men's Preliminary - Pool D - Matches,VBV,Beach Volleyball,EIF,1/8/2024 12:00,1/8/2024 12:50
Skeet Women's Training,SHO,Shooting,CTX,2/8/2024 14:15,2/8/2024 17:30
Men's Pool Round,BK3,3x3 Basketball,LC,30/7/2024 19:05,30/7/2024 19:30
Women's Sabre Individual Table of 16,FEN,Fencing,GRP,29/7/2024 14:30,29/7/2024 14:55
Men's 4 x 400m Relay Round 1,ATH,Athletics,STA,9/8/2024 11:05,9/8/2024 11:21
Women's Canoe Double 500m Semifinals,CSP,Canoe Sprint,VN,9/8/2024 10:40,9/8/2024 10:47
WFS 53kg 1/4 Finals,WRE,Wrestling,CDM,7/8/2024 12:10,7/8/2024 12:17
Women -70 kg Quarterfinals,JUD,Judo,CDM,31/7/2024 11:36,31/7/2024 11:42
Women -57 kg Quarterfinals,JUD,Judo,CDM,29/7/2024 12:06,29/7/2024 12:12
Women's Singles First Round,TEN,Tennis,RGA,28/7/2024 12:00,28/7/2024 16:30
Women -63 kg Repechage,JUD,Judo,CDM,30/7/2024 16:24,30/7/2024 16:30
Men's Double Sculls Heats,ROW,Rowing,VN,27/7/2024 11:30,27/7/2024 11:57
Women's Pool B,HOC,Hockey,YDM,3/8/2024 13:15,3/8/2024 14:45
Men's Épée Individual Finals,FEN,Fencing,GRP,28/7/2024 22:15,28/7/2024 22:40
Women's Semifinals,BKB,Basketball,BCY,9/8/2024 17:30,9/8/2024 19:15
Women -57 kg Elimination Round of 16,JUD,Judo,CDM,29/7/2024 11:36,29/7/2024 11:42
Men's Group A,FBL,Football,MRS,27/7/2024 19:00,27/7/2024 20:45
Women's Semifinals,SRF,Surfing,TAH,5/8/2024 23:42,6/8/2024 0:12
Men's 200m Backstroke - Heats,SWM,Swimming,DEF,31/7/2024 11:21,31/7/2024 11:46
MFS 97kg 1/8 Finals,WRE,Wrestling,CDM,10/8/2024 12:03,10/8/2024 12:10
Men's Preliminary Round - Pool C,VVO,Volleyball,SP,31/7/2024 13:00,31/7/2024 15:15
Men's 71kg - Prelims - Round of 16,BOX,Boxing,NPA,31/7/2024 21:04,31/7/2024 21:15
Women's Quad. Sculls Finals,ROW,Rowing,VN,31/7/2024 12:38,31/7/2024 12:45
B-Girls Quarterfinals,BKG,Breaking,LC,9/8/2024 20:07,9/8/2024 20:14
Women's Doubles Group Play Stage - Grp B,BDM,Badminton,CPL,28/7/2024 15:40,28/7/2024 16:20
Women's Preliminary - Pool C - Matches,VBV,Beach Volleyball,EIF,31/7/2024 15:00,31/7/2024 15:50
Group All-Around Qualification,GRY,Rhythmic Gymnastics,CPL,9/8/2024 10:00,9/8/2024 11:16
Women's Quarterfinals,BKB,Basketball,BCY,7/8/2024 21:30,7/8/2024 23:15
Women -49kg Round of 16,TKW,Taekwondo,GRP,7/8/2024 11:11,7/8/2024 11:24
Men's Singles Group Play Stage - Grp A,BDM,Badminton,CPL,27/7/2024 11:00,27/7/2024 12:00
Women's Pool A,HOC,Hockey,YDM,2/8/2024 10:00,2/8/2024 11:30
Men's Singles Quarterfinals,BDM,Badminton,CPL,2/8/2024 21:05,2/8/2024 22:30
Women's Preliminary - Pool D - Matches,VBV,Beach Volleyball,EIF,3/8/2024 11:00,3/8/2024 11:50
Men +80kg Round of 16,TKW,Taekwondo,GRP,10/8/2024 10:10,10/8/2024 10:22
Women's Skiff Opening Series,SAL,Sailing,MAM,29/7/2024 13:35,29/7/2024 14:10
Men's 63.5kg - Quarterfinals,BOX,Boxing,NPA,1/8/2024 21:36,1/8/2024 21:47
Women's Individual 1/32 Elimination Rnd,ARC,Archery,INV,30/7/2024 15:15,30/7/2024 15:28
Mixed Team 1/8 Elimination Round,ARC,Archery,INV,2/8/2024 11:05,2/8/2024 11:24
Men -68kg Semifinals,TKW,Taekwondo,GRP,8/8/2024 16:50,8/8/2024 17:03
Men's Group A,FBL,Football,MRS,24/7/2024 21:00,24/7/2024 22:45
Men's Kite Semifinals,SAL,Sailing,MAM,8/8/2024 15:27,8/8/2024 15:33
Men's 51kg - Prelims - Round of 16,BOX,Boxing,NPA,30/7/2024 11:00,30/7/2024 11:11
Men's Decathlon 110m Hurdles,ATH,Athletics,STA,3/8/2024 10:05,3/8/2024 10:22
Men's Singles Quarter-finals,TEN,Tennis,RGA,1/8/2024 19:00,1/8/2024 20:30
Women -49kg Round of 16,TKW,Taekwondo,GRP,7/8/2024 9:58,7/8/2024 10:10
Women's Quarterfinals,HBL,Handball,LIL,6/8/2024 13:30,6/8/2024 15:00
Women's Épée Individual Finals,FEN,Fencing,GRP,27/7/2024 20:40,27/7/2024 21:05
WFS 50kg Bronze Medal Matches,WRE,Wrestling,CDM,7/8/2024 19:46,7/8/2024 19:53
Men's Individual 1/32 Elimination Round,ARC,Archery,INV,1/8/2024 19:37,1/8/2024 19:50
MGR 60kg Repechage,WRE,Wrestling,CDM,6/8/2024 11:07,6/8/2024 11:14
Women -70 kg Repechage,JUD,Judo,CDM,31/7/2024 16:06,31/7/2024 16:12
Women's 66kg - Quarterfinals,BOX,Boxing,NPA,3/8/2024 21:52,3/8/2024 22:03
Women -52 kg Quarterfinals,JUD,Judo,CDM,28/7/2024 12:06,28/7/2024 12:12
Men's Épée Individual Table of 16,FEN,Fencing,GRP,28/7/2024 15:05,28/7/2024 15:30
Men's Épée Individual Table of 32,FEN,Fencing,GRP,28/7/2024 13:40,28/7/2024 14:05
Women's 50kg - Prelims - Round of 32,BOX,Boxing,NPA,28/7/2024 12:36,28/7/2024 12:47
Women -57 kg Quarterfinals,JUD,Judo,CDM,29/7/2024 12:12,29/7/2024 12:18
Women's Pool A,HOC,Hockey,YDM,31/7/2024 17:00,31/7/2024 18:30
Men's Preliminary Round - Group B,WPO,Water Polo,AQC,1/8/2024 15:00,1/8/2024 16:25
Women's 50kg - Semifinals,BOX,Boxing,RGA,6/8/2024 22:18,6/8/2024 22:29
Women -63 kg Elimination Round of 16,JUD,Judo,CDM,30/7/2024 11:42,30/7/2024 11:48
"Women's Team Pursuit, First Round",CTR,Cycling Track,VE1,7/8/2024 13:52,7/8/2024 14:30
Men -90 kg Elimination Round of 16,JUD,Judo,CDM,31/7/2024 12:00,31/7/2024 12:06
Men's Individual 1/8 Elimination Round,ARC,Archery,INV,4/8/2024 10:35,4/8/2024 10:48
Mixed Team Repechage,JUD,Judo,CDM,3/8/2024 13:36,3/8/2024 13:36
Women -57 kg Contests for Bronze Medals,JUD,Judo,CDM,29/7/2024 16:48,29/7/2024 16:54
Men's Individual Semi-finals,MPN,Modern Pentathlon,VER,9/8/2024 17:00,9/8/2024 17:35
Women's Team Quarterfinals,ARC,Archery,INV,28/7/2024 14:38,28/7/2024 15:01
Men's Singles First Round,TEN,Tennis,RGA,28/7/2024 12:00,28/7/2024 18:00
Men's Individual Semi-finals,MPN,Modern Pentathlon,VER,9/8/2024 17:40,9/8/2024 18:00
Men's Individual 1/32 Elimination Round,ARC,Archery,INV,1/8/2024 9:43,1/8/2024 9:56
Men's 1500m Semi-Final,ATH,Athletics,STA,4/8/2024 21:10,4/8/2024 21:24
Women's Round of 16,VBV,Beach Volleyball,EIF,4/8/2024 22:00,4/8/2024 22:50
Women's 200m Backstroke Final,SWM,Swimming,DEF,2/8/2024 20:37,2/8/2024 20:45
Women's Quarterfinals,WPO,Water Polo,DEF,6/8/2024 19:00,6/8/2024 20:25
Women's Group B,FBL,Football,MRS,25/7/2024 19:00,25/7/2024 20:45
Men's Sabre Individual Table of 32,FEN,Fencing,GRP,27/7/2024 12:55,27/7/2024 13:20
Women -52 kg Quarterfinals,JUD,Judo,CDM,28/7/2024 11:48,28/7/2024 11:54
Women's Foil Individual Table of 16,FEN,Fencing,GRP,28/7/2024 14:35,28/7/2024 15:05
Women's 66kg - Prelims - Round of 16,BOX,Boxing,NPA,1/8/2024 12:20,1/8/2024 12:31
Men's Singles Quarterfinals,TTE,Table Tennis,SP,1/8/2024 21:00,1/8/2024 22:00
Men's Foil Individual Table of 32,FEN,Fencing,GRP,29/7/2024 13:35,29/7/2024 14:05
Men's 63.5kg - Prelims - Round of 32,BOX,Boxing,NPA,27/7/2024 21:36,27/7/2024 21:47
Men -80kg Round of 16,TKW,Taekwondo,GRP,9/8/2024 12:13,9/8/2024 12:25
Women's Singles Second Round,TEN,Tennis,RGA,29/7/2024 12:00,29/7/2024 15:00
Women's Preliminary Round - Pool A,VVO,Volleyball,SP,29/7/2024 17:00,29/7/2024 19:15
Men -81 kg Contests for Bronze Medals,JUD,Judo,CDM,30/7/2024 16:48,30/7/2024 16:54
Women's Pool A,HOC,Hockey,YDM,29/7/2024 20:15,29/7/2024 21:45
Men's Team Quarterfinals,ARC,Archery,INV,29/7/2024 15:01,29/7/2024 15:24
Women's Singles Second Round,TEN,Tennis,RGA,29/7/2024 12:00,29/7/2024 15:00
Women's Doubles First Round,TEN,Tennis,RGA,29/7/2024 12:00,29/7/2024 16:30
Women's Kayak Single 500m Finals,CSP,Canoe Sprint,VN,10/8/2024 12:40,10/8/2024 12:47
Men's Single Sculls Semifinals,ROW,Rowing,VN,29/7/2024 9:42,29/7/2024 9:49
MGR 60kg 1/8 Finals,WRE,Wrestling,CDM,5/8/2024 15:14,5/8/2024 15:21
WFS 68kg Repechage,WRE,Wrestling,CDM,6/8/2024 11:00,6/8/2024 11:07
Women's Singles Semifinals,TTE,Table Tennis,SP,2/8/2024 13:30,2/8/2024 14:30
Men's 5000m Final,ATH,Athletics,STA,10/8/2024 19:50,10/8/2024 20:05
Men's Doubles Group Play Stage - Grp D,BDM,Badminton,CPL,31/7/2024 14:00,31/7/2024 14:40
Men -100 kg Elimination Round of 32,JUD,Judo,CDM,1/8/2024 10:00,1/8/2024 10:06
Women's Individual 1/16 Elimination Rnd,ARC,Archery,INV,1/8/2024 20:29,1/8/2024 20:42
Men's Pool Round,BK3,3x3 Basketball,LC,4/8/2024 17:30,4/8/2024 17:55
Mixed Relay,TRI,Triathlon,ALX,5/8/2024 8:00,5/8/2024 9:30
Men's 800m Semi-Final,ATH,Athletics,STA,9/8/2024 11:30,9/8/2024 11:52
LWT Women's Double Sculls Repechages,ROW,Rowing,VN,29/7/2024 11:00,29/7/2024 11:17
Men's 4 x 400m Relay Final,ATH,Athletics,STA,10/8/2024 21:00,10/8/2024 21:03
Men's Individual Quarterfinals,ARC,Archery,INV,4/8/2024 13:26,4/8/2024 13:39
Men's Singles Second Round,TEN,Tennis,RGA,29/7/2024 12:00,29/7/2024 15:00
Women -70 kg Semifinals,JUD,Judo,CDM,31/7/2024 16:12,31/7/2024 16:18
Men's Doubles First Round,TEN,Tennis,RGA,28/7/2024 12:00,28/7/2024 21:00
Men's Individual 1/32 Elimination Round,ARC,Archery,INV,30/7/2024 19:03,30/7/2024 19:16
Men -58kg Round of 16,TKW,Taekwondo,GRP,7/8/2024 9:46,7/8/2024 9:58
Men's Kayak Cross Heats,CSL,Canoe Slalom,VN,4/8/2024 15:30,4/8/2024 16:10
Men's Pool B,HOC,Hockey,YDM,29/7/2024 12:45,29/7/2024 14:15
Men's Canoe Single Semifinal,CSL,Canoe Slalom,VN,29/7/2024 15:30,29/7/2024 16:24
Men's Individual Semi-finals,MPN,Modern Pentathlon,VER,9/8/2024 14:40,9/8/2024 15:00
MGR 67kg 1/4 Finals,WRE,Wrestling,CDM,7/8/2024 12:31,7/8/2024 12:38
Men's 63.5kg - Prelims - Round of 16,BOX,Boxing,NPA,29/7/2024 11:48,29/7/2024 11:59
Men's Windsurfing Opening Series,SAL,Sailing,MAM,31/7/2024 16:46,31/7/2024 16:55
Women's Singles Group Play Stage - Grp C,BDM,Badminton,CPL,29/7/2024 19:30,29/7/2024 20:10
Men's Preliminary Round Group A,HBL,Handball,SP,29/7/2024 11:00,29/7/2024 12:30
Women -57kg Quarterfinals,TKW,Taekwondo,GRP,8/8/2024 14:53,8/8/2024 15:06
Women's 50kg - Prelims - Round of 32,BOX,Boxing,NPA,28/7/2024 12:20,28/7/2024 12:31
Men's Sabre Individual Table of 16,FEN,Fencing,GRP,27/7/2024 15:25,27/7/2024 15:50
B-Girls Round Robin - Group C,BKG,Breaking,LC,9/8/2024 16:19,9/8/2024 16:25
Women's Épée Individual Table of 32,FEN,Fencing,GRP,27/7/2024 10:50,27/7/2024 11:15
MFS 97kg 1/4 Finals,WRE,Wrestling,CDM,10/8/2024 12:31,10/8/2024 12:38
Men's Windsurfing Opening Series,SAL,Sailing,MAM,1/8/2024 19:30,1/8/2024 19:51
Women's Kite Final,SAL,Sailing,MAM,8/8/2024 17:13,8/8/2024 17:19
Women's Singles Round of 64,TTE,Table Tennis,SP,29/7/2024 11:00,29/7/2024 12:00
Women's 100m Hurdles Repechage Round,ATH,Athletics,STA,8/8/2024 10:35,8/8/2024 10:52
Mixed Doubles Group Play Stage - Grp B,BDM,Badminton,CPL,27/7/2024 10:10,27/7/2024 10:50
MFS 125kg 1/8 Finals,WRE,Wrestling,CDM,9/8/2024 11:56,9/8/2024 12:03
Women's Singles Group Play Stage - Grp L,BDM,Badminton,CPL,30/7/2024 16:30,30/7/2024 17:10
Men's Preliminary - Pool C - Matches,VBV,Beach Volleyball,EIF,1/8/2024 9:00,1/8/2024 9:50
B-Boys Round Robin - Group C,BKG,Breaking,LC,10/8/2024 18:08,10/8/2024 18:14
Men -60 kg Elimination Round of 32,JUD,Judo,CDM,27/7/2024 10:24,27/7/2024 10:30
Women's Dinghy Opening Series,SAL,Sailing,MAM,1/8/2024 15:35,1/8/2024 16:26
Women's Épée Individual Table of 16,FEN,Fencing,GRP,27/7/2024 14:35,27/7/2024 15:00
Women's Canoe Single Semifinal,CSL,Canoe Slalom,VN,31/7/2024 15:30,31/7/2024 16:24
Men -73 kg Elimination Round of 16,JUD,Judo,CDM,29/7/2024 11:24,29/7/2024 11:30
Men's Singles Round of 64,TTE,Table Tennis,SP,28/7/2024 12:15,28/7/2024 13:00
Men +80kg Round of 16,TKW,Taekwondo,GRP,10/8/2024 11:48,10/8/2024 12:00
Men's Singles Group Play Stage - Grp N,BDM,Badminton,CPL,30/7/2024 19:30,30/7/2024 20:10
Men -100 kg Elimination Round of 32,JUD,Judo,CDM,1/8/2024 10:30,1/8/2024 10:36
Mixed Doubles Finals,BDM,Badminton,CPL,2/8/2024 15:00,2/8/2024 16:00
Women +67kg Quarterfinals,TKW,Taekwondo,GRP,10/8/2024 14:53,10/8/2024 15:06
Mixed Doubles Quarter-finals,TEN,Tennis,RGA,31/7/2024 13:00,31/7/2024 19:00
Women -48 kg Elimination Round of 32,JUD,Judo,CDM,27/7/2024 10:36,27/7/2024 10:42
Men -90 kg Elimination Round of 16,JUD,Judo,CDM,31/7/2024 11:36,31/7/2024 11:42
Men's Pole Vault Final,ATH,Athletics,STA,5/8/2024 19:00,5/8/2024 21:27
Men's Semifinals,VBV,Beach Volleyball,EIF,8/8/2024 18:00,8/8/2024 18:50
Men's Singles Semifinals,TTE,Table Tennis,SP,2/8/2024 11:00,2/8/2024 12:00
WFS 62kg 1/4 Finals,WRE,Wrestling,CDM,9/8/2024 12:10,9/8/2024 12:17
Women's Kite Final,SAL,Sailing,MAM,8/8/2024 17:04,8/8/2024 17:10
Men -60 kg Elimination Round of 32,JUD,Judo,CDM,27/7/2024 10:12,27/7/2024 10:18
Men's Singles Round of 32,TTE,Table Tennis,SP,31/7/2024 11:00,31/7/2024 12:00
Women's Kayak Double 500m Quarterfinals,CSP,Canoe Sprint,VN,6/8/2024 14:10,6/8/2024 14:27
Women's Foil Team Classifications 5-8,FEN,Fencing,GRP,1/8/2024 13:40,1/8/2024 14:50
Women's Pool A,RU7,Rugby Sevens,STA,28/7/2024 21:00,28/7/2024 21:16
MGR 87kg 1/4 Finals,WRE,Wrestling,CDM,7/8/2024 12:31,7/8/2024 12:38
Men's Preliminary - Pool D - Matches,VBV,Beach Volleyball,EIF,30/7/2024 15:00,30/7/2024 15:50
WFS 50kg 1/8 Finals,WRE,Wrestling,CDM,6/8/2024 11:35,6/8/2024 11:42
Women's 50kg - Prelims - Round of 16,BOX,Boxing,NPA,1/8/2024 20:16,1/8/2024 20:27
Men's Kite Semifinals,SAL,Sailing,MAM,8/8/2024 14:33,8/8/2024 14:39
Women +78 kg Semifinals,JUD,Judo,CDM,2/8/2024 16:18,2/8/2024 16:24
Women's Team Quarterfinals,TTE,Table Tennis,SP,6/8/2024 15:00,6/8/2024 18:00
Women's 400m Hurdles Round 1,ATH,Athletics,STA,4/8/2024 12:35,4/8/2024 13:08
Men's Team 1/8 Elimination Round,ARC,Archery,INV,29/7/2024 9:53,29/7/2024 10:16
Women -70 kg Elimination Round of 32,JUD,Judo,CDM,31/7/2024 10:12,31/7/2024 10:18
Men's Floor Exercise Final,GAR,Artistic Gymnastics,BCY,3/8/2024 15:30,3/8/2024 16:05
Women's Individual 1/16 Elimination Rnd,ARC,Archery,INV,31/7/2024 15:41,31/7/2024 15:54
MGR 87kg Bronze Medal Matches,WRE,Wrestling,CDM,8/8/2024 19:18,8/8/2024 19:25
Women's Singles Round of 32,TTE,Table Tennis,SP,31/7/2024 12:00,31/7/2024 13:00
Men's Preliminary Round - Pool C,VVO,Volleyball,SP,2/8/2024 21:00,2/8/2024 23:15
Women -63 kg Elimination Round of 16,JUD,Judo,CDM,30/7/2024 11:54,30/7/2024 12:00
Women's 75kg - Prelims - Round of 16,BOX,Boxing,NPA,31/7/2024 17:22,31/7/2024 17:33
Men -58kg Round of 16,TKW,Taekwondo,GRP,7/8/2024 12:13,7/8/2024 12:25
Men's Quarterfinals,BKB,Basketball,BCY,6/8/2024 21:30,6/8/2024 23:15
Women's Quarterfinals,VVO,Volleyball,SP,6/8/2024 17:00,6/8/2024 19:15
Women's Finals,RU7,Rugby Sevens,STA,30/7/2024 16:30,30/7/2024 16:46
Men's Singles First Round,TEN,Tennis,RGA,27/7/2024 12:00,27/7/2024 16:30
"Men's Sprint, 1/16 Finals",CTR,Cycling Track,VE1,7/8/2024 17:30,7/8/2024 18:04
Women's Quarterfinals,SRF,Surfing,TAH,2/8/2024 2:48,2/8/2024 3:18
Men's Group Phase - Group A,BKB,Basketball,LIL,30/7/2024 13:30,30/7/2024 15:15
Men's Pair Semifinals,ROW,Rowing,VN,31/7/2024 10:34,31/7/2024 10:41
Men's Kite Opening Series,SAL,Sailing,MAM,7/8/2024 13:13,7/8/2024 13:30
Men's Semifinals,BKB,Basketball,BCY,8/8/2024 21:00,8/8/2024 22:45
Men's 3m Springboard Semifinal,DIV,Diving,AQC,7/8/2024 10:00,7/8/2024 11:54
Women -63 kg Quarterfinals,JUD,Judo,CDM,30/7/2024 12:24,30/7/2024 12:30
Men's 10m Platform Final,DIV,Diving,AQC,10/8/2024 15:00,10/8/2024 16:20
Men's Four Repechages,ROW,Rowing,VN,30/7/2024 11:40,30/7/2024 11:47
Men's Foil Individual Semifinals,FEN,Fencing,GRP,29/7/2024 19:50,29/7/2024 20:20
Men -66 kg Semifinals,JUD,Judo,CDM,28/7/2024 16:18,28/7/2024 16:24
Women's Singles Group Play Stage - Grp K,BDM,Badminton,CPL,31/7/2024 8:30,31/7/2024 9:10
Women's Individual 1/32 Elimination Rnd,ARC,Archery,INV,31/7/2024 12:26,31/7/2024 12:39
Mixed Team Elimination Round of 16,JUD,Judo,CDM,3/8/2024 9:24,3/8/2024 9:24
Women -49kg Round of 16,TKW,Taekwondo,GRP,7/8/2024 12:25,7/8/2024 12:37
Men's 80kg - Semifinals,BOX,Boxing,NPA,4/8/2024 17:22,4/8/2024 17:33
Women's Épée Individual Table of 8,FEN,Fencing,GRP,27/7/2024 15:50,27/7/2024 16:15
Women's Group Phase - Group B,BKB,Basketball,LIL,29/7/2024 11:00,29/7/2024 12:45
Mixed Team 1/8 Elimination Round,ARC,Archery,INV,2/8/2024 10:27,2/8/2024 10:46
Men's Individual 1/32 Elimination Round,ARC,Archery,INV,31/7/2024 14:49,31/7/2024 15:02
Men's 400m Final,ATH,Athletics,STA,7/8/2024 21:20,7/8/2024 21:21
Women's 66kg - Prelims - Round of 32,BOX,Boxing,NPA,28/7/2024 21:52,28/7/2024 22:03
Women's Singles First Round,TEN,Tennis,RGA,28/7/2024 12:00,28/7/2024 16:30
Men's Preliminary Round - Group B,WPO,Water Polo,AQC,30/7/2024 21:05,30/7/2024 22:30
Women's 75kg - Quarterfinals,BOX,Boxing,NPA,4/8/2024 11:48,4/8/2024 11:59
Women's Individual 1/32 Elimination Rnd,ARC,Archery,INV,30/7/2024 18:11,30/7/2024 18:24
Women's Individual 1/8 Elimination Round,ARC,Archery,INV,3/8/2024 9:43,3/8/2024 9:56
Men's Singles Second Round,TEN,Tennis,RGA,30/7/2024 12:00,30/7/2024 15:00
Men's Quarter-finals,RU7,Rugby Sevens,STA,25/7/2024 22:00,25/7/2024 22:16
Men's Singles Quarter-finals,TEN,Tennis,RGA,1/8/2024 12:00,1/8/2024 16:30
Men's Quarterfinals,SRF,Surfing,TAH,2/8/2024 1:36,2/8/2024 2:06
"Men's Team Sprint, Finals",CTR,Cycling Track,VE1,6/8/2024 20:10,6/8/2024 20:14
Men +100 kg Contests for Bronze Medals,JUD,Judo,CDM,2/8/2024 17:06,2/8/2024 17:12
Women -48 kg Semifinals,JUD,Judo,CDM,27/7/2024 16:12,27/7/2024 16:18
Women's Single Sculls Semifinals,ROW,Rowing,VN,31/7/2024 10:14,31/7/2024 10:21
Women's 100m Round 1,ATH,Athletics,STA,2/8/2024 11:50,2/8/2024 12:39
Men's Individual 1/32 Elimination Round,ARC,Archery,INV,1/8/2024 9:30,1/8/2024 9:43
Men's Single Sculls Semifinals,ROW,Rowing,VN,1/8/2024 9:50,1/8/2024 9:57
"Women's Sprint, Qualifying",CTR,Cycling Track,VE1,9/8/2024 14:00,9/8/2024 14:41
Dressage Team Grand Prix,EQU,Equestrian,VER,30/7/2024 11:00,30/7/2024 16:30
Men -73 kg Quarterfinals,JUD,Judo,CDM,29/7/2024 12:24,29/7/2024 12:30
Women -57 kg Elimination Round of 16,JUD,Judo,CDM,29/7/2024 11:18,29/7/2024 11:24
Women's Qualification,GAR,Artistic Gymnastics,BCY,28/7/2024 14:50,28/7/2024 16:29
Men's Street Final,SKB,Skateboarding,LC,29/7/2024 17:00,29/7/2024 18:30
Men -80kg Repechages,TKW,Taekwondo,GRP,9/8/2024 19:40,9/8/2024 19:53
Women's Dinghy Opening Series,SAL,Sailing,MAM,3/8/2024 12:05,3/8/2024 12:56
Women's Kite Semifinals,SAL,Sailing,MAM,8/8/2024 14:54,8/8/2024 15:00
Women's Singles Round of 32,TTE,Table Tennis,SP,30/7/2024 10:00,30/7/2024 11:00
MGR 77kg 1/8 Finals,WRE,Wrestling,CDM,6/8/2024 11:35,6/8/2024 11:42
Women's Marathon Final,ATH,Athletics,INV,11/8/2024 8:00,11/8/2024 11:15
Women's Kayak Four 500m Finals,CSP,Canoe Sprint,VN,8/8/2024 13:40,8/8/2024 13:47
Mixed Dinghy Opening Series,SAL,Sailing,MAM,4/8/2024 13:12,4/8/2024 14:02
Mixed Multihull Medal Race,SAL,Sailing,MAM,8/8/2024 12:18,8/8/2024 12:40
Women's Singles First Round,TEN,Tennis,RGA,28/7/2024 12:00,28/7/2024 19:30
Women's Épée Individual Table of 16,FEN,Fencing,GRP,27/7/2024 14:10,27/7/2024 14:35
Men -90 kg Quarterfinals,JUD,Judo,CDM,31/7/2024 12:18,31/7/2024 12:24
Men's 57kg - Prelims - Round of 16,BOX,Boxing,NPA,31/7/2024 11:00,31/7/2024 11:11
Men's Sabre Individual Finals,FEN,Fencing,GRP,27/7/2024 21:55,27/7/2024 22:20
Men's Kite Opening Series,SAL,Sailing,MAM,7/8/2024 16:00,7/8/2024 16:17
Men's 92kg - Prelims - Round of 16,BOX,Boxing,NPA,28/7/2024 16:18,28/7/2024 16:29
Men's Singles First Round,TEN,Tennis,RGA,28/7/2024 12:00,28/7/2024 18:00
Women -48 kg Repechage,JUD,Judo,CDM,27/7/2024 16:06,27/7/2024 16:12
Men's Kayak Four 500m Quarterfinals,CSP,Canoe Sprint,VN,6/8/2024 13:10,6/8/2024 13:17
Women's Group Phase - Group A,BKB,Basketball,LIL,28/7/2024 21:00,28/7/2024 22:45
Women +78 kg Elimination Round of 32,JUD,Judo,CDM,2/8/2024 10:06,2/8/2024 10:12
MGR 87kg Semifinals,WRE,Wrestling,CDM,7/8/2024 18:29,7/8/2024 18:36
Women's 66kg - Final,BOX,Boxing,RGA,9/8/2024 22:51,9/8/2024 23:02
Women's Singles Round of 64,TTE,Table Tennis,SP,28/7/2024 20:00,28/7/2024 21:00
Men's 102kg,WLF,Weightlifting,SP,10/8/2024 11:30,10/8/2024 14:00
Men's 71kg - Quarterfinals,BOX,Boxing,NPA,3/8/2024 20:32,3/8/2024 20:43
Women's Doubles Group Play Stage - Grp A,BDM,Badminton,CPL,27/7/2024 11:00,27/7/2024 12:00
Men -60 kg Semifinals,JUD,Judo,CDM,27/7/2024 16:36,27/7/2024 16:42
Men's 400m Individual Medley - Heats,SWM,Swimming,DEF,28/7/2024 11:15,28/7/2024 11:27
Men's 71kg - Prelims - Round of 32,BOX,Boxing,NPA,28/7/2024 11:32,28/7/2024 11:43
Men's Windsurfing Opening Series,SAL,Sailing,MAM,1/8/2024 18:28,1/8/2024 18:49
Men's Placing 5-8,RU7,Rugby Sevens,STA,27/7/2024 14:30,27/7/2024 14:46
Women's Kite Semifinals,SAL,Sailing,MAM,8/8/2024 15:26,8/8/2024 15:32
Women's Pool A,HOC,Hockey,YDM,31/7/2024 20:15,31/7/2024 21:45
Mixed Doubles Group Play Stage - Grp A,BDM,Badminton,CPL,29/7/2024 9:20,29/7/2024 10:00
Mixed Multihull Opening Series,SAL,Sailing,MAM,4/8/2024 16:37,4/8/2024 17:12
Men's Quarter-finals,HOC,Hockey,YDM,4/8/2024 12:30,4/8/2024 14:15
"Men's Keirin, First Round",CTR,Cycling Track,VE1,10/8/2024 17:19,10/8/2024 17:50
Men -100 kg Elimination Round of 16,JUD,Judo,CDM,1/8/2024 11:18,1/8/2024 11:24
Mixed Dinghy Medal Race,SAL,Sailing,MAM,8/8/2024 11:43,8/8/2024 12:03
Women's Foil Individual Table of 8,FEN,Fencing,GRP,28/7/2024 15:55,28/7/2024 16:25
Women's Pool B,HOC,Hockey,YDM,31/7/2024 10:30,31/7/2024 12:00
Men's 200m Backstroke Final,SWM,Swimming,DEF,1/8/2024 20:38,1/8/2024 20:46
Men -90 kg Elimination Round of 32,JUD,Judo,CDM,31/7/2024 10:18,31/7/2024 10:24
B-Boys Round Robin - Group C,BKG,Breaking,LC,10/8/2024 18:02,10/8/2024 18:08
Men's 92kg - Final,BOX,Boxing,RGA,9/8/2024 22:34,9/8/2024 22:45
Women +78 kg Quarterfinals,JUD,Judo,CDM,2/8/2024 11:54,2/8/2024 12:00
Men's Canoe Single Final,CSL,Canoe Slalom,VN,29/7/2024 17:20,29/7/2024 18:04
"Women's Sprint, Quarterfinals",CTR,Cycling Track,VE1,10/8/2024 19:49,10/8/2024 20:03
Women's Dinghy Medal Race,SAL,Sailing,MAM,7/8/2024 12:13,7/8/2024 12:33
Women's Doubles Group Play Stage - Grp C,BDM,Badminton,CPL,27/7/2024 20:20,27/7/2024 21:00
Men's Skiff Opening Series,SAL,Sailing,MAM,30/7/2024 14:35,30/7/2024 15:10
Men's 100m Backstroke - Heats,SWM,Swimming,DEF,28/7/2024 11:43,28/7/2024 11:59
MGR 130kg 1/4 Finals,WRE,Wrestling,CDM,5/8/2024 15:56,5/8/2024 16:03
WFS 68kg Semifinals,WRE,Wrestling,CDM,5/8/2024 21:35,5/8/2024 21:42
Women's Preliminary Round - Pool C,VVO,Volleyball,SP,3/8/2024 9:00,3/8/2024 11:15
Men -90 kg Elimination Round of 32,JUD,Judo,CDM,31/7/2024 10:12,31/7/2024 10:18
Women -63 kg Contests for Bronze Medals,JUD,Judo,CDM,30/7/2024 17:06,30/7/2024 17:12
Women's Qualification,GAR,Artistic Gymnastics,BCY,28/7/2024 9:30,28/7/2024 11:06
Women +78 kg Elimination Round of 32,JUD,Judo,CDM,2/8/2024 10:18,2/8/2024 10:24
Women's 10m Platform Preliminary,DIV,Diving,AQC,5/8/2024 10:00,5/8/2024 12:13
Men -58kg Bronze Medal Contests,TKW,Taekwondo,GRP,7/8/2024 20:34,7/8/2024 20:49
B-Girls Round Robin - Group A,BKG,Breaking,LC,9/8/2024 16:43,9/8/2024 16:49
Men's Group Phase - Group A,BKB,Basketball,LIL,2/8/2024 17:15,2/8/2024 19:00
Women's Pool B,RU7,Rugby Sevens,STA,28/7/2024 19:30,28/7/2024 19:46
Men +100 kg Elimination Round of 32,JUD,Judo,CDM,2/8/2024 10:00,2/8/2024 10:06
Women's Doubles First Round,TEN,Tennis,RGA,28/7/2024 12:00,28/7/2024 19:30
MGR 77kg 1/8 Finals,WRE,Wrestling,CDM,6/8/2024 12:03,6/8/2024 12:10
Men -60 kg Contests for Bronze Medals,JUD,Judo,CDM,27/7/2024 17:06,27/7/2024 17:12
Women's Sabre Individual Table of 32,FEN,Fencing,GRP,29/7/2024 11:15,29/7/2024 11:40
Men's Placing 9-12,RU7,Rugby Sevens,STA,25/7/2024 20:00,25/7/2024 20:16
Women's Épée Individual Table of 32,FEN,Fencing,GRP,27/7/2024 12:05,27/7/2024 12:30
Women's Singles Round of 64,TTE,Table Tennis,SP,28/7/2024 22:00,28/7/2024 23:00
Mixed Doubles Group Play Stage - Grp D,BDM,Badminton,CPL,29/7/2024 8:30,29/7/2024 9:10
Women's Individual 1/32 Elimination Rnd,ARC,Archery,INV,30/7/2024 12:26,30/7/2024 12:39
Women's 400m Freestyle Final,SWM,Swimming,DEF,27/7/2024 20:52,27/7/2024 21:02
Women's 4 x 100m Freestyle Relay Final,SWM,Swimming,DEF,27/7/2024 21:34,27/7/2024 21:44
Men +80kg Round of 16,TKW,Taekwondo,GRP,10/8/2024 9:21,10/8/2024 9:33
Men's Singles Group Play Stage - Grp J,BDM,Badminton,CPL,28/7/2024 15:40,28/7/2024 16:20
Women's Singles Second Round,TEN,Tennis,RGA,29/7/2024 12:00,29/7/2024 15:00
Women's Preliminary - Pool B - Matches,VBV,Beach Volleyball,EIF,29/7/2024 11:00,29/7/2024 11:50
Men's Pool Round,BK3,3x3 Basketball,LC,2/8/2024 19:05,2/8/2024 19:30
Women's Pool B,HOC,Hockey,YDM,29/7/2024 17:00,29/7/2024 18:30
Women's Group C,FBL,Football,NAN,28/7/2024 19:00,28/7/2024 20:45
Men -100 kg Final,JUD,Judo,CDM,1/8/2024 17:00,1/8/2024 17:06
Men -80kg Repechages,TKW,Taekwondo,GRP,9/8/2024 20:06,9/8/2024 20:19
Women's Singles Round of 64,TTE,Table Tennis,SP,28/7/2024 10:45,28/7/2024 11:30
Men's Individual Stroke Play,GLF,Golf,LGN,2/8/2024 9:00,2/8/2024 18:00
Women's Park Final,BMF,Cycling BMX Freestyle,LC,31/7/2024 13:10,31/7/2024 14:05
Women's Singles First Round,TEN,Tennis,RGA,28/7/2024 12:00,28/7/2024 16:30
Men's 100m Final,ATH,Athletics,STA,4/8/2024 21:50,4/8/2024 21:51
Women -57 kg Elimination Round of 16,JUD,Judo,CDM,29/7/2024 11:48,29/7/2024 11:54
Women's Kite Opening Series,SAL,Sailing,MAM,4/8/2024 13:48,4/8/2024 14:05
Men +80kg Round of 16,TKW,Taekwondo,GRP,10/8/2024 11:24,10/8/2024 11:36
Men's Singles Group Play Stage - Grp P,BDM,Badminton,CPL,29/7/2024 21:10,29/7/2024 23:00
Women's Doubles Group Play Stage - Grp C,BDM,Badminton,CPL,29/7/2024 9:20,29/7/2024 10:00
Men's 400m Repechage Round,ATH,Athletics,STA,5/8/2024 11:20,5/8/2024 11:45
Men -66 kg Elimination Round of 32,JUD,Judo,CDM,28/7/2024 10:12,28/7/2024 10:18
Women's Singles First Round,TEN,Tennis,RGA,28/7/2024 12:00,28/7/2024 13:30
Women -78 kg Quarterfinals,JUD,Judo,CDM,1/8/2024 11:30,1/8/2024 11:36
Men's Singles Round of 64,TTE,Table Tennis,SP,27/7/2024 20:45,27/7/2024 21:30
Women's Group C,FBL,Football,NAN,31/7/2024 17:00,31/7/2024 18:45
Men's Round 3,SRF,Surfing,TAH,29/7/2024 23:12,29/7/2024 23:42
Women's Preliminary Round - Group B,WPO,Water Polo,AQC,29/7/2024 15:35,29/7/2024 17:00
Men's Finals,VBV,Beach Volleyball,EIF,10/8/2024 21:00,10/8/2024 21:50
Men's Singles Group Play Stage - Grp D,BDM,Badminton,CPL,28/7/2024 8:30,28/7/2024 9:10
Women's Individual Stroke Play,GLF,Golf,LGN,8/8/2024 9:00,8/8/2024 18:00
Women's Park Prelims,SKB,Skateboarding,LC,6/8/2024 12:30,6/8/2024 15:31
Men's Foil Individual Table of 8,FEN,Fencing,GRP,29/7/2024 16:20,29/7/2024 16:50
Men's Individual 1/32 Elimination Round,ARC,Archery,INV,31/7/2024 12:13,31/7/2024 12:26
Women -67kg Round of 16,TKW,Taekwondo,GRP,9/8/2024 12:00,9/8/2024 12:13
Men's 100m Breaststroke Semifinals,SWM,Swimming,DEF,27/7/2024 21:12,27/7/2024 22:26
Men's Sabre Individual Table of 32,FEN,Fencing,GRP,27/7/2024 12:55,27/7/2024 13:20
Men's Kayak Cross Final,CSL,Canoe Slalom,VN,5/8/2024 16:48,5/8/2024 16:52
Women -63 kg Elimination Round of 32,JUD,Judo,CDM,30/7/2024 11:06,30/7/2024 11:12
Women's Singles Second Round,TEN,Tennis,RGA,29/7/2024 12:00,29/7/2024 13:30
Men's Doubles Second Round,TEN,Tennis,RGA,30/7/2024 17:00,30/7/2024 18:30
Men's Parallel Bars Final,GAR,Artistic Gymnastics,BCY,5/8/2024 11:45,5/8/2024 12:24
Men -81 kg Elimination Round of 16,JUD,Judo,CDM,30/7/2024 11:42,30/7/2024 11:48
Men's Individual Quarterfinals,ARC,Archery,INV,4/8/2024 13:00,4/8/2024 13:13
Men's 63.5kg - Prelims - Round of 16,BOX,Boxing,NPA,29/7/2024 16:18,29/7/2024 16:29
Women's Windsurfing Opening Series,SAL,Sailing,MAM,1/8/2024 17:38,1/8/2024 17:59
WFS 62kg Repechage,WRE,Wrestling,CDM,10/8/2024 11:00,10/8/2024 11:07
Women's Park Final,SKB,Skateboarding,LC,6/8/2024 17:30,6/8/2024 18:14
MFS 74kg 1/8 Finals,WRE,Wrestling,CDM,9/8/2024 11:21,9/8/2024 11:28
"Men, Semifinals",BMX,Cycling BMX Racing,VE2,2/8/2024 20:30,2/8/2024 20:40
Women's Boulder & Lead Semifinals,CLB,Sport Climbing,LBO,8/8/2024 10:00,8/8/2024 12:05
Men's Single Sculls Quarterfinals,ROW,Rowing,VN,30/7/2024 10:10,30/7/2024 10:47
Skeet Mixed Team Training,SHO,Shooting,CTX,4/8/2024 9:00,4/8/2024 10:00
LWT Men's Double Sculls Repechages,ROW,Rowing,VN,29/7/2024 10:40,29/7/2024 10:57
Men's Skiff Opening Series,SAL,Sailing,MAM,30/7/2024 16:19,30/7/2024 16:54
Women's 66kg - Quarterfinals,BOX,Boxing,NPA,3/8/2024 17:22,3/8/2024 17:33
Women's Individual 1/32 Elimination Rnd,ARC,Archery,INV,1/8/2024 18:45,1/8/2024 18:58
Mixed Doubles Group Play Stage - Grp C,BDM,Badminton,CPL,29/7/2024 20:20,29/7/2024 21:00
Women -78 kg Elimination Round of 32,JUD,Judo,CDM,1/8/2024 10:30,1/8/2024 10:36
MGR 97kg 1/4 Finals,WRE,Wrestling,CDM,6/8/2024 12:17,6/8/2024 12:24
Women's Pool B,HOC,Hockey,YDM,1/8/2024 20:15,1/8/2024 21:45
Men's 71kg - Prelims - Round of 16,BOX,Boxing,NPA,31/7/2024 11:32,31/7/2024 11:43
WFS 53kg 1/8 Finals,WRE,Wrestling,CDM,7/8/2024 11:49,7/8/2024 11:56
Women -63 kg Semifinals,JUD,Judo,CDM,30/7/2024 16:36,30/7/2024 16:42
Men's Singles Round of 64,TTE,Table Tennis,SP,28/7/2024 13:00,28/7/2024 14:00
Men's Individual 1/32 Elimination Round,ARC,Archery,INV,1/8/2024 19:24,1/8/2024 19:37
Men's Group Phase - Group C,BKB,Basketball,LIL,31/7/2024 17:15,31/7/2024 19:00
Women -52 kg Contests for Bronze Medals,JUD,Judo,CDM,28/7/2024 17:06,28/7/2024 17:12
Men's Single Sculls Finals,ROW,Rowing,VN,3/8/2024 9:42,3/8/2024 9:49
Women's Finals,BKB,Basketball,BCY,11/8/2024 15:30,11/8/2024 17:15
Men's Finals,RU7,Rugby Sevens,STA,27/7/2024 18:30,27/7/2024 18:46
Women's Preliminary Round - Group B,WPO,Water Polo,AQC,27/7/2024 18:30,27/7/2024 19:55
Women's 66kg - Prelims - Round of 16,BOX,Boxing,NPA,1/8/2024 20:32,1/8/2024 20:43
Men's Pool A,HOC,Hockey,YDM,27/7/2024 12:45,27/7/2024 14:15
Men -100 kg Semifinals,JUD,Judo,CDM,1/8/2024 16:18,1/8/2024 16:24
Men +100 kg Elimination Round of 16,JUD,Judo,CDM,2/8/2024 10:54,2/8/2024 11:00
MFS 97kg Repechage,WRE,Wrestling,CDM,11/8/2024 11:20,11/8/2024 11:30
Mixed Doubles Semifinals,BDM,Badminton,CPL,1/8/2024 20:30,1/8/2024 22:00
Men's Single Sculls Repechages,ROW,Rowing,VN,28/7/2024 9:36,28/7/2024 10:07
Men -68kg Bronze Medal Contests,TKW,Taekwondo,GRP,8/8/2024 20:49,8/8/2024 21:04
Women's Singles Group Play Stage - Grp H,BDM,Badminton,CPL,27/7/2024 14:50,27/7/2024 15:30
WFS 50kg 1/8 Finals,WRE,Wrestling,CDM,6/8/2024 11:14,6/8/2024 11:21
Men's 400m Round 1,ATH,Athletics,STA,4/8/2024 19:05,4/8/2024 19:41
Women -52 kg Elimination Round of 32,JUD,Judo,CDM,28/7/2024 10:54,28/7/2024 11:00
Women's 60kg - Prelims - Round of 16,BOX,Boxing,NPA,29/7/2024 11:32,29/7/2024 11:43
Women's Pool A,HOC,Hockey,YDM,29/7/2024 10:30,29/7/2024 12:00
MFS 57kg 1/8 Finals,WRE,Wrestling,CDM,8/8/2024 11:14,8/8/2024 11:21
Men -58kg Qualification Contest,TKW,Taekwondo,GRP,7/8/2024 9:00,7/8/2024 9:09
B-Girls Round Robin - Group B,BKG,Breaking,LC,9/8/2024 17:45,9/8/2024 17:51
Women's Team Quarterfinals,TTE,Table Tennis,SP,7/8/2024 15:00,7/8/2024 18:00
WFS 68kg Bronze Medal Matches,WRE,Wrestling,CDM,6/8/2024 19:46,6/8/2024 19:53
Women's Individual 1/32 Elimination Rnd,ARC,Archery,INV,30/7/2024 13:57,30/7/2024 14:10
Women's Individual Time Trial,CRD,Cycling Road,ALX,27/7/2024 14:30,27/7/2024 15:59
Women's Finals,FBL,Football,PDP,10/8/2024 17:00,10/8/2024 18:45
Women's Singles First Round,TEN,Tennis,RGA,27/7/2024 12:00,27/7/2024 13:30
Men's Team Round of 16,TTE,Table Tennis,SP,5/8/2024 20:00,5/8/2024 23:00
"Women's Keirin, First Round",CTR,Cycling Track,VE1,7/8/2024 13:26,7/8/2024 13:52
Women -70 kg Elimination Round of 16,JUD,Judo,CDM,31/7/2024 11:06,31/7/2024 11:12
Women's Singles Round of 32,TTE,Table Tennis,SP,31/7/2024 10:00,31/7/2024 11:00
B-Girls Pre-Qualifier,BKG,Breaking,LC,9/8/2024 16:00,9/8/2024 16:07
Women's Sabre Individual Table of 16,FEN,Fencing,GRP,29/7/2024 14:05,29/7/2024 14:30
Women -52 kg Repechage,JUD,Judo,CDM,28/7/2024 16:24,28/7/2024 16:30
Men -81 kg Elimination Round of 32,JUD,Judo,CDM,30/7/2024 11:06,30/7/2024 11:12
Mixed Team Elimination Round of 16,JUD,Judo,CDM,3/8/2024 10:48,3/8/2024 10:48
Men -81 kg Elimination Round of 16,JUD,Judo,CDM,30/7/2024 12:24,30/7/2024 12:30
Women's Singles Second Round,TEN,Tennis,RGA,29/7/2024 12:00,29/7/2024 13:30
Women's Foil Individual Table of 32,FEN,Fencing,GRP,28/7/2024 11:25,28/7/2024 11:55
Men -100 kg Elimination Round of 16,JUD,Judo,CDM,1/8/2024 11:00,1/8/2024 11:06
Women's Singles Round of 64,TTE,Table Tennis,SP,28/7/2024 21:00,28/7/2024 22:00
B-Girls Round Robin - Group A,BKG,Breaking,LC,9/8/2024 17:39,9/8/2024 17:45
MGR 130kg 1/4 Finals,WRE,Wrestling,CDM,5/8/2024 16:17,5/8/2024 16:24
MGR 130kg 1/4 Finals,WRE,Wrestling,CDM,5/8/2024 16:03,5/8/2024 16:10
"Women's Sprint, 1/8 Finals",CTR,Cycling Track,VE1,10/8/2024 17:00,10/8/2024 17:19
Women's Singles Round of 64,TTE,Table Tennis,SP,29/7/2024 11:00,29/7/2024 12:00
"Women's Keirin, Finals",CTR,Cycling Track,VE1,8/8/2024 19:01,8/8/2024 19:11
Men -100 kg Elimination Round of 16,JUD,Judo,CDM,1/8/2024 10:54,1/8/2024 11:00
Women's Doubles Semi-finals,TEN,Tennis,RGA,2/8/2024 12:00,2/8/2024 16:30
Men's Finals,BK3,3x3 Basketball,LC,5/8/2024 22:30,5/8/2024 22:55
Men's Street Prelims,SKB,Skateboarding,LC,29/7/2024 12:00,29/7/2024 15:50
Men's Quarterfinals,HBL,Handball,LIL,7/8/2024 21:30,7/8/2024 23:30
MGR 87kg 1/4 Finals,WRE,Wrestling,CDM,7/8/2024 12:17,7/8/2024 12:24
Men's +92kg - Prelims - Round of 16,BOX,Boxing,NPA,29/7/2024 17:06,29/7/2024 17:17
Women's Preliminary Round - Pool A,VVO,Volleyball,SP,4/8/2024 13:00,4/8/2024 15:15
Men's Doubles Second Round,TEN,Tennis,RGA,30/7/2024 13:30,30/7/2024 15:00
"Men, Quarterfinals",BMX,Cycling BMX Racing,VE2,1/8/2024 21:20,1/8/2024 21:35
Women +67kg Round of 16,TKW,Taekwondo,GRP,10/8/2024 9:09,10/8/2024 9:21
Men +100 kg Elimination Round of 16,JUD,Judo,CDM,2/8/2024 10:48,2/8/2024 10:54
Women +78 kg Elimination Round of 32,JUD,Judo,CDM,2/8/2024 10:24,2/8/2024 10:30
Men's 57kg - Prelims - Round of 16,BOX,Boxing,NPA,31/7/2024 15:46,31/7/2024 15:57
Women -78 kg Elimination Round of 32,JUD,Judo,CDM,1/8/2024 10:06,1/8/2024 10:12
Women's Individual 1/32 Elimination Rnd,ARC,Archery,INV,30/7/2024 13:44,30/7/2024 13:57
Men's 51kg - Prelims - Round of 16,BOX,Boxing,NPA,30/7/2024 20:00,30/7/2024 20:11
Women's Sabre Individual Table of 16,FEN,Fencing,GRP,29/7/2024 14:30,29/7/2024 14:55
Men's Singles Round of 64,TTE,Table Tennis,SP,27/7/2024 21:30,27/7/2024 22:15
LWT Men's Double Sculls Finals,ROW,Rowing,VN,2/8/2024 12:02,2/8/2024 12:09
Men -81 kg Elimination Round of 32,JUD,Judo,CDM,30/7/2024 10:42,30/7/2024 10:48
Women's Singles First Round,TEN,Tennis,RGA,28/7/2024 12:00,28/7/2024 18:00
Men's Individual 1/32 Elimination Round,ARC,Archery,INV,30/7/2024 14:49,30/7/2024 15:02
Women -48 kg Elimination Round of 32,JUD,Judo,CDM,27/7/2024 11:06,27/7/2024 11:12
Men's Skiff Opening Series,SAL,Sailing,MAM,28/7/2024 14:59,28/7/2024 15:34
Men's Foil Individual Finals,FEN,Fencing,GRP,29/7/2024 22:10,29/7/2024 22:40
Women's Preliminary Round Group B,HBL,Handball,SP,28/7/2024 9:00,28/7/2024 10:30
Men's Doubles Semifinals,BDM,Badminton,CPL,2/8/2024 12:00,2/8/2024 13:00
Women -70 kg Quarterfinals,JUD,Judo,CDM,31/7/2024 11:42,31/7/2024 11:48
Men -66 kg Elimination Round of 16,JUD,Judo,CDM,28/7/2024 11:06,28/7/2024 11:12
Women's Sabre Team Classifications 5-8,FEN,Fencing,GRP,3/8/2024 14:30,3/8/2024 15:20
Men -68kg Qualification Contest,TKW,Taekwondo,GRP,8/8/2024 9:00,8/8/2024 9:09
Men's Round 1,SRF,Surfing,TAH,27/7/2024 19:36,27/7/2024 20:06
MGR 97kg Semifinals,WRE,Wrestling,CDM,6/8/2024 18:36,6/8/2024 18:43
Men's Singles Group Play Stage - Grp M,BDM,Badminton,CPL,28/7/2024 20:20,28/7/2024 21:00
Skeet Men's Qualification,SHO,Shooting,CTX,3/8/2024 9:00,3/8/2024 14:00
MGR 67kg 1/8 Finals,WRE,Wrestling,CDM,7/8/2024 11:35,7/8/2024 11:42
10m Air Rifle Men's Qualification,SHO,Shooting,CTX,28/7/2024 11:15,28/7/2024 12:30
Women's Windsurfing Final,SAL,Sailing,MAM,3/8/2024 13:33,3/8/2024 13:38
Men -100 kg Contests for Bronze Medals,JUD,Judo,CDM,1/8/2024 16:54,1/8/2024 17:00
Women's Singles Round of 64,TTE,Table Tennis,SP,29/7/2024 12:00,29/7/2024 13:00
Women's Épée Individual Table of 16,FEN,Fencing,GRP,27/7/2024 14:35,27/7/2024 15:00
Men -80kg Quarterfinals,TKW,Taekwondo,GRP,9/8/2024 15:32,9/8/2024 15:45
Men's 4 x 100m Freestyle Relay Final,SWM,Swimming,DEF,27/7/2024 21:44,27/7/2024 21:54
Women's Singles First Round,TEN,Tennis,RGA,27/7/2024 12:00,27/7/2024 13:30
Men -60 kg Elimination Round of 32,JUD,Judo,CDM,27/7/2024 10:18,27/7/2024 10:24
Women's 50kg - Prelims - Round of 16,BOX,Boxing,NPA,1/8/2024 11:16,1/8/2024 11:27
Men's Group A,FBL,Football,NIC,24/7/2024 17:00,24/7/2024 18:45
Women -57 kg Elimination Round of 32,JUD,Judo,CDM,29/7/2024 10:06,29/7/2024 10:12
Men -60 kg Quarterfinals,JUD,Judo,CDM,27/7/2024 11:42,27/7/2024 11:48
Women's Round 2,SRF,Surfing,TAH,28/7/2024 22:36,28/7/2024 23:06
Women's Canoe Single 200m Heats,CSP,Canoe Sprint,VN,8/8/2024 10:30,8/8/2024 11:17
Men's Sabre Team Table of 8,FEN,Fencing,GRP,31/7/2024 13:30,31/7/2024 14:20
Women's Dinghy Opening Series,SAL,Sailing,MAM,4/8/2024 15:45,4/8/2024 16:36
Mixed Dinghy Opening Series,SAL,Sailing,MAM,2/8/2024 13:50,2/8/2024 14:40
Men -90 kg Elimination Round of 32,JUD,Judo,CDM,31/7/2024 10:00,31/7/2024 10:06
"Women's Sprint, 1/16 Finals Repechages",CTR,Cycling Track,VE1,9/8/2024 19:58,9/8/2024 20:15
Women's 100m Semi-Final,ATH,Athletics,STA,3/8/2024 19:50,3/8/2024 20:07
MFS 74kg 1/8 Finals,WRE,Wrestling,CDM,9/8/2024 11:42,9/8/2024 11:49
Mixed 4 x 100m Medley Relay Final,SWM,Swimming,DEF,3/8/2024 21:58,3/8/2024 22:08
Women's Pool Round,BK3,3x3 Basketball,LC,2/8/2024 21:00,2/8/2024 21:25
Women's Boulder & Lead Semifinals,CLB,Sport Climbing,LBO,6/8/2024 10:00,6/8/2024 12:17
Men's Preliminary Round Group A,HBL,Handball,SP,27/7/2024 19:00,27/7/2024 20:30
Men's Preliminary Round Group A,HBL,Handball,SP,4/8/2024 14:00,4/8/2024 15:30
Men's Kite Semifinals,SAL,Sailing,MAM,8/8/2024 14:06,8/8/2024 14:12
Women's Doubles Group Play Stage - Grp A,BDM,Badminton,CPL,28/7/2024 10:10,28/7/2024 10:50
Women's Singles Round of 64,TTE,Table Tennis,SP,27/7/2024 21:30,27/7/2024 22:15
Women's Kite Opening Series,SAL,Sailing,MAM,7/8/2024 16:00,7/8/2024 16:17
Men -100 kg Quarterfinals,JUD,Judo,CDM,1/8/2024 11:42,1/8/2024 11:48
Men's Quad. Sculls Finals,ROW,Rowing,VN,31/7/2024 12:26,31/7/2024 12:33
Men's +92kg - Prelims - Round of 16,BOX,Boxing,NPA,29/7/2024 17:22,29/7/2024 17:33
Women's Doubles Group Play Stage - Grp D,BDM,Badminton,CPL,29/7/2024 19:30,29/7/2024 20:10
Men's Single Sculls Finals,ROW,Rowing,VN,2/8/2024 9:54,2/8/2024 10:01
Women's Pool A,HOC,Hockey,YDM,3/8/2024 17:00,3/8/2024 18:30
Women's 60kg - Quarterfinals,BOX,Boxing,NPA,31/7/2024 13:08,31/7/2024 13:19
Women's Individual 1/32 Elimination Rnd,ARC,Archery,INV,1/8/2024 18:32,1/8/2024 18:45
Women's Individual 1/32 Elimination Rnd,ARC,Archery,INV,30/7/2024 19:29,30/7/2024 19:42
WFS 53kg 1/8 Finals,WRE,Wrestling,CDM,7/8/2024 11:14,7/8/2024 11:21
Women's Triple Jump Qualification,ATH,Athletics,STA,2/8/2024 18:15,2/8/2024 19:19
Men's Eight Heats,ROW,Rowing,VN,29/7/2024 11:40,29/7/2024 11:57
Men -60 kg Contests for Bronze Medals,JUD,Judo,CDM,27/7/2024 17:12,27/7/2024 17:18
Women's Singles First Round,TEN,Tennis,RGA,28/7/2024 12:00,28/7/2024 15:00
Men's Pool Round,BK3,3x3 Basketball,LC,1/8/2024 14:05,1/8/2024 14:30
Women -63 kg Elimination Round of 16,JUD,Judo,CDM,30/7/2024 11:36,30/7/2024 11:42
Women's Preliminary Round - Group B,WPO,Water Polo,AQC,2/8/2024 18:30,2/8/2024 19:55
"Men's Sprint, 1/32 Finals Repechages",CTR,Cycling Track,VE1,7/8/2024 15:30,7/8/2024 15:45
Men's Preliminary Round - Group B,WPO,Water Polo,AQC,28/7/2024 19:30,28/7/2024 20:55
WFS 68kg 1/4 Finals,WRE,Wrestling,CDM,5/8/2024 15:56,5/8/2024 16:03
Men's Singles Round of 64,TTE,Table Tennis,SP,28/7/2024 11:30,28/7/2024 12:15
Men's 80kg - Prelims - Round of 16,BOX,Boxing,NPA,30/7/2024 11:48,30/7/2024 11:59
"Women's Sprint, Quarterfinals",CTR,Cycling Track,VE1,10/8/2024 19:07,10/8/2024 19:21
Men's Épée Individual Table of 32,FEN,Fencing,GRP,28/7/2024 13:15,28/7/2024 13:40
Men's 200m Final,ATH,Athletics,STA,8/8/2024 20:30,8/8/2024 20:31
Men's 92kg - Prelims - Round of 16,BOX,Boxing,NPA,28/7/2024 16:34,28/7/2024 16:45
Men's Doubles Group Play Stage - Grp D,BDM,Badminton,CPL,28/7/2024 21:10,28/7/2024 23:00
Men's Semifinals,HBL,Handball,LIL,9/8/2024 16:30,9/8/2024 18:30
MFS 86kg 1/8 Finals,WRE,Wrestling,CDM,8/8/2024 11:42,8/8/2024 11:49
Women's Singles Second Round,TEN,Tennis,RGA,29/7/2024 12:00,29/7/2024 13:30
Men's Doubles Quarterfinals,BDM,Badminton,CPL,1/8/2024 14:10,1/8/2024 15:00
Men's 80kg - Prelims - Round of 32,BOX,Boxing,NPA,27/7/2024 17:38,27/7/2024 17:49
Men's Épée Team Table of 8,FEN,Fencing,GRP,2/8/2024 13:30,2/8/2024 14:20
Women's Sabre Individual Table of 16,FEN,Fencing,GRP,29/7/2024 14:05,29/7/2024 14:30
Women's Finals,VVO,Volleyball,SP,10/8/2024 17:15,10/8/2024 19:30
Women's Foil Team Finals,FEN,Fencing,GRP,1/8/2024 20:30,1/8/2024 21:40
WFS 57kg 1/4 Finals,WRE,Wrestling,CDM,8/8/2024 12:31,8/8/2024 12:38
Women -49kg Repechages,TKW,Taekwondo,GRP,7/8/2024 19:53,7/8/2024 20:06
Women's Sabre Team Table of 8,FEN,Fencing,GRP,3/8/2024 13:00,3/8/2024 13:50
MFS 125kg 1/8 Finals,WRE,Wrestling,CDM,9/8/2024 11:28,9/8/2024 11:35
Women's Épée Individual Table of 32,FEN,Fencing,GRP,27/7/2024 10:50,27/7/2024 11:15
Women's Semifinals,BKB,Basketball,BCY,9/8/2024 21:00,9/8/2024 22:45
Men -58kg Quarterfinals,TKW,Taekwondo,GRP,7/8/2024 15:58,7/8/2024 16:11
Men's 63.5kg - Prelims - Round of 32,BOX,Boxing,NPA,27/7/2024 21:52,27/7/2024 22:03
Men's Preliminary - Pool F - Matches,VBV,Beach Volleyball,EIF,30/7/2024 20:00,30/7/2024 20:50
Men's Team Semifinals,ARC,Archery,INV,29/7/2024 16:10,29/7/2024 16:33
10m Air Pistol Mixed Team Final,SHO,Shooting,CTX,30/7/2024 9:30,30/7/2024 9:50
Women -57 kg Elimination Round of 32,JUD,Judo,CDM,29/7/2024 11:00,29/7/2024 11:06
Mixed Team Elimination Round of 16,JUD,Judo,CDM,3/8/2024 10:48,3/8/2024 11:00
Women's Preliminary - Pool D - Matches,VBV,Beach Volleyball,EIF,29/7/2024 15:00,29/7/2024 15:50
Men's Sabre Individual Table of 16,FEN,Fencing,GRP,27/7/2024 15:25,27/7/2024 15:50
Men -90 kg Repechage,JUD,Judo,CDM,31/7/2024 16:24,31/7/2024 16:30
Women's Pool B,RU7,Rugby Sevens,STA,28/7/2024 19:00,28/7/2024 19:16
Women's Preliminary - Pool F - Matches,VBV,Beach Volleyball,EIF,31/7/2024 17:00,31/7/2024 17:50
Men's 100m Round 1,ATH,Athletics,STA,3/8/2024 11:55,3/8/2024 12:44
Men's Quarter-finals,FBL,Football,BOR,2/8/2024 21:00,2/8/2024 22:45
50m Rifle 3 Positions Men's Training,SHO,Shooting,CTX,30/7/2024 17:45,30/7/2024 19:15
Men's +92kg - Prelims - Round of 16,BOX,Boxing,NPA,29/7/2024 12:52,29/7/2024 13:03
Women's Pair Finals,ROW,Rowing,VN,2/8/2024 10:54,2/8/2024 11:01
Men -58kg Bronze Medal Contests,TKW,Taekwondo,GRP,7/8/2024 21:04,7/8/2024 21:19
WFS 68kg 1/8 Finals,WRE,Wrestling,CDM,5/8/2024 15:42,5/8/2024 15:49
Women's 50kg - Quarterfinals,BOX,Boxing,NPA,3/8/2024 16:34,3/8/2024 16:45
Women's 66kg - Quarterfinals,BOX,Boxing,NPA,3/8/2024 17:06,3/8/2024 17:17
Men's Canoe Single 1000m Heats,CSP,Canoe Sprint,VN,7/8/2024 11:40,7/8/2024 12:27
Men's Doubles Group Play Stage - Grp B,BDM,Badminton,CPL,27/7/2024 22:00,27/7/2024 23:00
Trap Men's Qualification,SHO,Shooting,CTX,29/7/2024 9:30,29/7/2024 14:00
Men -66 kg Elimination Round of 32,JUD,Judo,CDM,28/7/2024 10:18,28/7/2024 10:24
WFS 62kg 1/4 Finals,WRE,Wrestling,CDM,9/8/2024 12:17,9/8/2024 12:24
Women's Preliminary - Pool F - Matches,VBV,Beach Volleyball,EIF,31/7/2024 10:00,31/7/2024 10:50
Women's Preliminary Round - Group A,WPO,Water Polo,AQC,4/8/2024 18:30,4/8/2024 19:55
Men -66 kg Elimination Round of 16,JUD,Judo,CDM,28/7/2024 11:48,28/7/2024 11:54
Men's Pool Round,BK3,3x3 Basketball,LC,31/7/2024 19:05,31/7/2024 19:30
Men -90 kg Elimination Round of 16,JUD,Judo,CDM,31/7/2024 11:18,31/7/2024 11:24
Men's Team Quarterfinals,TTE,Table Tennis,SP,7/8/2024 15:00,7/8/2024 18:00
Men -66 kg Final,JUD,Judo,CDM,28/7/2024 17:00,28/7/2024 17:06
Men's Pool B,HOC,Hockey,YDM,27/7/2024 13:15,27/7/2024 14:45
Men's Preliminary - Pool B - Matches,VBV,Beach Volleyball,EIF,2/8/2024 20:00,2/8/2024 20:50
Women's Singles Group Play Stage - Grp K,BDM,Badminton,CPL,27/7/2024 19:30,27/7/2024 20:10
Women's Singles Preliminary Round,TTE,Table Tennis,SP,27/7/2024 15:00,27/7/2024 15:45
Women's 400m Hurdles Repechage Round,ATH,Athletics,STA,5/8/2024 10:50,5/8/2024 11:07
Men's Pool B,RU7,Rugby Sevens,STA,25/7/2024 14:30,25/7/2024 14:46
Men's Kite Opening Series,SAL,Sailing,MAM,7/8/2024 16:00,7/8/2024 16:17
MGR 67kg 1/8 Finals,WRE,Wrestling,CDM,7/8/2024 12:03,7/8/2024 12:10
Mixed Team Final,JUD,Judo,CDM,3/8/2024 17:24,3/8/2024 17:24
Women's Street Prelims,SKB,Skateboarding,LC,28/7/2024 12:00,28/7/2024 15:50
Women's Round of 16,VBV,Beach Volleyball,EIF,4/8/2024 9:00,4/8/2024 9:50
Men's 63.5kg - Prelims - Round of 16,BOX,Boxing,NPA,29/7/2024 16:34,29/7/2024 16:45
Women -67kg Semifinals,TKW,Taekwondo,GRP,9/8/2024 16:11,9/8/2024 16:24
Men's Individual 1/16 Elimination Round,ARC,Archery,INV,30/7/2024 18:37,30/7/2024 18:50
Women's Qualification,GAR,Artistic Gymnastics,BCY,28/7/2024 18:00,28/7/2024 19:39
Women's Foil Individual Table of 32,FEN,Fencing,GRP,28/7/2024 10:25,28/7/2024 10:55
Women's 200m Butterfly Final,SWM,Swimming,DEF,1/8/2024 20:30,1/8/2024 20:38
Men's +92kg - Semifinals,BOX,Boxing,RGA,7/8/2024 22:02,7/8/2024 22:13
Women's Preliminary - Pool C - Matches,VBV,Beach Volleyball,EIF,31/7/2024 11:00,31/7/2024 11:50
Men -58kg Repechages,TKW,Taekwondo,GRP,7/8/2024 19:40,7/8/2024 19:53
Mixed 4 x 100m Medley Relay - Heats,SWM,Swimming,DEF,2/8/2024 12:03,2/8/2024 12:15
Women -52 kg Elimination Round of 16,JUD,Judo,CDM,28/7/2024 11:30,28/7/2024 11:36
Men's Kite Semifinals,SAL,Sailing,MAM,8/8/2024 14:42,8/8/2024 14:48
Men's Individual 1/32 Elimination Round,ARC,Archery,INV,1/8/2024 10:48,1/8/2024 11:01
MGR 97kg Bronze Medal Matches,WRE,Wrestling,CDM,7/8/2024 19:18,7/8/2024 19:25
Mixed Doubles Group Play Stage - Grp A,BDM,Badminton,CPL,29/7/2024 10:10,29/7/2024 10:50
Men -68kg Round of 16,TKW,Taekwondo,GRP,8/8/2024 11:48,8/8/2024 12:00
Women's Team Quarterfinals,TTE,Table Tennis,SP,6/8/2024 20:00,6/8/2024 23:00
Men's 200m Freestyle - Heats,SWM,Swimming,DEF,28/7/2024 11:00,28/7/2024 11:14
Women's Pool A,HOC,Hockey,YDM,29/7/2024 19:45,29/7/2024 21:15
Men's Foil Individual Table of 32,FEN,Fencing,GRP,29/7/2024 12:05,29/7/2024 12:35
Men's Individual 1/32 Elimination Round,ARC,Archery,INV,30/7/2024 14:36,30/7/2024 14:49
WFS 68kg Semifinals,WRE,Wrestling,CDM,5/8/2024 21:28,5/8/2024 21:35
Men's Decathlon Shot Put,ATH,Athletics,STA,2/8/2024 12:15,2/8/2024 12:57
Men's Singles First Round,TEN,Tennis,RGA,28/7/2024 12:00,28/7/2024 19:30
Women -57 kg Elimination Round of 32,JUD,Judo,CDM,29/7/2024 10:42,29/7/2024 10:48
Women's Hammer Throw Qualification,ATH,Athletics,STA,4/8/2024 10:20,4/8/2024 11:16
Men's Finals,WPO,Water Polo,DEF,11/8/2024 14:00,11/8/2024 15:25
Men's Épée Individual Table of 64,FEN,Fencing,GRP,28/7/2024 10:00,28/7/2024 10:25
Men's Hammer Throw Qualification,ATH,Athletics,STA,2/8/2024 10:10,2/8/2024 11:06
Women's 60kg - Prelims - Round of 16,BOX,Boxing,NPA,29/7/2024 15:46,29/7/2024 15:57
Women's 57kg - Prelims - Round of 16,BOX,Boxing,NPA,2/8/2024 20:00,2/8/2024 20:11
Men's 51kg - Quarterfinals,BOX,Boxing,NPA,2/8/2024 16:50,2/8/2024 17:01
Men's Round of 16,VBV,Beach Volleyball,EIF,5/8/2024 22:00,5/8/2024 22:50
Men's Individual 1/16 Elimination Round,ARC,Archery,INV,30/7/2024 12:52,30/7/2024 13:05
B-Boys Round Robin - Group B,BKG,Breaking,LC,10/8/2024 17:56,10/8/2024 18:02
Men's Preliminary Round - Pool B,VVO,Volleyball,SP,31/7/2024 9:00,31/7/2024 11:15
Women's Finals,HOC,Hockey,YDM,9/8/2024 20:00,9/8/2024 22:10
B-Boys Round Robin - Group D,BKG,Breaking,LC,10/8/2024 16:41,10/8/2024 16:48
LWT Men's Double Sculls Finals,ROW,Rowing,VN,2/8/2024 11:06,2/8/2024 11:13
Women's Pool B,HOC,Hockey,YDM,3/8/2024 10:00,3/8/2024 11:30
Men's 92kg - Prelims - Round of 16,BOX,Boxing,NPA,28/7/2024 12:04,28/7/2024 12:15
LWT Men's Double Sculls Semifinals,ROW,Rowing,VN,31/7/2024 11:14,31/7/2024 11:21
Women's Singles Finals,TEN,Tennis,RGA,3/8/2024 12:00,3/8/2024 16:30
Men's Quarter-finals,HOC,Hockey,YDM,4/8/2024 10:00,4/8/2024 11:45
Women's Long Jump Qualification,ATH,Athletics,STA,6/8/2024 11:15,6/8/2024 12:23
Men's Individual Finals,ARC,Archery,INV,4/8/2024 14:46,4/8/2024 14:59
Men's Épée Individual Table of 16,FEN,Fencing,GRP,28/7/2024 15:30,28/7/2024 15:55
Women's Singles Third Round,TEN,Tennis,RGA,30/7/2024 12:00,30/7/2024 13:30
Men's 5000m Round 1,ATH,Athletics,STA,7/8/2024 11:10,7/8/2024 11:45
Men -73 kg Elimination Round of 32,JUD,Judo,CDM,29/7/2024 11:06,29/7/2024 11:12
Men's Single Sculls Heats,ROW,Rowing,VN,27/7/2024 9:00,27/7/2024 10:07
Men's 100m Breaststroke Semifinals,SWM,Swimming,DEF,27/7/2024 22:24,27/7/2024 22:26
Women's Dinghy Opening Series,SAL,Sailing,MAM,3/8/2024 14:21,3/8/2024 15:12
Men +80kg Gold Medal Contest,TKW,Taekwondo,GRP,10/8/2024 21:19,10/8/2024 21:34
WFS 57kg 1/8 Finals,WRE,Wrestling,CDM,8/8/2024 11:35,8/8/2024 11:42
Women -78 kg Semifinals,JUD,Judo,CDM,1/8/2024 16:36,1/8/2024 16:42
MFS 74kg Repechage,WRE,Wrestling,CDM,10/8/2024 11:00,10/8/2024 11:07
Men's Preliminary Round Group B,HBL,Handball,SP,2/8/2024 9:00,2/8/2024 10:30
Women's Semifinals,WPO,Water Polo,DEF,8/8/2024 19:35,8/8/2024 21:00
Mixed Team Semifinals,JUD,Judo,CDM,3/8/2024 14:00,3/8/2024 14:00
Women's Placing 9-12,RU7,Rugby Sevens,STA,29/7/2024 20:30,29/7/2024 20:46
Men's 50m Freestyle Semifinals,SWM,Swimming,DEF,1/8/2024 20:46,1/8/2024 20:59
Women's Skiff Opening Series,SAL,Sailing,MAM,31/7/2024 15:55,31/7/2024 16:30
Women's Épée Individual Table of 16,FEN,Fencing,GRP,27/7/2024 14:10,27/7/2024 14:35
Men's Singles Round of 32,TTE,Table Tennis,SP,29/7/2024 21:00,29/7/2024 22:00
Men's Four Finals,ROW,Rowing,VN,1/8/2024 11:06,1/8/2024 11:13
B-Boys Round Robin - Group C,BKG,Breaking,LC,10/8/2024 17:19,10/8/2024 17:25
Women's 1500m Freestyle - Heats,SWM,Swimming,DEF,30/7/2024 11:51,30/7/2024 12:47
Men's 71kg - Quarterfinals,BOX,Boxing,NPA,3/8/2024 20:48,3/8/2024 20:59
Men +100 kg Semifinals,JUD,Judo,CDM,2/8/2024 16:42,2/8/2024 16:48
Women's Round 2,SRF,Surfing,TAH,28/7/2024 23:12,28/7/2024 23:42
Men -60 kg Elimination Round of 32,JUD,Judo,CDM,27/7/2024 10:42,27/7/2024 10:48
Men -73 kg Elimination Round of 16,JUD,Judo,CDM,29/7/2024 11:36,29/7/2024 11:42
Men's Preliminary Round - Group B,WPO,Water Polo,AQC,3/8/2024 15:00,3/8/2024 16:25
MGR 77kg 1/8 Finals,WRE,Wrestling,CDM,6/8/2024 11:28,6/8/2024 11:35
Men's Pool B,RU7,Rugby Sevens,STA,25/7/2024 14:00,25/7/2024 14:16
Men's Individual 1/16 Elimination Round,ARC,Archery,INV,1/8/2024 10:22,1/8/2024 10:35
Men's Windsurfing Opening Series,SAL,Sailing,MAM,30/7/2024 12:13,30/7/2024 12:34
Men's Épée Individual Table of 32,FEN,Fencing,GRP,28/7/2024 12:25,28/7/2024 12:50
Women's Quarterfinals,VBV,Beach Volleyball,EIF,6/8/2024 21:00,6/8/2024 21:50
Men's Singles Second Round,TEN,Tennis,RGA,29/7/2024 19:00,29/7/2024 20:30
MGR 97kg Bronze Medal Matches,WRE,Wrestling,CDM,7/8/2024 19:25,7/8/2024 19:32
Mixed Doubles Round of 16,TTE,Table Tennis,SP,27/7/2024 16:30,27/7/2024 17:15
MGR 67kg 1/8 Finals,WRE,Wrestling,CDM,7/8/2024 11:21,7/8/2024 11:28
Men's Doubles First Round,TEN,Tennis,RGA,29/7/2024 12:00,29/7/2024 18:00
Women's Singles Round of 16,BDM,Badminton,CPL,1/8/2024 18:30,1/8/2024 19:20
Men's Singles First Round,TEN,Tennis,RGA,28/7/2024 12:00,28/7/2024 15:00
Men -66 kg Elimination Round of 32,JUD,Judo,CDM,28/7/2024 10:30,28/7/2024 10:36
Men's Finals,FBL,Football,NAN,8/8/2024 17:00,8/8/2024 18:45
Women +78 kg Elimination Round of 16,JUD,Judo,CDM,2/8/2024 11:30,2/8/2024 11:36
MGR 67kg Final,WRE,Wrestling,CDM,8/8/2024 19:11,8/8/2024 19:18
Women's Round 1,SRF,Surfing,TAH,28/7/2024 1:36,28/7/2024 2:06
Women's Singles Finals,BDM,Badminton,CPL,5/8/2024 10:55,5/8/2024 12:30
Men's Doubles First Round,TEN,Tennis,RGA,28/7/2024 12:00,28/7/2024 19:30
Women's Group B,FBL,Football,MRS,31/7/2024 19:00,31/7/2024 20:45
Men's 400m Individual Medley Final,SWM,Swimming,DEF,28/7/2024 20:30,28/7/2024 20:40
Women's 400m Semi-Final,ATH,Athletics,STA,7/8/2024 20:45,7/8/2024 21:02
Women's Foil Individual Table of 32,FEN,Fencing,GRP,28/7/2024 11:55,28/7/2024 12:25
MFS 65kg 1/8 Finals,WRE,Wrestling,CDM,10/8/2024 11:14,10/8/2024 11:21
Women's Quarterfinals,WPO,Water Polo,DEF,6/8/2024 15:35,6/8/2024 17:00
WFS 53kg 1/8 Finals,WRE,Wrestling,CDM,7/8/2024 11:21,7/8/2024 11:28
Women's Doubles First Round,TEN,Tennis,RGA,29/7/2024 12:00,29/7/2024 13:30
Men -90 kg Contests for Bronze Medals,JUD,Judo,CDM,31/7/2024 17:12,31/7/2024 17:18
WFS 50kg 1/8 Finals,WRE,Wrestling,CDM,6/8/2024 11:49,6/8/2024 11:56
MGR 130kg 1/8 Finals,WRE,Wrestling,CDM,5/8/2024 15:07,5/8/2024 15:14
Men's 57kg - Quarterfinals,BOX,Boxing,NPA,3/8/2024 20:16,3/8/2024 20:27
Men's Team Quarterfinals,TTE,Table Tennis,SP,6/8/2024 20:00,6/8/2024 23:00
Women's Heptathlon 800m,ATH,Athletics,STA,9/8/2024 20:25,9/8/2024 20:48
Men's Individual 1/16 Elimination Round,ARC,Archery,INV,31/7/2024 15:28,31/7/2024 15:41
Women's Group C,FBL,Football,PDP,28/7/2024 17:00,28/7/2024 18:45
Men's Foil Individual Table of 16,FEN,Fencing,GRP,29/7/2024 15:25,29/7/2024 15:55
Women's Individual 1/16 Elimination Rnd,ARC,Archery,INV,31/7/2024 18:50,31/7/2024 19:03
MFS 86kg 1/8 Finals,WRE,Wrestling,CDM,8/8/2024 11:49,8/8/2024 11:56
Women's Singles Second Round,TEN,Tennis,RGA,29/7/2024 12:00,29/7/2024 13:30
Women -57kg Quarterfinals,TKW,Taekwondo,GRP,8/8/2024 14:30,8/8/2024 14:40
Men's Group Phase - Group B,BKB,Basketball,LIL,27/7/2024 17:15,27/7/2024 19:00
Men -90 kg Quarterfinals,JUD,Judo,CDM,31/7/2024 12:12,31/7/2024 12:18
Men's Quarterfinals,BKB,Basketball,BCY,6/8/2024 14:30,6/8/2024 16:15
Men's Four Finals,ROW,Rowing,VN,1/8/2024 12:10,1/8/2024 12:17
Men's 71kg - Prelims - Round of 16,BOX,Boxing,NPA,31/7/2024 16:34,31/7/2024 16:45
Men's Doubles Group Play Stage - Grp A,BDM,Badminton,CPL,28/7/2024 10:10,28/7/2024 10:50
Dressage Team Grand Prix,EQU,Equestrian,VER,31/7/2024 10:00,31/7/2024 15:30
MFS 65kg 1/8 Finals,WRE,Wrestling,CDM,10/8/2024 11:56,10/8/2024 12:03
Men's 92kg - Semifinals,BOX,Boxing,NPA,4/8/2024 13:08,4/8/2024 13:19
Men's +92kg - Prelims - Round of 16,BOX,Boxing,NPA,29/7/2024 16:50,29/7/2024 17:01
Men's Preliminary - Pool B - Matches,VBV,Beach Volleyball,EIF,2/8/2024 10:00,2/8/2024 10:50
Men's Sabre Team Finals,FEN,Fencing,GRP,31/7/2024 16:40,31/7/2024 17:30
Men's Pommel Horse Final,GAR,Artistic Gymnastics,BCY,3/8/2024 17:16,3/8/2024 17:52
WFS 62kg 1/8 Finals,WRE,Wrestling,CDM,9/8/2024 11:28,9/8/2024 11:35
Women's Pool Round,BK3,3x3 Basketball,LC,2/8/2024 9:30,2/8/2024 9:55
"Men, Final",BMX,Cycling BMX Racing,VE2,2/8/2024 21:35,2/8/2024 21:45
Women's Pool Round,BK3,3x3 Basketball,LC,3/8/2024 19:05,3/8/2024 19:30
Men +80kg Quarterfinals,TKW,Taekwondo,GRP,10/8/2024 14:40,10/8/2024 14:53
Women -48 kg Elimination Round of 16,JUD,Judo,CDM,27/7/2024 12:06,27/7/2024 12:12
WFS 76kg Semifinals,WRE,Wrestling,CDM,10/8/2024 18:55,10/8/2024 19:05
Men's 92kg - Prelims - Round of 16,BOX,Boxing,NPA,28/7/2024 20:32,28/7/2024 20:43
Men's Pool A,HOC,Hockey,YDM,1/8/2024 12:45,1/8/2024 14:15
Men's 200m Repechage Round,ATH,Athletics,STA,6/8/2024 12:30,6/8/2024 12:55
Women's Preliminary Round - Pool B,VVO,Volleyball,SP,31/7/2024 21:00,31/7/2024 23:15
Men's Preliminary Round - Group A,WPO,Water Polo,AQC,1/8/2024 19:30,1/8/2024 20:55
Women's Singles Second Round,TEN,Tennis,RGA,29/7/2024 12:00,29/7/2024 13:30
Men's 80kg - Quarterfinals,BOX,Boxing,NPA,2/8/2024 17:06,2/8/2024 17:17
Mixed Doubles Group Play Stage - Grp A,BDM,Badminton,CPL,28/7/2024 14:00,28/7/2024 14:40
Men's Doubles Semi-finals,TEN,Tennis,RGA,2/8/2024 12:00,2/8/2024 15:00
Men's Doubles Second Round,TEN,Tennis,RGA,30/7/2024 13:30,30/7/2024 16:30
Women -63 kg Elimination Round of 32,JUD,Judo,CDM,30/7/2024 10:12,30/7/2024 10:18
Women's Doubles First Round,TEN,Tennis,RGA,30/7/2024 13:00,30/7/2024 17:30
Women's Singles First Round,TEN,Tennis,RGA,28/7/2024 12:00,28/7/2024 18:00
Women's 100m Final,ATH,Athletics,STA,3/8/2024 21:20,3/8/2024 21:21
Men's 1500m Freestyle - Heats,SWM,Swimming,DEF,3/8/2024 11:30,3/8/2024 12:39
Women's Round 1,SRF,Surfing,TAH,28/7/2024 1:00,28/7/2024 1:30
,CER,Closing Ceremony,,11/8/2024 21:00,
Men's 800m Final,ATH,Athletics,STA,10/8/2024 19:15,10/8/2024 19:17
Women's 100m Breaststroke - Heats,SWM,Swimming,DEF,28/7/2024 11:27,28/7/2024 11:42
Women's Individual 1/8 Elimination Round,ARC,Archery,INV,3/8/2024 9:56,3/8/2024 10:09
Men's Preliminary - Pool E - Matches,VBV,Beach Volleyball,EIF,2/8/2024 21:00,2/8/2024 21:50
Women's Single Sculls Semifinals,ROW,Rowing,VN,1/8/2024 9:30,1/8/2024 9:37
Women's Singles Quarterfinals,BDM,Badminton,CPL,3/8/2024 12:00,3/8/2024 13:00
Women's Doubles Group Play Stage - Grp C,BDM,Badminton,CPL,27/7/2024 20:20,27/7/2024 21:00
Men's Singles Round of 32,TTE,Table Tennis,SP,29/7/2024 22:00,29/7/2024 23:00
Women's Singles Round of 64,TTE,Table Tennis,SP,28/7/2024 22:00,28/7/2024 23:00
Women's Single Sculls Finals,ROW,Rowing,VN,2/8/2024 10:30,2/8/2024 10:37
Men's Foil Individual Table of 16,FEN,Fencing,GRP,29/7/2024 15:25,29/7/2024 15:55
Men's Pool B,HOC,Hockey,YDM,1/8/2024 10:30,1/8/2024 12:00
Women's Preliminary Round - Group A,WPO,Water Polo,AQC,31/7/2024 15:35,31/7/2024 17:00
Women's Team Round of 16,TTE,Table Tennis,SP,6/8/2024 10:00,6/8/2024 13:00
Men's Singles Group Play Stage - Grp P,BDM,Badminton,CPL,31/7/2024 9:20,31/7/2024 10:00
"Men's Team Pursuit, Finals",CTR,Cycling Track,VE1,7/8/2024 18:04,7/8/2024 18:13
Women -49kg Bronze Medal Contests,TKW,Taekwondo,GRP,7/8/2024 20:49,7/8/2024 21:04
Women's Individual Final,MPN,Modern Pentathlon,VER,11/8/2024 11:40,11/8/2024 12:00
"Women, Quarterfinals",BMX,Cycling BMX Racing,VE2,1/8/2024 20:20,1/8/2024 20:35
Women's Semifinals,VVO,Volleyball,SP,8/8/2024 16:00,8/8/2024 18:15
Men's Decathlon 1500m,ATH,Athletics,STA,3/8/2024 21:45,3/8/2024 21:50
Women's 800m Freestyle Final,SWM,Swimming,DEF,3/8/2024 21:28,3/8/2024 21:43
Women -57kg Round of 16,TKW,Taekwondo,GRP,8/8/2024 10:47,8/8/2024 10:59
"Men's Team Sprint, Finals",CTR,Cycling Track,VE1,6/8/2024 20:05,6/8/2024 20:09
MGR 97kg Repechage,WRE,Wrestling,CDM,7/8/2024 11:00,7/8/2024 11:07
4 x 400m Relay Mixed Final,ATH,Athletics,STA,3/8/2024 20:55,3/8/2024 20:59
Women's Pool Round,BK3,3x3 Basketball,LC,1/8/2024 18:30,1/8/2024 18:55
Women's Single Sculls Finals,ROW,Rowing,VN,3/8/2024 9:54,3/8/2024 10:01
Skeet Mixed Team Qualification,SHO,Shooting,CTX,5/8/2024 9:00,5/8/2024 13:30
MGR 87kg Semifinals,WRE,Wrestling,CDM,7/8/2024 18:36,7/8/2024 18:43
Women -63 kg Elimination Round of 32,JUD,Judo,CDM,30/7/2024 10:00,30/7/2024 10:06
Women's Round 3,SRF,Surfing,TAH,1/8/2024 20:48,1/8/2024 21:18
Men's 51kg - Quarterfinals,BOX,Boxing,NPA,2/8/2024 21:04,2/8/2024 21:15
MGR 77kg Bronze Medal Matches,WRE,Wrestling,CDM,7/8/2024 18:57,7/8/2024 19:04
Mixed Doubles Group Play Stage - Grp D,BDM,Badminton,CPL,28/7/2024 11:00,28/7/2024 12:00
Men's Kayak Single Heats 1st and 2nd Run,CSL,Canoe Slalom,VN,30/7/2024 15:50,30/7/2024 16:30
Men's Group Phase - Group B,BKB,Basketball,LIL,30/7/2024 21:00,30/7/2024 22:45
Women's 54kg - Prelims - Round of 16,BOX,Boxing,NPA,30/7/2024 12:20,30/7/2024 12:31
Eventing Individual Cross Country,EQU,Equestrian,VER,28/7/2024 10:30,28/7/2024 15:30
Men's Windsurfing Opening Series,SAL,Sailing,MAM,30/7/2024 13:46,30/7/2024 14:07
"Women, Quarterfinals",BMX,Cycling BMX Racing,VE2,1/8/2024 21:40,1/8/2024 21:55
Men's Épée Team Finals,FEN,Fencing,GRP,2/8/2024 19:30,2/8/2024 20:20
Men's 92kg - Quarterfinals,BOX,Boxing,NPA,1/8/2024 13:08,1/8/2024 13:19
Women's 54kg - Prelims - Round of 16,BOX,Boxing,NPA,30/7/2024 21:36,30/7/2024 21:47
Women's Double Sculls Semifinals,ROW,Rowing,VN,30/7/2024 11:00,30/7/2024 11:07
Men's Singles Group Play Stage - Grp H,BDM,Badminton,CPL,30/7/2024 10:10,30/7/2024 10:50
Women's Pool A,HOC,Hockey,YDM,28/7/2024 10:30,28/7/2024 12:00
Men's Individual 1/16 Elimination Round,ARC,Archery,INV,31/7/2024 18:37,31/7/2024 18:50
WFS 68kg 1/8 Finals,WRE,Wrestling,CDM,5/8/2024 15:35,5/8/2024 15:42
Women's Round 1,SRF,Surfing,TAH,28/7/2024 2:48,28/7/2024 3:18
Men's Singles Group Play Stage - Grp J,BDM,Badminton,CPL,30/7/2024 14:50,30/7/2024 15:30
Women's Preliminary - Pool E - Matches,VBV,Beach Volleyball,EIF,2/8/2024 9:00,2/8/2024 9:50
Men's Pool A,HOC,Hockey,YDM,28/7/2024 17:00,28/7/2024 18:30
Women's Singles First Round,TEN,Tennis,RGA,28/7/2024 12:00,28/7/2024 18:00
Women's Group B,FBL,Football,MRS,28/7/2024 21:00,28/7/2024 22:45
Men's Kite Opening Series,SAL,Sailing,MAM,7/8/2024 16:00,7/8/2024 16:17
50m Rifle 3 Positions Women's Final,SHO,Shooting,CTX,2/8/2024 9:30,2/8/2024 10:30
Men's 4 x 100m Medley Relay Final,SWM,Swimming,DEF,4/8/2024 19:10,4/8/2024 19:20
Women's 3m Springboard Final,DIV,Diving,AQC,9/8/2024 15:00,9/8/2024 16:06
MGR 87kg Final,WRE,Wrestling,CDM,8/8/2024 19:32,8/8/2024 19:39
Men's 20km Race Walk Final,ATH,Athletics,TRO,1/8/2024 8:00,1/8/2024 9:35
B-Girls Round Robin - Group C,BKG,Breaking,LC,9/8/2024 16:25,9/8/2024 16:31
Women's Single Sculls Semifinals,ROW,Rowing,VN,29/7/2024 10:06,29/7/2024 10:13
Women's Sabre Individual Semifinals,FEN,Fencing,GRP,29/7/2024 19:25,29/7/2024 19:50
Women's Individual 1/32 Elimination Rnd,ARC,Archery,INV,31/7/2024 15:15,31/7/2024 15:28
Women +67kg Round of 16,TKW,Taekwondo,GRP,10/8/2024 11:11,10/8/2024 11:24
Men's Épée Team Classifications 5-8,FEN,Fencing,GRP,2/8/2024 15:00,2/8/2024 15:50
Women's Quarterfinals,HBL,Handball,LIL,6/8/2024 17:30,6/8/2024 19:00
Men's 71kg - Prelims - Round of 16,BOX,Boxing,NPA,31/7/2024 20:48,31/7/2024 20:59
Women's Individual Semi-finals,MPN,Modern Pentathlon,VER,10/8/2024 15:13,10/8/2024 15:33
Men's Singles First Round,TEN,Tennis,RGA,28/7/2024 12:00,28/7/2024 15:00
Men's Preliminary - Pool F - Matches,VBV,Beach Volleyball,EIF,2/8/2024 16:00,2/8/2024 16:50
Mixed Team Semifinals,ARC,Archery,INV,2/8/2024 15:50,2/8/2024 16:09
Men's Eight Repechages,ROW,Rowing,VN,1/8/2024 10:20,1/8/2024 10:27
"Men, Semifinals",BMX,Cycling BMX Racing,VE2,2/8/2024 21:00,2/8/2024 21:10
Men's Preliminary Round - Group A,WPO,Water Polo,AQC,1/8/2024 16:35,1/8/2024 18:00
Women's Singles Group Play Stage - Grp D,BDM,Badminton,CPL,29/7/2024 14:50,29/7/2024 15:30
Women's Doubles Group Play Stage - Grp D,BDM,Badminton,CPL,30/7/2024 21:10,30/7/2024 22:10
WFS 62kg 1/8 Finals,WRE,Wrestling,CDM,9/8/2024 11:21,9/8/2024 11:28
